timeStamp,elapsed,label,responseCode,responseMessage,threadName,dataType,success,failureMessage,bytes,sentBytes,grpThreads,allThreads,URL,Latency,IdleTime,Connect
1781508225446,1019,Ingreso Usuario,200,OK,Ingreso-usuarios-muebles 1-1,text,true,,538,408,1,1,https://compumuebles-sabana-api.cyk.com.co/api/auth/login,1015,0,736
1781508226493,124,Seleccionar item - Sofa,200,OK,Ingreso-usuarios-muebles 1-1,text,true,,623,532,1,1,https://compumuebles-sabana-api.cyk.com.co/api/cart/items,124,0,0
1781508226620,116,Seleccionar item - Mesa,200,OK,Ingreso-usuarios-muebles 1-1,text,true,,756,530,1,1,https://compumuebles-sabana-api.cyk.com.co/api/cart/items,116,0,0
1781508226737,100,Seleccionar item - Neo,200,OK,Ingreso-usuarios-muebles 1-1,text,true,,883,524,1,1,https://compumuebles-sabana-api.cyk.com.co/api/cart/items,100,0,0
1781508226838,96,Seleccionar item - Escritorio,200,OK,Ingreso-usuarios-muebles 1-1,text,true,,1016,529,1,1,https://compumuebles-sabana-api.cyk.com.co/api/cart/items,96,0,0
1781508226934,143,Crear orden,201,Created,Ingreso-usuarios-muebles 1-1,text,true,,776,532,1,1,https://compumuebles-sabana-api.cyk.com.co/api/orders,143,0,0
1781508227078,221,Autorizar pago,200,OK,Ingreso-usuarios-muebles 1-1,text,true,,1488,1223,1,1,https://compumuebles-sabana-api.cyk.com.co/api/payments/authorize,221,0,0
1781508227300,98,Vaciar carrito,200,OK,Ingreso-usuarios-muebles 1-1,text,true,,482,377,1,1,https://compumuebles-sabana-api.cyk.com.co/api/cart/b2296a29-4636-42c7-bba9-6417c950f445/items,98,0,0
1781508227399,294,Consultar ordenes,200,OK,Ingreso-usuarios-muebles 1-1,text,true,,64948,314,1,1,https://compumuebles-sabana-api.cyk.com.co/api/orders,211,0,0
1781508227697,531,Consultar pagos,200,OK,Ingreso-usuarios-muebles 1-1,text,true,,175104,316,1,1,https://compumuebles-sabana-api.cyk.com.co/api/payments,368,0,0
1781508228232,259,Ingreso Usuario,200,OK,Ingreso-usuarios-muebles 1-1,text,true,,538,408,1,1,https://compumuebles-sabana-api.cyk.com.co/api/auth/login,259,0,0
1781508228491,100,Seleccionar item - Sofa,200,OK,Ingreso-usuarios-muebles 1-1,text,true,,623,532,1,1,https://compumuebles-sabana-api.cyk.com.co/api/cart/items,100,0,0
1781508228591,98,Seleccionar item - Mesa,200,OK,Ingreso-usuarios-muebles 1-1,text,true,,756,530,1,1,https://compumuebles-sabana-api.cyk.com.co/api/cart/items,98,0,0
1781508228690,95,Seleccionar item - Neo,200,OK,Ingreso-usuarios-muebles 1-1,text,true,,883,524,1,1,https://compumuebles-sabana-api.cyk.com.co/api/cart/items,95,0,0
1781508228786,102,Seleccionar item - Escritorio,200,OK,Ingreso-usuarios-muebles 1-1,text,true,,1016,529,1,1,https://compumuebles-sabana-api.cyk.com.co/api/cart/items,102,0,0
1781508228889,98,Crear orden,201,Created,Ingreso-usuarios-muebles 1-1,text,true,,776,532,1,1,https://compumuebles-sabana-api.cyk.com.co/api/orders,98,0,0
1781508228988,100,Autorizar pago,200,OK,Ingreso-usuarios-muebles 1-1,text,true,,1488,1223,1,1,https://compumuebles-sabana-api.cyk.com.co/api/payments/authorize,100,0,0
1781508229089,91,Vaciar carrito,200,OK,Ingreso-usuarios-muebles 1-1,text,true,,482,377,1,1,https://compumuebles-sabana-api.cyk.com.co/api/cart/b2296a29-4636-42c7-bba9-6417c950f445/items,91,0,0
1781508229181,198,Consultar ordenes,200,OK,Ingreso-usuarios-muebles 1-1,text,true,,65361,314,1,1,https://compumuebles-sabana-api.cyk.com.co/api/orders,192,0,0
1781508229379,419,Consultar pagos,200,OK,Ingreso-usuarios-muebles 1-1,text,true,,176233,316,1,1,https://compumuebles-sabana-api.cyk.com.co/api/payments,340,0,0
1781508229802,256,Ingreso Usuario,200,OK,Ingreso-usuarios-muebles 1-1,text,true,,538,408,1,1,https://compumuebles-sabana-api.cyk.com.co/api/auth/login,256,0,0
1781508230059,99,Seleccionar item - Sofa,200,OK,Ingreso-usuarios-muebles 1-1,text,true,,623,532,1,1,https://compumuebles-sabana-api.cyk.com.co/api/cart/items,99,0,0
1781508230158,101,Seleccionar item - Mesa,200,OK,Ingreso-usuarios-muebles 1-1,text,true,,756,530,1,1,https://compumuebles-sabana-api.cyk.com.co/api/cart/items,101,0,0
1781508230259,100,Seleccionar item - Neo,200,OK,Ingreso-usuarios-muebles 1-1,text,true,,883,524,1,1,https://compumuebles-sabana-api.cyk.com.co/api/cart/items,100,0,0
1781508230359,105,Seleccionar item - Escritorio,200,OK,Ingreso-usuarios-muebles 1-1,text,true,,1016,529,1,1,https://compumuebles-sabana-api.cyk.com.co/api/cart/items,105,0,0
1781508230465,99,Crear orden,201,Created,Ingreso-usuarios-muebles 1-1,text,true,,776,532,1,1,https://compumuebles-sabana-api.cyk.com.co/api/orders,99,0,0
1781508230565,119,Autorizar pago,200,OK,Ingreso-usuarios-muebles 1-1,text,true,,1488,1223,1,1,https://compumuebles-sabana-api.cyk.com.co/api/payments/authorize,119,0,0
1781508230685,94,Vaciar carrito,200,OK,Ingreso-usuarios-muebles 1-1,text,true,,482,377,1,1,https://compumuebles-sabana-api.cyk.com.co/api/cart/b2296a29-4636-42c7-bba9-6417c950f445/items,94,0,0
1781508230780,221,Consultar ordenes,200,OK,Ingreso-usuarios-muebles 1-1,text,true,,65774,314,1,1,https://compumuebles-sabana-api.cyk.com.co/api/orders,209,0,0
1781508231002,371,Consultar pagos,200,OK,Ingreso-usuarios-muebles 1-1,text,true,,177362,316,1,1,https://compumuebles-sabana-api.cyk.com.co/api/payments,354,0,0
1781508231375,279,Ingreso Usuario,200,OK,Ingreso-usuarios-muebles 1-1,text,true,,538,408,1,1,https://compumuebles-sabana-api.cyk.com.co/api/auth/login,279,0,0
1781508231655,98,Seleccionar item - Sofa,200,OK,Ingreso-usuarios-muebles 1-1,text,true,,623,532,1,1,https://compumuebles-sabana-api.cyk.com.co/api/cart/items,98,0,0
1781508231754,100,Seleccionar item - Mesa,200,OK,Ingreso-usuarios-muebles 1-1,text,true,,756,530,1,1,https://compumuebles-sabana-api.cyk.com.co/api/cart/items,100,0,0
1781508231856,101,Seleccionar item - Neo,200,OK,Ingreso-usuarios-muebles 1-1,text,true,,883,524,1,1,https://compumuebles-sabana-api.cyk.com.co/api/cart/items,101,0,0
1781508231958,103,Seleccionar item - Escritorio,200,OK,Ingreso-usuarios-muebles 1-1,text,true,,1016,529,1,1,https://compumuebles-sabana-api.cyk.com.co/api/cart/items,103,0,0
1781508232062,97,Crear orden,201,Created,Ingreso-usuarios-muebles 1-1,text,true,,776,532,1,1,https://compumuebles-sabana-api.cyk.com.co/api/orders,97,0,0
1781508232160,100,Autorizar pago,200,OK,Ingreso-usuarios-muebles 1-1,text,true,,1487,1223,1,1,https://compumuebles-sabana-api.cyk.com.co/api/payments/authorize,100,0,0
1781508232261,99,Vaciar carrito,200,OK,Ingreso-usuarios-muebles 1-1,text,true,,482,377,1,1,https://compumuebles-sabana-api.cyk.com.co/api/cart/b2296a29-4636-42c7-bba9-6417c950f445/items,99,0,0
1781508232360,209,Consultar ordenes,200,OK,Ingreso-usuarios-muebles 1-1,text,true,,66188,314,1,1,https://compumuebles-sabana-api.cyk.com.co/api/orders,205,0,0
1781508232570,378,Consultar pagos,200,OK,Ingreso-usuarios-muebles 1-1,text,true,,178490,316,1,1,https://compumuebles-sabana-api.cyk.com.co/api/payments,337,0,0
1781508232950,265,Ingreso Usuario,200,OK,Ingreso-usuarios-muebles 1-1,text,true,,538,408,1,1,https://compumuebles-sabana-api.cyk.com.co/api/auth/login,265,0,0
1781508233216,99,Seleccionar item - Sofa,200,OK,Ingreso-usuarios-muebles 1-1,text,true,,623,532,1,1,https://compumuebles-sabana-api.cyk.com.co/api/cart/items,99,0,0
1781508233315,98,Seleccionar item - Mesa,200,OK,Ingreso-usuarios-muebles 1-1,text,true,,756,530,1,1,https://compumuebles-sabana-api.cyk.com.co/api/cart/items,98,0,0
1781508233414,94,Seleccionar item - Neo,200,OK,Ingreso-usuarios-muebles 1-1,text,true,,883,524,1,1,https://compumuebles-sabana-api.cyk.com.co/api/cart/items,94,0,0
1781508233508,116,Seleccionar item - Escritorio,200,OK,Ingreso-usuarios-muebles 1-1,text,true,,1016,529,1,1,https://compumuebles-sabana-api.cyk.com.co/api/cart/items,116,0,0
1781508233625,96,Crear orden,201,Created,Ingreso-usuarios-muebles 1-1,text,true,,776,532,1,1,https://compumuebles-sabana-api.cyk.com.co/api/orders,96,0,0
1781508233721,107,Autorizar pago,200,OK,Ingreso-usuarios-muebles 1-1,text,true,,1488,1223,1,1,https://compumuebles-sabana-api.cyk.com.co/api/payments/authorize,107,0,0
1781508233829,92,Vaciar carrito,200,OK,Ingreso-usuarios-muebles 1-1,text,true,,482,377,1,1,https://compumuebles-sabana-api.cyk.com.co/api/cart/b2296a29-4636-42c7-bba9-6417c950f445/items,92,0,0
1781508233922,211,Consultar ordenes,200,OK,Ingreso-usuarios-muebles 1-1,text,true,,66601,314,1,1,https://compumuebles-sabana-api.cyk.com.co/api/orders,205,0,0
1781508234134,354,Consultar pagos,200,OK,Ingreso-usuarios-muebles 1-1,text,true,,179619,316,1,1,https://compumuebles-sabana-api.cyk.com.co/api/payments,331,0,0
1781508234491,259,Ingreso Usuario,200,OK,Ingreso-usuarios-muebles 1-1,text,true,,538,408,1,1,https://compumuebles-sabana-api.cyk.com.co/api/auth/login,259,0,0
1781508234750,103,Seleccionar item - Sofa,200,OK,Ingreso-usuarios-muebles 1-1,text,true,,623,532,1,1,https://compumuebles-sabana-api.cyk.com.co/api/cart/items,103,0,0
1781508234854,119,Seleccionar item - Mesa,200,OK,Ingreso-usuarios-muebles 1-1,text,true,,756,530,1,1,https://compumuebles-sabana-api.cyk.com.co/api/cart/items,119,0,0
1781508234973,102,Seleccionar item - Neo,200,OK,Ingreso-usuarios-muebles 1-1,text,true,,883,524,1,1,https://compumuebles-sabana-api.cyk.com.co/api/cart/items,102,0,0
1781508235075,106,Seleccionar item - Escritorio,200,OK,Ingreso-usuarios-muebles 1-1,text,true,,1016,529,1,1,https://compumuebles-sabana-api.cyk.com.co/api/cart/items,106,0,0
1781508235182,98,Crear orden,201,Created,Ingreso-usuarios-muebles 1-1,text,true,,776,532,1,1,https://compumuebles-sabana-api.cyk.com.co/api/orders,98,0,0
1781508235281,103,Autorizar pago,200,OK,Ingreso-usuarios-muebles 1-1,text,true,,1488,1223,1,1,https://compumuebles-sabana-api.cyk.com.co/api/payments/authorize,103,0,0
1781508235384,96,Vaciar carrito,200,OK,Ingreso-usuarios-muebles 1-1,text,true,,482,377,1,1,https://compumuebles-sabana-api.cyk.com.co/api/cart/b2296a29-4636-42c7-bba9-6417c950f445/items,96,0,0
1781508235480,206,Consultar ordenes,200,OK,Ingreso-usuarios-muebles 1-1,text,true,,67014,314,1,1,https://compumuebles-sabana-api.cyk.com.co/api/orders,196,0,0
1781508235688,360,Consultar pagos,200,OK,Ingreso-usuarios-muebles 1-1,text,true,,180748,316,1,1,https://compumuebles-sabana-api.cyk.com.co/api/payments,342,0,0
1781508236050,264,Ingreso Usuario,200,OK,Ingreso-usuarios-muebles 1-1,text,true,,538,408,1,1,https://compumuebles-sabana-api.cyk.com.co/api/auth/login,264,0,0
1781508236315,96,Seleccionar item - Sofa,200,OK,Ingreso-usuarios-muebles 1-1,text,true,,623,532,1,1,https://compumuebles-sabana-api.cyk.com.co/api/cart/items,96,0,0
1781508236412,100,Seleccionar item - Mesa,200,OK,Ingreso-usuarios-muebles 1-1,text,true,,756,530,1,1,https://compumuebles-sabana-api.cyk.com.co/api/cart/items,100,0,0
1781508236513,115,Seleccionar item - Neo,200,OK,Ingreso-usuarios-muebles 1-1,text,true,,883,524,1,1,https://compumuebles-sabana-api.cyk.com.co/api/cart/items,115,0,0
1781508236629,102,Seleccionar item - Escritorio,200,OK,Ingreso-usuarios-muebles 1-1,text,true,,1016,529,1,1,https://compumuebles-sabana-api.cyk.com.co/api/cart/items,102,0,0
1781508236731,95,Crear orden,201,Created,Ingreso-usuarios-muebles 1-1,text,true,,776,532,1,1,https://compumuebles-sabana-api.cyk.com.co/api/orders,95,0,0
1781508236827,101,Autorizar pago,200,OK,Ingreso-usuarios-muebles 1-1,text,true,,1487,1223,1,1,https://compumuebles-sabana-api.cyk.com.co/api/payments/authorize,101,0,0
1781508236929,94,Vaciar carrito,200,OK,Ingreso-usuarios-muebles 1-1,text,true,,482,377,1,1,https://compumuebles-sabana-api.cyk.com.co/api/cart/b2296a29-4636-42c7-bba9-6417c950f445/items,94,0,0
1781508237024,214,Consultar ordenes,200,OK,Ingreso-usuarios-muebles 1-1,text,true,,67427,314,1,1,https://compumuebles-sabana-api.cyk.com.co/api/orders,206,0,0
1781508237239,429,Consultar pagos,200,OK,Ingreso-usuarios-muebles 1-1,text,true,,181876,316,1,1,https://compumuebles-sabana-api.cyk.com.co/api/payments,406,0,0
1781508237670,253,Ingreso Usuario,200,OK,Ingreso-usuarios-muebles 1-1,text,true,,538,408,1,1,https://compumuebles-sabana-api.cyk.com.co/api/auth/login,253,0,0
1781508237924,102,Seleccionar item - Sofa,200,OK,Ingreso-usuarios-muebles 1-1,text,true,,623,532,1,1,https://compumuebles-sabana-api.cyk.com.co/api/cart/items,102,0,0
1781508238027,105,Seleccionar item - Mesa,200,OK,Ingreso-usuarios-muebles 1-1,text,true,,756,530,1,1,https://compumuebles-sabana-api.cyk.com.co/api/cart/items,105,0,0
1781508238132,95,Seleccionar item - Neo,200,OK,Ingreso-usuarios-muebles 1-1,text,true,,883,524,1,1,https://compumuebles-sabana-api.cyk.com.co/api/cart/items,95,0,0
1781508238228,94,Seleccionar item - Escritorio,200,OK,Ingreso-usuarios-muebles 1-1,text,true,,1016,529,1,1,https://compumuebles-sabana-api.cyk.com.co/api/cart/items,94,0,0
1781508238323,99,Crear orden,201,Created,Ingreso-usuarios-muebles 1-1,text,true,,774,532,1,1,https://compumuebles-sabana-api.cyk.com.co/api/orders,99,0,0
1781508238422,100,Autorizar pago,200,OK,Ingreso-usuarios-muebles 1-1,text,true,,1488,1223,1,1,https://compumuebles-sabana-api.cyk.com.co/api/payments/authorize,100,0,0
1781508238523,108,Vaciar carrito,200,OK,Ingreso-usuarios-muebles 1-1,text,true,,482,377,1,1,https://compumuebles-sabana-api.cyk.com.co/api/cart/b2296a29-4636-42c7-bba9-6417c950f445/items,108,0,0
1781508238631,209,Consultar ordenes,200,OK,Ingreso-usuarios-muebles 1-1,text,true,,67838,314,1,1,https://compumuebles-sabana-api.cyk.com.co/api/orders,203,0,0
1781508238841,355,Consultar pagos,200,OK,Ingreso-usuarios-muebles 1-1,text,true,,183005,316,1,1,https://compumuebles-sabana-api.cyk.com.co/api/payments,333,0,0
1781508239198,262,Ingreso Usuario,200,OK,Ingreso-usuarios-muebles 1-1,text,true,,538,408,1,1,https://compumuebles-sabana-api.cyk.com.co/api/auth/login,262,0,0
1781508239461,111,Seleccionar item - Sofa,200,OK,Ingreso-usuarios-muebles 1-1,text,true,,623,532,1,1,https://compumuebles-sabana-api.cyk.com.co/api/cart/items,111,0,0
1781508239572,108,Seleccionar item - Mesa,200,OK,Ingreso-usuarios-muebles 1-1,text,true,,756,530,1,1,https://compumuebles-sabana-api.cyk.com.co/api/cart/items,108,0,0
1781508239681,118,Seleccionar item - Neo,200,OK,Ingreso-usuarios-muebles 1-1,text,true,,883,524,1,1,https://compumuebles-sabana-api.cyk.com.co/api/cart/items,118,0,0
1781508239799,95,Seleccionar item - Escritorio,200,OK,Ingreso-usuarios-muebles 1-1,text,true,,1016,529,1,1,https://compumuebles-sabana-api.cyk.com.co/api/cart/items,95,0,0
1781508239895,101,Crear orden,201,Created,Ingreso-usuarios-muebles 1-1,text,true,,774,532,1,1,https://compumuebles-sabana-api.cyk.com.co/api/orders,100,0,0
1781508239996,103,Autorizar pago,200,OK,Ingreso-usuarios-muebles 1-1,text,true,,1488,1223,1,1,https://compumuebles-sabana-api.cyk.com.co/api/payments/authorize,103,0,0
1781508240100,95,Vaciar carrito,200,OK,Ingreso-usuarios-muebles 1-1,text,true,,482,377,1,1,https://compumuebles-sabana-api.cyk.com.co/api/cart/b2296a29-4636-42c7-bba9-6417c950f445/items,95,0,0
1781508240196,203,Consultar ordenes,200,OK,Ingreso-usuarios-muebles 1-1,text,true,,68249,314,1,1,https://compumuebles-sabana-api.cyk.com.co/api/orders,195,0,0
1781508240400,359,Consultar pagos,200,OK,Ingreso-usuarios-muebles 1-1,text,true,,184134,316,1,1,https://compumuebles-sabana-api.cyk.com.co/api/payments,331,0,0
1781508240761,255,Ingreso Usuario,200,OK,Ingreso-usuarios-muebles 1-1,text,true,,538,408,1,1,https://compumuebles-sabana-api.cyk.com.co/api/auth/login,255,0,0
1781508241016,103,Seleccionar item - Sofa,200,OK,Ingreso-usuarios-muebles 1-1,text,true,,623,532,1,1,https://compumuebles-sabana-api.cyk.com.co/api/cart/items,103,0,0
1781508241120,100,Seleccionar item - Mesa,200,OK,Ingreso-usuarios-muebles 1-1,text,true,,756,530,1,1,https://compumuebles-sabana-api.cyk.com.co/api/cart/items,100,0,0
1781508241220,98,Seleccionar item - Neo,200,OK,Ingreso-usuarios-muebles 1-1,text,true,,883,524,1,1,https://compumuebles-sabana-api.cyk.com.co/api/cart/items,98,0,0
1781508241319,104,Seleccionar item - Escritorio,200,OK,Ingreso-usuarios-muebles 1-1,text,true,,1016,529,1,1,https://compumuebles-sabana-api.cyk.com.co/api/cart/items,104,0,0
1781508241423,100,Crear orden,201,Created,Ingreso-usuarios-muebles 1-1,text,true,,776,532,1,1,https://compumuebles-sabana-api.cyk.com.co/api/orders,100,0,0
1781508241523,118,Autorizar pago,200,OK,Ingreso-usuarios-muebles 1-1,text,true,,1488,1223,1,1,https://compumuebles-sabana-api.cyk.com.co/api/payments/authorize,118,0,0
1781508241641,95,Vaciar carrito,200,OK,Ingreso-usuarios-muebles 1-1,text,true,,482,377,1,1,https://compumuebles-sabana-api.cyk.com.co/api/cart/b2296a29-4636-42c7-bba9-6417c950f445/items,95,0,0
1781508241737,204,Consultar ordenes,200,OK,Ingreso-usuarios-muebles 1-1,text,true,,68662,314,1,1,https://compumuebles-sabana-api.cyk.com.co/api/orders,199,0,0
1781508241942,383,Consultar pagos,200,OK,Ingreso-usuarios-muebles 1-1,text,true,,185263,316,1,1,https://compumuebles-sabana-api.cyk.com.co/api/payments,352,0,0
1781508242332,260,Ingreso Usuario,200,OK,Ingreso-usuarios-muebles 1-1,text,true,,538,408,1,1,https://compumuebles-sabana-api.cyk.com.co/api/auth/login,260,0,0
1781508242592,97,Seleccionar item - Sofa,200,OK,Ingreso-usuarios-muebles 1-1,text,true,,623,532,1,1,https://compumuebles-sabana-api.cyk.com.co/api/cart/items,97,0,0
1781508242690,102,Seleccionar item - Mesa,200,OK,Ingreso-usuarios-muebles 1-1,text,true,,756,530,1,1,https://compumuebles-sabana-api.cyk.com.co/api/cart/items,102,0,0
1781508242793,103,Seleccionar item - Neo,200,OK,Ingreso-usuarios-muebles 1-1,text,true,,883,524,1,1,https://compumuebles-sabana-api.cyk.com.co/api/cart/items,103,0,0
1781508242896,125,Seleccionar item - Escritorio,200,OK,Ingreso-usuarios-muebles 1-1,text,true,,1016,529,1,1,https://compumuebles-sabana-api.cyk.com.co/api/cart/items,125,0,0
1781508243022,97,Crear orden,201,Created,Ingreso-usuarios-muebles 1-1,text,true,,776,532,1,1,https://compumuebles-sabana-api.cyk.com.co/api/orders,97,0,0
1781508243119,106,Autorizar pago,200,OK,Ingreso-usuarios-muebles 1-1,text,true,,1488,1223,1,1,https://compumuebles-sabana-api.cyk.com.co/api/payments/authorize,106,0,0
1781508243225,102,Vaciar carrito,200,OK,Ingreso-usuarios-muebles 1-1,text,true,,482,377,1,1,https://compumuebles-sabana-api.cyk.com.co/api/cart/b2296a29-4636-42c7-bba9-6417c950f445/items,102,0,0
1781508243328,219,Consultar ordenes,200,OK,Ingreso-usuarios-muebles 1-1,text,true,,69075,314,1,1,https://compumuebles-sabana-api.cyk.com.co/api/orders,209,0,0
1781508243548,365,Consultar pagos,200,OK,Ingreso-usuarios-muebles 1-1,text,true,,186392,316,1,1,https://compumuebles-sabana-api.cyk.com.co/api/payments,348,0,0
1781508243915,255,Ingreso Usuario,200,OK,Ingreso-usuarios-muebles 1-1,text,true,,538,408,1,1,https://compumuebles-sabana-api.cyk.com.co/api/auth/login,255,0,0
1781508244170,101,Seleccionar item - Sofa,200,OK,Ingreso-usuarios-muebles 1-1,text,true,,623,532,1,1,https://compumuebles-sabana-api.cyk.com.co/api/cart/items,101,0,0
1781508244272,98,Seleccionar item - Mesa,200,OK,Ingreso-usuarios-muebles 1-1,text,true,,756,530,1,1,https://compumuebles-sabana-api.cyk.com.co/api/cart/items,98,0,0
1781508244370,102,Seleccionar item - Neo,200,OK,Ingreso-usuarios-muebles 1-1,text,true,,883,524,1,1,https://compumuebles-sabana-api.cyk.com.co/api/cart/items,102,0,0
1781508244473,103,Seleccionar item - Escritorio,200,OK,Ingreso-usuarios-muebles 1-1,text,true,,1016,529,1,1,https://compumuebles-sabana-api.cyk.com.co/api/cart/items,103,0,0
1781508244577,109,Crear orden,201,Created,Ingreso-usuarios-muebles 1-1,text,true,,774,532,1,1,https://compumuebles-sabana-api.cyk.com.co/api/orders,109,0,0
1781508244687,100,Autorizar pago,200,OK,Ingreso-usuarios-muebles 1-1,text,true,,1488,1223,1,1,https://compumuebles-sabana-api.cyk.com.co/api/payments/authorize,100,0,0
1781508244788,96,Vaciar carrito,200,OK,Ingreso-usuarios-muebles 1-1,text,true,,482,377,1,1,https://compumuebles-sabana-api.cyk.com.co/api/cart/b2296a29-4636-42c7-bba9-6417c950f445/items,96,0,0
1781508244884,315,Consultar ordenes,200,OK,Ingreso-usuarios-muebles 1-1,text,true,,69486,314,1,1,https://compumuebles-sabana-api.cyk.com.co/api/orders,302,0,0
1781508245200,432,Consultar pagos,200,OK,Ingreso-usuarios-muebles 1-1,text,true,,187521,316,1,1,https://compumuebles-sabana-api.cyk.com.co/api/payments,413,0,0
1781508245635,264,Ingreso Usuario,200,OK,Ingreso-usuarios-muebles 1-1,text,true,,538,408,1,1,https://compumuebles-sabana-api.cyk.com.co/api/auth/login,264,0,0
1781508245902,97,Seleccionar item - Sofa,200,OK,Ingreso-usuarios-muebles 1-1,text,true,,623,532,1,1,https://compumuebles-sabana-api.cyk.com.co/api/cart/items,97,0,0
1781508245999,100,Seleccionar item - Mesa,200,OK,Ingreso-usuarios-muebles 1-1,text,true,,756,530,1,1,https://compumuebles-sabana-api.cyk.com.co/api/cart/items,100,0,0
1781508246100,97,Seleccionar item - Neo,200,OK,Ingreso-usuarios-muebles 1-1,text,true,,883,524,1,1,https://compumuebles-sabana-api.cyk.com.co/api/cart/items,97,0,0
1781508246198,98,Seleccionar item - Escritorio,200,OK,Ingreso-usuarios-muebles 1-1,text,true,,1016,529,1,1,https://compumuebles-sabana-api.cyk.com.co/api/cart/items,98,0,0
1781508246297,111,Crear orden,201,Created,Ingreso-usuarios-muebles 1-1,text,true,,776,532,1,1,https://compumuebles-sabana-api.cyk.com.co/api/orders,111,0,0
1781508246412,106,Autorizar pago,200,OK,Ingreso-usuarios-muebles 1-1,text,true,,1488,1223,1,1,https://compumuebles-sabana-api.cyk.com.co/api/payments/authorize,106,0,0
1781508246519,94,Vaciar carrito,200,OK,Ingreso-usuarios-muebles 1-1,text,true,,482,377,1,1,https://compumuebles-sabana-api.cyk.com.co/api/cart/b2296a29-4636-42c7-bba9-6417c950f445/items,93,0,0
1781508246613,202,Consultar ordenes,200,OK,Ingreso-usuarios-muebles 1-1,text,true,,69899,314,1,1,https://compumuebles-sabana-api.cyk.com.co/api/orders,197,0,0
1781508246817,366,Consultar pagos,200,OK,Ingreso-usuarios-muebles 1-1,text,true,,188650,316,1,1,https://compumuebles-sabana-api.cyk.com.co/api/payments,357,0,0
1781508247186,315,Ingreso Usuario,200,OK,Ingreso-usuarios-muebles 1-1,text,true,,538,408,1,1,https://compumuebles-sabana-api.cyk.com.co/api/auth/login,315,0,0
1781508247502,107,Seleccionar item - Sofa,200,OK,Ingreso-usuarios-muebles 1-1,text,true,,623,532,1,1,https://compumuebles-sabana-api.cyk.com.co/api/cart/items,107,0,0
1781508247610,102,Seleccionar item - Mesa,200,OK,Ingreso-usuarios-muebles 1-1,text,true,,756,530,1,1,https://compumuebles-sabana-api.cyk.com.co/api/cart/items,102,0,0
1781508247713,93,Seleccionar item - Neo,200,OK,Ingreso-usuarios-muebles 1-1,text,true,,883,524,1,1,https://compumuebles-sabana-api.cyk.com.co/api/cart/items,93,0,0
1781508247807,96,Seleccionar item - Escritorio,200,OK,Ingreso-usuarios-muebles 1-1,text,true,,1016,529,1,1,https://compumuebles-sabana-api.cyk.com.co/api/cart/items,96,0,0
1781508247904,114,Crear orden,201,Created,Ingreso-usuarios-muebles 1-1,text,true,,776,532,1,1,https://compumuebles-sabana-api.cyk.com.co/api/orders,114,0,0
1781508248019,101,Autorizar pago,200,OK,Ingreso-usuarios-muebles 1-1,text,true,,1487,1223,1,1,https://compumuebles-sabana-api.cyk.com.co/api/payments/authorize,101,0,0
1781508248120,92,Vaciar carrito,200,OK,Ingreso-usuarios-muebles 1-1,text,true,,482,377,1,1,https://compumuebles-sabana-api.cyk.com.co/api/cart/b2296a29-4636-42c7-bba9-6417c950f445/items,92,0,0
1781508248213,214,Consultar ordenes,200,OK,Ingreso-usuarios-muebles 1-1,text,true,,70312,314,1,1,https://compumuebles-sabana-api.cyk.com.co/api/orders,205,0,0
1781508248447,366,Consultar pagos,200,OK,Ingreso-usuarios-muebles 1-1,text,true,,189778,316,1,1,https://compumuebles-sabana-api.cyk.com.co/api/payments,349,0,0
1781508248815,276,Ingreso Usuario,200,OK,Ingreso-usuarios-muebles 1-1,text,true,,538,408,1,1,https://compumuebles-sabana-api.cyk.com.co/api/auth/login,276,0,0
1781508249091,136,Seleccionar item - Sofa,200,OK,Ingreso-usuarios-muebles 1-1,text,true,,623,532,1,1,https://compumuebles-sabana-api.cyk.com.co/api/cart/items,136,0,0
1781508249228,139,Seleccionar item - Mesa,200,OK,Ingreso-usuarios-muebles 1-1,text,true,,756,530,1,1,https://compumuebles-sabana-api.cyk.com.co/api/cart/items,139,0,0
1781508249369,131,Seleccionar item - Neo,200,OK,Ingreso-usuarios-muebles 1-1,text,true,,883,524,1,1,https://compumuebles-sabana-api.cyk.com.co/api/cart/items,131,0,0
1781508249501,130,Seleccionar item - Escritorio,200,OK,Ingreso-usuarios-muebles 1-1,text,true,,1016,529,1,1,https://compumuebles-sabana-api.cyk.com.co/api/cart/items,129,0,0
1781508249631,131,Crear orden,201,Created,Ingreso-usuarios-muebles 1-1,text,true,,776,532,1,1,https://compumuebles-sabana-api.cyk.com.co/api/orders,131,0,0
1781508249762,138,Autorizar pago,200,OK,Ingreso-usuarios-muebles 1-1,text,true,,1488,1223,1,1,https://compumuebles-sabana-api.cyk.com.co/api/payments/authorize,138,0,0
1781508249900,98,Vaciar carrito,200,OK,Ingreso-usuarios-muebles 1-1,text,true,,482,377,1,1,https://compumuebles-sabana-api.cyk.com.co/api/cart/b2296a29-4636-42c7-bba9-6417c950f445/items,97,0,0
1781508249998,210,Consultar ordenes,200,OK,Ingreso-usuarios-muebles 1-1,text,true,,70725,314,1,1,https://compumuebles-sabana-api.cyk.com.co/api/orders,207,0,0
1781508250210,390,Consultar pagos,200,OK,Ingreso-usuarios-muebles 1-1,text,true,,190907,316,1,1,https://compumuebles-sabana-api.cyk.com.co/api/payments,379,0,0
1781508250601,261,Ingreso Usuario,200,OK,Ingreso-usuarios-muebles 1-1,text,true,,538,408,1,1,https://compumuebles-sabana-api.cyk.com.co/api/auth/login,260,0,0
1781508250862,138,Seleccionar item - Sofa,200,OK,Ingreso-usuarios-muebles 1-1,text,true,,623,532,1,1,https://compumuebles-sabana-api.cyk.com.co/api/cart/items,138,0,0
1781508251000,137,Seleccionar item - Mesa,200,OK,Ingreso-usuarios-muebles 1-1,text,true,,756,530,1,1,https://compumuebles-sabana-api.cyk.com.co/api/cart/items,137,0,0
1781508251137,137,Seleccionar item - Neo,200,OK,Ingreso-usuarios-muebles 1-1,text,true,,883,524,1,1,https://compumuebles-sabana-api.cyk.com.co/api/cart/items,137,0,0
1781508251274,101,Seleccionar item - Escritorio,200,OK,Ingreso-usuarios-muebles 1-1,text,true,,1016,529,1,1,https://compumuebles-sabana-api.cyk.com.co/api/cart/items,101,0,0
1781508251376,101,Crear orden,201,Created,Ingreso-usuarios-muebles 1-1,text,true,,776,532,1,1,https://compumuebles-sabana-api.cyk.com.co/api/orders,101,0,0
1781508251478,102,Autorizar pago,200,OK,Ingreso-usuarios-muebles 1-1,text,true,,1488,1223,1,1,https://compumuebles-sabana-api.cyk.com.co/api/payments/authorize,102,0,0
1781508251580,112,Vaciar carrito,200,OK,Ingreso-usuarios-muebles 1-1,text,true,,482,377,1,1,https://compumuebles-sabana-api.cyk.com.co/api/cart/b2296a29-4636-42c7-bba9-6417c950f445/items,112,0,0
1781508251692,229,Consultar ordenes,200,OK,Ingreso-usuarios-muebles 1-1,text,true,,71138,314,1,1,https://compumuebles-sabana-api.cyk.com.co/api/orders,218,0,0
1781508251922,374,Consultar pagos,200,OK,Ingreso-usuarios-muebles 1-1,text,true,,192036,316,1,1,https://compumuebles-sabana-api.cyk.com.co/api/payments,349,0,0
1781508252298,256,Ingreso Usuario,200,OK,Ingreso-usuarios-muebles 1-1,text,true,,538,408,1,1,https://compumuebles-sabana-api.cyk.com.co/api/auth/login,256,0,0
1781508252555,112,Seleccionar item - Sofa,200,OK,Ingreso-usuarios-muebles 1-1,text,true,,623,532,1,1,https://compumuebles-sabana-api.cyk.com.co/api/cart/items,112,0,0
1781508252667,103,Seleccionar item - Mesa,200,OK,Ingreso-usuarios-muebles 1-1,text,true,,756,530,1,1,https://compumuebles-sabana-api.cyk.com.co/api/cart/items,103,0,0
1781508252771,102,Seleccionar item - Neo,200,OK,Ingreso-usuarios-muebles 1-1,text,true,,883,524,1,1,https://compumuebles-sabana-api.cyk.com.co/api/cart/items,102,0,0
1781508252873,103,Seleccionar item - Escritorio,200,OK,Ingreso-usuarios-muebles 1-1,text,true,,1016,529,1,1,https://compumuebles-sabana-api.cyk.com.co/api/cart/items,103,0,0
1781508252977,100,Crear orden,201,Created,Ingreso-usuarios-muebles 1-1,text,true,,776,532,1,1,https://compumuebles-sabana-api.cyk.com.co/api/orders,100,0,0
1781508253077,107,Autorizar pago,200,OK,Ingreso-usuarios-muebles 1-1,text,true,,1488,1223,1,1,https://compumuebles-sabana-api.cyk.com.co/api/payments/authorize,107,0,0
1781508253184,97,Vaciar carrito,200,OK,Ingreso-usuarios-muebles 1-1,text,true,,482,377,1,1,https://compumuebles-sabana-api.cyk.com.co/api/cart/b2296a29-4636-42c7-bba9-6417c950f445/items,97,0,0
1781508253281,208,Consultar ordenes,200,OK,Ingreso-usuarios-muebles 1-1,text,true,,71551,314,1,1,https://compumuebles-sabana-api.cyk.com.co/api/orders,201,0,0
1781508253490,372,Consultar pagos,200,OK,Ingreso-usuarios-muebles 1-1,text,true,,193165,316,1,1,https://compumuebles-sabana-api.cyk.com.co/api/payments,352,0,0
1781508253863,260,Ingreso Usuario,200,OK,Ingreso-usuarios-muebles 1-1,text,true,,538,408,1,1,https://compumuebles-sabana-api.cyk.com.co/api/auth/login,260,0,0
1781508254123,101,Seleccionar item - Sofa,200,OK,Ingreso-usuarios-muebles 1-1,text,true,,623,532,1,1,https://compumuebles-sabana-api.cyk.com.co/api/cart/items,101,0,0
1781508254224,99,Seleccionar item - Mesa,200,OK,Ingreso-usuarios-muebles 1-1,text,true,,756,530,1,1,https://compumuebles-sabana-api.cyk.com.co/api/cart/items,99,0,0
1781508254324,98,Seleccionar item - Neo,200,OK,Ingreso-usuarios-muebles 1-1,text,true,,883,524,1,1,https://compumuebles-sabana-api.cyk.com.co/api/cart/items,98,0,0
1781508254421,100,Seleccionar item - Escritorio,200,OK,Ingreso-usuarios-muebles 1-1,text,true,,1016,529,1,1,https://compumuebles-sabana-api.cyk.com.co/api/cart/items,100,0,0
1781508254521,112,Crear orden,201,Created,Ingreso-usuarios-muebles 1-1,text,true,,776,532,1,1,https://compumuebles-sabana-api.cyk.com.co/api/orders,112,0,0
1781508254633,105,Autorizar pago,200,OK,Ingreso-usuarios-muebles 1-1,text,true,,1487,1223,1,1,https://compumuebles-sabana-api.cyk.com.co/api/payments/authorize,105,0,0
1781508254739,93,Vaciar carrito,200,OK,Ingreso-usuarios-muebles 1-1,text,true,,482,377,1,1,https://compumuebles-sabana-api.cyk.com.co/api/cart/b2296a29-4636-42c7-bba9-6417c950f445/items,93,0,0
1781508254833,305,Consultar ordenes,200,OK,Ingreso-usuarios-muebles 1-1,text,true,,71964,314,1,1,https://compumuebles-sabana-api.cyk.com.co/api/orders,299,0,0
1781508255139,432,Consultar pagos,200,OK,Ingreso-usuarios-muebles 1-1,text,true,,194293,316,1,1,https://compumuebles-sabana-api.cyk.com.co/api/payments,416,0,0
1781508255576,267,Ingreso Usuario,200,OK,Ingreso-usuarios-muebles 1-1,text,true,,538,408,1,1,https://compumuebles-sabana-api.cyk.com.co/api/auth/login,267,0,0
1781508255844,99,Seleccionar item - Sofa,200,OK,Ingreso-usuarios-muebles 1-1,text,true,,623,532,1,1,https://compumuebles-sabana-api.cyk.com.co/api/cart/items,99,0,0
1781508255944,95,Seleccionar item - Mesa,200,OK,Ingreso-usuarios-muebles 1-1,text,true,,756,530,1,1,https://compumuebles-sabana-api.cyk.com.co/api/cart/items,95,0,0
1781508256039,94,Seleccionar item - Neo,200,OK,Ingreso-usuarios-muebles 1-1,text,true,,883,524,1,1,https://compumuebles-sabana-api.cyk.com.co/api/cart/items,94,0,0
1781508256133,97,Seleccionar item - Escritorio,200,OK,Ingreso-usuarios-muebles 1-1,text,true,,1016,529,1,1,https://compumuebles-sabana-api.cyk.com.co/api/cart/items,97,0,0
1781508256231,108,Crear orden,201,Created,Ingreso-usuarios-muebles 1-1,text,true,,776,532,1,1,https://compumuebles-sabana-api.cyk.com.co/api/orders,108,0,0
1781508256340,109,Autorizar pago,200,OK,Ingreso-usuarios-muebles 1-1,text,true,,1487,1223,1,1,https://compumuebles-sabana-api.cyk.com.co/api/payments/authorize,109,0,0
1781508256449,93,Vaciar carrito,200,OK,Ingreso-usuarios-muebles 1-1,text,true,,482,377,1,1,https://compumuebles-sabana-api.cyk.com.co/api/cart/b2296a29-4636-42c7-bba9-6417c950f445/items,93,0,0
1781508256542,227,Consultar ordenes,200,OK,Ingreso-usuarios-muebles 1-1,text,true,,72377,314,1,1,https://compumuebles-sabana-api.cyk.com.co/api/orders,221,0,0
1781508256771,374,Consultar pagos,200,OK,Ingreso-usuarios-muebles 1-1,text,true,,195421,316,1,1,https://compumuebles-sabana-api.cyk.com.co/api/payments,347,0,0
1781508257146,316,Ingreso Usuario,200,OK,Ingreso-usuarios-muebles 1-1,text,true,,538,408,1,1,https://compumuebles-sabana-api.cyk.com.co/api/auth/login,315,0,0
1781508257462,102,Seleccionar item - Sofa,200,OK,Ingreso-usuarios-muebles 1-1,text,true,,623,532,1,1,https://compumuebles-sabana-api.cyk.com.co/api/cart/items,102,0,0
1781508257565,115,Seleccionar item - Mesa,200,OK,Ingreso-usuarios-muebles 1-1,text,true,,756,530,1,1,https://compumuebles-sabana-api.cyk.com.co/api/cart/items,115,0,0
1781508257680,104,Seleccionar item - Neo,200,OK,Ingreso-usuarios-muebles 1-1,text,true,,883,524,1,1,https://compumuebles-sabana-api.cyk.com.co/api/cart/items,104,0,0
1781508257785,101,Seleccionar item - Escritorio,200,OK,Ingreso-usuarios-muebles 1-1,text,true,,1016,529,1,1,https://compumuebles-sabana-api.cyk.com.co/api/cart/items,101,0,0
1781508257886,99,Crear orden,201,Created,Ingreso-usuarios-muebles 1-1,text,true,,776,532,1,1,https://compumuebles-sabana-api.cyk.com.co/api/orders,98,0,0
1781508257985,103,Autorizar pago,200,OK,Ingreso-usuarios-muebles 1-1,text,true,,1488,1223,1,1,https://compumuebles-sabana-api.cyk.com.co/api/payments/authorize,102,0,0
1781508258088,96,Vaciar carrito,200,OK,Ingreso-usuarios-muebles 1-1,text,true,,482,377,1,1,https://compumuebles-sabana-api.cyk.com.co/api/cart/b2296a29-4636-42c7-bba9-6417c950f445/items,96,0,0
1781508258184,209,Consultar ordenes,200,OK,Ingreso-usuarios-muebles 1-1,text,true,,72790,314,1,1,https://compumuebles-sabana-api.cyk.com.co/api/orders,204,0,0
1781508258394,383,Consultar pagos,200,OK,Ingreso-usuarios-muebles 1-1,text,true,,196550,316,1,1,https://compumuebles-sabana-api.cyk.com.co/api/payments,357,0,0
1781508258779,256,Ingreso Usuario,200,OK,Ingreso-usuarios-muebles 1-1,text,true,,538,408,1,1,https://compumuebles-sabana-api.cyk.com.co/api/auth/login,256,0,0
1781508259036,108,Seleccionar item - Sofa,200,OK,Ingreso-usuarios-muebles 1-1,text,true,,623,532,1,1,https://compumuebles-sabana-api.cyk.com.co/api/cart/items,108,0,0
1781508259144,100,Seleccionar item - Mesa,200,OK,Ingreso-usuarios-muebles 1-1,text,true,,756,530,1,1,https://compumuebles-sabana-api.cyk.com.co/api/cart/items,100,0,0
1781508259245,95,Seleccionar item - Neo,200,OK,Ingreso-usuarios-muebles 1-1,text,true,,883,524,1,1,https://compumuebles-sabana-api.cyk.com.co/api/cart/items,95,0,0
1781508259341,101,Seleccionar item - Escritorio,200,OK,Ingreso-usuarios-muebles 1-1,text,true,,1016,529,1,1,https://compumuebles-sabana-api.cyk.com.co/api/cart/items,101,0,0
1781508259442,98,Crear orden,201,Created,Ingreso-usuarios-muebles 1-1,text,true,,776,532,1,1,https://compumuebles-sabana-api.cyk.com.co/api/orders,98,0,0
1781508259540,121,Autorizar pago,200,OK,Ingreso-usuarios-muebles 1-1,text,true,,1488,1223,1,1,https://compumuebles-sabana-api.cyk.com.co/api/payments/authorize,121,0,0
1781508259662,117,Vaciar carrito,200,OK,Ingreso-usuarios-muebles 1-1,text,true,,482,377,1,1,https://compumuebles-sabana-api.cyk.com.co/api/cart/b2296a29-4636-42c7-bba9-6417c950f445/items,117,0,0
1781508259779,245,Consultar ordenes,200,OK,Ingreso-usuarios-muebles 1-1,text,true,,73203,314,1,1,https://compumuebles-sabana-api.cyk.com.co/api/orders,240,0,0
1781508260025,391,Consultar pagos,200,OK,Ingreso-usuarios-muebles 1-1,text,true,,197679,316,1,1,https://compumuebles-sabana-api.cyk.com.co/api/payments,363,0,0
1781508260418,265,Ingreso Usuario,200,OK,Ingreso-usuarios-muebles 1-1,text,true,,538,408,1,1,https://compumuebles-sabana-api.cyk.com.co/api/auth/login,265,0,0
1781508260684,97,Seleccionar item - Sofa,200,OK,Ingreso-usuarios-muebles 1-1,text,true,,623,532,1,1,https://compumuebles-sabana-api.cyk.com.co/api/cart/items,97,0,0
1781508260782,103,Seleccionar item - Mesa,200,OK,Ingreso-usuarios-muebles 1-1,text,true,,756,530,1,1,https://compumuebles-sabana-api.cyk.com.co/api/cart/items,103,0,0
1781508260886,94,Seleccionar item - Neo,200,OK,Ingreso-usuarios-muebles 1-1,text,true,,883,524,1,1,https://compumuebles-sabana-api.cyk.com.co/api/cart/items,94,0,0
1781508260981,105,Seleccionar item - Escritorio,200,OK,Ingreso-usuarios-muebles 1-1,text,true,,1016,529,1,1,https://compumuebles-sabana-api.cyk.com.co/api/cart/items,105,0,0
1781508261086,96,Crear orden,201,Created,Ingreso-usuarios-muebles 1-1,text,true,,776,532,1,1,https://compumuebles-sabana-api.cyk.com.co/api/orders,96,0,0
1781508261182,101,Autorizar pago,200,OK,Ingreso-usuarios-muebles 1-1,text,true,,1488,1223,1,1,https://compumuebles-sabana-api.cyk.com.co/api/payments/authorize,101,0,0
1781508261284,98,Vaciar carrito,200,OK,Ingreso-usuarios-muebles 1-1,text,true,,482,377,1,1,https://compumuebles-sabana-api.cyk.com.co/api/cart/b2296a29-4636-42c7-bba9-6417c950f445/items,98,0,0
1781508261382,205,Consultar ordenes,200,OK,Ingreso-usuarios-muebles 1-1,text,true,,73616,314,1,1,https://compumuebles-sabana-api.cyk.com.co/api/orders,201,0,0
1781508261588,383,Consultar pagos,200,OK,Ingreso-usuarios-muebles 1-1,text,true,,198808,316,1,1,https://compumuebles-sabana-api.cyk.com.co/api/payments,359,0,0
1781508261972,257,Ingreso Usuario,200,OK,Ingreso-usuarios-muebles 1-1,text,true,,538,408,1,1,https://compumuebles-sabana-api.cyk.com.co/api/auth/login,257,0,0
1781508262229,97,Seleccionar item - Sofa,200,OK,Ingreso-usuarios-muebles 1-1,text,true,,623,532,1,1,https://compumuebles-sabana-api.cyk.com.co/api/cart/items,97,0,0
1781508262327,95,Seleccionar item - Mesa,200,OK,Ingreso-usuarios-muebles 1-1,text,true,,756,530,1,1,https://compumuebles-sabana-api.cyk.com.co/api/cart/items,95,0,0
1781508262423,97,Seleccionar item - Neo,200,OK,Ingreso-usuarios-muebles 1-1,text,true,,883,524,1,1,https://compumuebles-sabana-api.cyk.com.co/api/cart/items,97,0,0
1781508262520,114,Seleccionar item - Escritorio,200,OK,Ingreso-usuarios-muebles 1-1,text,true,,1016,529,1,1,https://compumuebles-sabana-api.cyk.com.co/api/cart/items,114,0,0
1781508262634,115,Crear orden,201,Created,Ingreso-usuarios-muebles 1-1,text,true,,776,532,1,1,https://compumuebles-sabana-api.cyk.com.co/api/orders,115,0,0
1781508262750,102,Autorizar pago,200,OK,Ingreso-usuarios-muebles 1-1,text,true,,1488,1223,1,1,https://compumuebles-sabana-api.cyk.com.co/api/payments/authorize,102,0,0
1781508262852,92,Vaciar carrito,200,OK,Ingreso-usuarios-muebles 1-1,text,true,,482,377,1,1,https://compumuebles-sabana-api.cyk.com.co/api/cart/b2296a29-4636-42c7-bba9-6417c950f445/items,92,0,0
1781508262944,222,Consultar ordenes,200,OK,Ingreso-usuarios-muebles 1-1,text,true,,74029,314,1,1,https://compumuebles-sabana-api.cyk.com.co/api/orders,210,0,0
1781508263167,388,Consultar pagos,200,OK,Ingreso-usuarios-muebles 1-1,text,true,,199937,316,1,1,https://compumuebles-sabana-api.cyk.com.co/api/payments,368,0,0
1781508263558,264,Ingreso Usuario,200,OK,Ingreso-usuarios-muebles 1-1,text,true,,538,408,1,1,https://compumuebles-sabana-api.cyk.com.co/api/auth/login,264,0,0
1781508263823,98,Seleccionar item - Sofa,200,OK,Ingreso-usuarios-muebles 1-1,text,true,,623,532,1,1,https://compumuebles-sabana-api.cyk.com.co/api/cart/items,98,0,0
1781508263922,101,Seleccionar item - Mesa,200,OK,Ingreso-usuarios-muebles 1-1,text,true,,756,530,1,1,https://compumuebles-sabana-api.cyk.com.co/api/cart/items,101,0,0
1781508264024,99,Seleccionar item - Neo,200,OK,Ingreso-usuarios-muebles 1-1,text,true,,883,524,1,1,https://compumuebles-sabana-api.cyk.com.co/api/cart/items,99,0,0
1781508264124,96,Seleccionar item - Escritorio,200,OK,Ingreso-usuarios-muebles 1-1,text,true,,1016,529,1,1,https://compumuebles-sabana-api.cyk.com.co/api/cart/items,96,0,0
1781508264239,101,Crear orden,201,Created,Ingreso-usuarios-muebles 1-1,text,true,,774,532,1,1,https://compumuebles-sabana-api.cyk.com.co/api/orders,101,0,0
1781508264340,105,Autorizar pago,200,OK,Ingreso-usuarios-muebles 1-1,text,true,,1488,1223,1,1,https://compumuebles-sabana-api.cyk.com.co/api/payments/authorize,105,0,0
1781508264445,95,Vaciar carrito,200,OK,Ingreso-usuarios-muebles 1-1,text,true,,482,377,1,1,https://compumuebles-sabana-api.cyk.com.co/api/cart/b2296a29-4636-42c7-bba9-6417c950f445/items,95,0,0
1781508264541,230,Consultar ordenes,200,OK,Ingreso-usuarios-muebles 1-1,text,true,,74440,314,1,1,https://compumuebles-sabana-api.cyk.com.co/api/orders,221,0,0
1781508264772,632,Consultar pagos,200,OK,Ingreso-usuarios-muebles 1-1,text,true,,201066,316,1,1,https://compumuebles-sabana-api.cyk.com.co/api/payments,559,0,0
1781508265407,260,Ingreso Usuario,200,OK,Ingreso-usuarios-muebles 1-1,text,true,,538,408,1,1,https://compumuebles-sabana-api.cyk.com.co/api/auth/login,260,0,0
1781508265668,102,Seleccionar item - Sofa,200,OK,Ingreso-usuarios-muebles 1-1,text,true,,623,532,1,1,https://compumuebles-sabana-api.cyk.com.co/api/cart/items,102,0,0
1781508265770,98,Seleccionar item - Mesa,200,OK,Ingreso-usuarios-muebles 1-1,text,true,,756,530,1,1,https://compumuebles-sabana-api.cyk.com.co/api/cart/items,98,0,0
1781508265869,102,Seleccionar item - Neo,200,OK,Ingreso-usuarios-muebles 1-1,text,true,,883,524,1,1,https://compumuebles-sabana-api.cyk.com.co/api/cart/items,102,0,0
1781508265972,96,Seleccionar item - Escritorio,200,OK,Ingreso-usuarios-muebles 1-1,text,true,,1016,529,1,1,https://compumuebles-sabana-api.cyk.com.co/api/cart/items,96,0,0
1781508266069,114,Crear orden,201,Created,Ingreso-usuarios-muebles 1-1,text,true,,776,532,1,1,https://compumuebles-sabana-api.cyk.com.co/api/orders,114,0,0
1781508266183,119,Autorizar pago,200,OK,Ingreso-usuarios-muebles 1-1,text,true,,1487,1223,1,1,https://compumuebles-sabana-api.cyk.com.co/api/payments/authorize,119,0,0
1781508266303,97,Vaciar carrito,200,OK,Ingreso-usuarios-muebles 1-1,text,true,,482,377,1,1,https://compumuebles-sabana-api.cyk.com.co/api/cart/b2296a29-4636-42c7-bba9-6417c950f445/items,97,0,0
1781508266400,220,Consultar ordenes,200,OK,Ingreso-usuarios-muebles 1-1,text,true,,74853,314,1,1,https://compumuebles-sabana-api.cyk.com.co/api/orders,216,0,0
1781508266621,389,Consultar pagos,200,OK,Ingreso-usuarios-muebles 1-1,text,true,,202194,316,1,1,https://compumuebles-sabana-api.cyk.com.co/api/payments,370,0,0
1781508267012,266,Ingreso Usuario,200,OK,Ingreso-usuarios-muebles 1-1,text,true,,538,408,1,1,https://compumuebles-sabana-api.cyk.com.co/api/auth/login,265,0,0
1781508267298,105,Seleccionar item - Sofa,200,OK,Ingreso-usuarios-muebles 1-1,text,true,,623,532,1,1,https://compumuebles-sabana-api.cyk.com.co/api/cart/items,105,0,0
1781508267404,97,Seleccionar item - Mesa,200,OK,Ingreso-usuarios-muebles 1-1,text,true,,756,530,1,1,https://compumuebles-sabana-api.cyk.com.co/api/cart/items,97,0,0
1781508267502,103,Seleccionar item - Neo,200,OK,Ingreso-usuarios-muebles 1-1,text,true,,883,524,1,1,https://compumuebles-sabana-api.cyk.com.co/api/cart/items,103,0,0
1781508267606,107,Seleccionar item - Escritorio,200,OK,Ingreso-usuarios-muebles 1-1,text,true,,1016,529,1,1,https://compumuebles-sabana-api.cyk.com.co/api/cart/items,107,0,0
1781508267714,101,Crear orden,201,Created,Ingreso-usuarios-muebles 1-1,text,true,,776,532,1,1,https://compumuebles-sabana-api.cyk.com.co/api/orders,101,0,0
1781508267816,121,Autorizar pago,200,OK,Ingreso-usuarios-muebles 1-1,text,true,,1486,1223,1,1,https://compumuebles-sabana-api.cyk.com.co/api/payments/authorize,121,0,0
1781508267938,109,Vaciar carrito,200,OK,Ingreso-usuarios-muebles 1-1,text,true,,482,377,1,1,https://compumuebles-sabana-api.cyk.com.co/api/cart/b2296a29-4636-42c7-bba9-6417c950f445/items,109,0,0
1781508268047,249,Consultar ordenes,200,OK,Ingreso-usuarios-muebles 1-1,text,true,,75266,314,1,1,https://compumuebles-sabana-api.cyk.com.co/api/orders,248,0,0
1781508268318,394,Consultar pagos,200,OK,Ingreso-usuarios-muebles 1-1,text,true,,203321,316,1,1,https://compumuebles-sabana-api.cyk.com.co/api/payments,374,0,0
1781508268714,255,Ingreso Usuario,200,OK,Ingreso-usuarios-muebles 1-1,text,true,,538,408,1,1,https://compumuebles-sabana-api.cyk.com.co/api/auth/login,255,0,0
1781508268969,99,Seleccionar item - Sofa,200,OK,Ingreso-usuarios-muebles 1-1,text,true,,623,532,1,1,https://compumuebles-sabana-api.cyk.com.co/api/cart/items,99,0,0
1781508269068,95,Seleccionar item - Mesa,200,OK,Ingreso-usuarios-muebles 1-1,text,true,,756,530,1,1,https://compumuebles-sabana-api.cyk.com.co/api/cart/items,95,0,0
1781508269163,100,Seleccionar item - Neo,200,OK,Ingreso-usuarios-muebles 1-1,text,true,,883,524,1,1,https://compumuebles-sabana-api.cyk.com.co/api/cart/items,100,0,0
1781508269263,100,Seleccionar item - Escritorio,200,OK,Ingreso-usuarios-muebles 1-1,text,true,,1016,529,1,1,https://compumuebles-sabana-api.cyk.com.co/api/cart/items,100,0,0
1781508269363,95,Crear orden,201,Created,Ingreso-usuarios-muebles 1-1,text,true,,776,532,1,1,https://compumuebles-sabana-api.cyk.com.co/api/orders,95,0,0
1781508269458,101,Autorizar pago,200,OK,Ingreso-usuarios-muebles 1-1,text,true,,1487,1223,1,1,https://compumuebles-sabana-api.cyk.com.co/api/payments/authorize,101,0,0
1781508269559,107,Vaciar carrito,200,OK,Ingreso-usuarios-muebles 1-1,text,true,,482,377,1,1,https://compumuebles-sabana-api.cyk.com.co/api/cart/b2296a29-4636-42c7-bba9-6417c950f445/items,107,0,0
1781508269667,222,Consultar ordenes,200,OK,Ingreso-usuarios-muebles 1-1,text,true,,75679,314,1,1,https://compumuebles-sabana-api.cyk.com.co/api/orders,213,0,0
1781508269890,396,Consultar pagos,200,OK,Ingreso-usuarios-muebles 1-1,text,true,,204449,316,1,1,https://compumuebles-sabana-api.cyk.com.co/api/payments,370,0,0
1781508270289,251,Ingreso Usuario,200,OK,Ingreso-usuarios-muebles 1-1,text,true,,538,408,1,1,https://compumuebles-sabana-api.cyk.com.co/api/auth/login,251,0,0
1781508270541,111,Seleccionar item - Sofa,200,OK,Ingreso-usuarios-muebles 1-1,text,true,,623,532,1,1,https://compumuebles-sabana-api.cyk.com.co/api/cart/items,111,0,0
1781508270652,103,Seleccionar item - Mesa,200,OK,Ingreso-usuarios-muebles 1-1,text,true,,756,530,1,1,https://compumuebles-sabana-api.cyk.com.co/api/cart/items,103,0,0
1781508270755,100,Seleccionar item - Neo,200,OK,Ingreso-usuarios-muebles 1-1,text,true,,883,524,1,1,https://compumuebles-sabana-api.cyk.com.co/api/cart/items,100,0,0
1781508270863,102,Seleccionar item - Escritorio,200,OK,Ingreso-usuarios-muebles 1-1,text,true,,1016,529,1,1,https://compumuebles-sabana-api.cyk.com.co/api/cart/items,102,0,0
1781508270966,95,Crear orden,201,Created,Ingreso-usuarios-muebles 1-1,text,true,,776,532,1,1,https://compumuebles-sabana-api.cyk.com.co/api/orders,95,0,0
1781508271062,98,Autorizar pago,200,OK,Ingreso-usuarios-muebles 1-1,text,true,,1488,1223,1,1,https://compumuebles-sabana-api.cyk.com.co/api/payments/authorize,98,0,0
1781508271160,94,Vaciar carrito,200,OK,Ingreso-usuarios-muebles 1-1,text,true,,482,377,1,1,https://compumuebles-sabana-api.cyk.com.co/api/cart/b2296a29-4636-42c7-bba9-6417c950f445/items,94,0,0
1781508271254,226,Consultar ordenes,200,OK,Ingreso-usuarios-muebles 1-1,text,true,,76092,314,1,1,https://compumuebles-sabana-api.cyk.com.co/api/orders,214,0,0
1781508271481,403,Consultar pagos,200,OK,Ingreso-usuarios-muebles 1-1,text,true,,205578,316,1,1,https://compumuebles-sabana-api.cyk.com.co/api/payments,366,0,0
1781508271886,258,Ingreso Usuario,200,OK,Ingreso-usuarios-muebles 1-1,text,true,,538,408,1,1,https://compumuebles-sabana-api.cyk.com.co/api/auth/login,258,0,0
1781508272145,99,Seleccionar item - Sofa,200,OK,Ingreso-usuarios-muebles 1-1,text,true,,623,532,1,1,https://compumuebles-sabana-api.cyk.com.co/api/cart/items,99,0,0
1781508272244,100,Seleccionar item - Mesa,200,OK,Ingreso-usuarios-muebles 1-1,text,true,,756,530,1,1,https://compumuebles-sabana-api.cyk.com.co/api/cart/items,100,0,0
1781508272345,97,Seleccionar item - Neo,200,OK,Ingreso-usuarios-muebles 1-1,text,true,,883,524,1,1,https://compumuebles-sabana-api.cyk.com.co/api/cart/items,97,0,0
1781508272442,102,Seleccionar item - Escritorio,200,OK,Ingreso-usuarios-muebles 1-1,text,true,,1016,529,1,1,https://compumuebles-sabana-api.cyk.com.co/api/cart/items,102,0,0
1781508272544,111,Crear orden,201,Created,Ingreso-usuarios-muebles 1-1,text,true,,776,532,1,1,https://compumuebles-sabana-api.cyk.com.co/api/orders,111,0,0
1781508272656,109,Autorizar pago,200,OK,Ingreso-usuarios-muebles 1-1,text,true,,1488,1223,1,1,https://compumuebles-sabana-api.cyk.com.co/api/payments/authorize,109,0,0
1781508272765,93,Vaciar carrito,200,OK,Ingreso-usuarios-muebles 1-1,text,true,,482,377,1,1,https://compumuebles-sabana-api.cyk.com.co/api/cart/b2296a29-4636-42c7-bba9-6417c950f445/items,93,0,0
1781508272858,224,Consultar ordenes,200,OK,Ingreso-usuarios-muebles 1-1,text,true,,76505,314,1,1,https://compumuebles-sabana-api.cyk.com.co/api/orders,219,0,0
1781508273084,386,Consultar pagos,200,OK,Ingreso-usuarios-muebles 1-1,text,true,,206707,316,1,1,https://compumuebles-sabana-api.cyk.com.co/api/payments,361,0,0
1781508273472,263,Ingreso Usuario,200,OK,Ingreso-usuarios-muebles 1-1,text,true,,538,408,1,1,https://compumuebles-sabana-api.cyk.com.co/api/auth/login,263,0,0
1781508273735,102,Seleccionar item - Sofa,200,OK,Ingreso-usuarios-muebles 1-1,text,true,,623,532,1,1,https://compumuebles-sabana-api.cyk.com.co/api/cart/items,102,0,0
1781508273838,100,Seleccionar item - Mesa,200,OK,Ingreso-usuarios-muebles 1-1,text,true,,756,530,1,1,https://compumuebles-sabana-api.cyk.com.co/api/cart/items,100,0,0
1781508273938,98,Seleccionar item - Neo,200,OK,Ingreso-usuarios-muebles 1-1,text,true,,883,524,1,1,https://compumuebles-sabana-api.cyk.com.co/api/cart/items,98,0,0
1781508274037,94,Seleccionar item - Escritorio,200,OK,Ingreso-usuarios-muebles 1-1,text,true,,1016,529,1,1,https://compumuebles-sabana-api.cyk.com.co/api/cart/items,94,0,0
1781508274132,96,Crear orden,201,Created,Ingreso-usuarios-muebles 1-1,text,true,,776,532,1,1,https://compumuebles-sabana-api.cyk.com.co/api/orders,96,0,0
1781508274228,100,Autorizar pago,200,OK,Ingreso-usuarios-muebles 1-1,text,true,,1488,1223,1,1,https://compumuebles-sabana-api.cyk.com.co/api/payments/authorize,100,0,0
1781508274328,94,Vaciar carrito,200,OK,Ingreso-usuarios-muebles 1-1,text,true,,482,377,1,1,https://compumuebles-sabana-api.cyk.com.co/api/cart/b2296a29-4636-42c7-bba9-6417c950f445/items,94,0,0
1781508274434,219,Consultar ordenes,200,OK,Ingreso-usuarios-muebles 1-1,text,true,,76918,314,1,1,https://compumuebles-sabana-api.cyk.com.co/api/orders,213,0,0
1781508274655,467,Consultar pagos,200,OK,Ingreso-usuarios-muebles 1-1,text,true,,207836,316,1,1,https://compumuebles-sabana-api.cyk.com.co/api/payments,434,0,0
1781508275125,315,Ingreso Usuario,200,OK,Ingreso-usuarios-muebles 1-1,text,true,,538,408,1,1,https://compumuebles-sabana-api.cyk.com.co/api/auth/login,315,0,0
1781508275451,98,Seleccionar item - Sofa,200,OK,Ingreso-usuarios-muebles 1-1,text,true,,623,532,1,1,https://compumuebles-sabana-api.cyk.com.co/api/cart/items,98,0,0
1781508275549,115,Seleccionar item - Mesa,200,OK,Ingreso-usuarios-muebles 1-1,text,true,,756,530,1,1,https://compumuebles-sabana-api.cyk.com.co/api/cart/items,115,0,0
1781508275665,98,Seleccionar item - Neo,200,OK,Ingreso-usuarios-muebles 1-1,text,true,,883,524,1,1,https://compumuebles-sabana-api.cyk.com.co/api/cart/items,98,0,0
1781508275763,97,Seleccionar item - Escritorio,200,OK,Ingreso-usuarios-muebles 1-1,text,true,,1016,529,1,1,https://compumuebles-sabana-api.cyk.com.co/api/cart/items,97,0,0
1781508275860,106,Crear orden,201,Created,Ingreso-usuarios-muebles 1-1,text,true,,776,532,1,1,https://compumuebles-sabana-api.cyk.com.co/api/orders,106,0,0
1781508275967,103,Autorizar pago,200,OK,Ingreso-usuarios-muebles 1-1,text,true,,1487,1223,1,1,https://compumuebles-sabana-api.cyk.com.co/api/payments/authorize,103,0,0
1781508276070,94,Vaciar carrito,200,OK,Ingreso-usuarios-muebles 1-1,text,true,,482,377,1,1,https://compumuebles-sabana-api.cyk.com.co/api/cart/b2296a29-4636-42c7-bba9-6417c950f445/items,94,0,0
1781508276165,246,Consultar ordenes,200,OK,Ingreso-usuarios-muebles 1-1,text,true,,77331,314,1,1,https://compumuebles-sabana-api.cyk.com.co/api/orders,235,0,0
1781508276413,403,Consultar pagos,200,OK,Ingreso-usuarios-muebles 1-1,text,true,,208964,316,1,1,https://compumuebles-sabana-api.cyk.com.co/api/payments,391,0,0
1781508276819,257,Ingreso Usuario,200,OK,Ingreso-usuarios-muebles 1-1,text,true,,538,408,1,1,https://compumuebles-sabana-api.cyk.com.co/api/auth/login,257,0,0
1781508277077,97,Seleccionar item - Sofa,200,OK,Ingreso-usuarios-muebles 1-1,text,true,,623,532,1,1,https://compumuebles-sabana-api.cyk.com.co/api/cart/items,97,0,0
1781508277174,101,Seleccionar item - Mesa,200,OK,Ingreso-usuarios-muebles 1-1,text,true,,756,530,1,1,https://compumuebles-sabana-api.cyk.com.co/api/cart/items,101,0,0
1781508277275,129,Seleccionar item - Neo,200,OK,Ingreso-usuarios-muebles 1-1,text,true,,883,524,1,1,https://compumuebles-sabana-api.cyk.com.co/api/cart/items,129,0,0
1781508277404,97,Seleccionar item - Escritorio,200,OK,Ingreso-usuarios-muebles 1-1,text,true,,1016,529,1,1,https://compumuebles-sabana-api.cyk.com.co/api/cart/items,97,0,0
1781508277502,119,Crear orden,201,Created,Ingreso-usuarios-muebles 1-1,text,true,,776,532,1,1,https://compumuebles-sabana-api.cyk.com.co/api/orders,119,0,0
1781508277622,107,Autorizar pago,200,OK,Ingreso-usuarios-muebles 1-1,text,true,,1488,1223,1,1,https://compumuebles-sabana-api.cyk.com.co/api/payments/authorize,107,0,0
1781508277730,95,Vaciar carrito,200,OK,Ingreso-usuarios-muebles 1-1,text,true,,482,377,1,1,https://compumuebles-sabana-api.cyk.com.co/api/cart/b2296a29-4636-42c7-bba9-6417c950f445/items,95,0,0
1781508277826,252,Consultar ordenes,200,OK,Ingreso-usuarios-muebles 1-1,text,true,,77744,314,1,1,https://compumuebles-sabana-api.cyk.com.co/api/orders,246,0,0
1781508278079,437,Consultar pagos,200,OK,Ingreso-usuarios-muebles 1-1,text,true,,210093,316,1,1,https://compumuebles-sabana-api.cyk.com.co/api/payments,427,0,0
1781508278518,273,Ingreso Usuario,200,OK,Ingreso-usuarios-muebles 1-1,text,true,,538,408,1,1,https://compumuebles-sabana-api.cyk.com.co/api/auth/login,272,0,0
1781508278791,100,Seleccionar item - Sofa,200,OK,Ingreso-usuarios-muebles 1-1,text,true,,623,532,1,1,https://compumuebles-sabana-api.cyk.com.co/api/cart/items,100,0,0
1781508278891,97,Seleccionar item - Mesa,200,OK,Ingreso-usuarios-muebles 1-1,text,true,,756,530,1,1,https://compumuebles-sabana-api.cyk.com.co/api/cart/items,97,0,0
1781508279012,98,Seleccionar item - Neo,200,OK,Ingreso-usuarios-muebles 1-1,text,true,,883,524,1,1,https://compumuebles-sabana-api.cyk.com.co/api/cart/items,98,0,0
1781508279110,97,Seleccionar item - Escritorio,200,OK,Ingreso-usuarios-muebles 1-1,text,true,,1016,529,1,1,https://compumuebles-sabana-api.cyk.com.co/api/cart/items,97,0,0
1781508279208,106,Crear orden,201,Created,Ingreso-usuarios-muebles 1-1,text,true,,776,532,1,1,https://compumuebles-sabana-api.cyk.com.co/api/orders,106,0,0
1781508279314,99,Autorizar pago,200,OK,Ingreso-usuarios-muebles 1-1,text,true,,1487,1223,1,1,https://compumuebles-sabana-api.cyk.com.co/api/payments/authorize,99,0,0
1781508279415,96,Vaciar carrito,200,OK,Ingreso-usuarios-muebles 1-1,text,true,,482,377,1,1,https://compumuebles-sabana-api.cyk.com.co/api/cart/b2296a29-4636-42c7-bba9-6417c950f445/items,96,0,0
1781508279526,220,Consultar ordenes,200,OK,Ingreso-usuarios-muebles 1-1,text,true,,78157,314,1,1,https://compumuebles-sabana-api.cyk.com.co/api/orders,215,0,0
1781508279747,410,Consultar pagos,200,OK,Ingreso-usuarios-muebles 1-1,text,true,,211221,316,1,1,https://compumuebles-sabana-api.cyk.com.co/api/payments,386,0,0
1781508280159,251,Ingreso Usuario,200,OK,Ingreso-usuarios-muebles 1-1,text,true,,538,408,1,1,https://compumuebles-sabana-api.cyk.com.co/api/auth/login,251,0,0
1781508280410,111,Seleccionar item - Sofa,200,OK,Ingreso-usuarios-muebles 1-1,text,true,,623,532,1,1,https://compumuebles-sabana-api.cyk.com.co/api/cart/items,111,0,0
1781508280538,114,Seleccionar item - Mesa,200,OK,Ingreso-usuarios-muebles 1-1,text,true,,756,530,1,1,https://compumuebles-sabana-api.cyk.com.co/api/cart/items,114,0,0
1781508280652,100,Seleccionar item - Neo,200,OK,Ingreso-usuarios-muebles 1-1,text,true,,883,524,1,1,https://compumuebles-sabana-api.cyk.com.co/api/cart/items,100,0,0
1781508280752,104,Seleccionar item - Escritorio,200,OK,Ingreso-usuarios-muebles 1-1,text,true,,1016,529,1,1,https://compumuebles-sabana-api.cyk.com.co/api/cart/items,104,0,0
1781508280856,100,Crear orden,201,Created,Ingreso-usuarios-muebles 1-1,text,true,,776,532,1,1,https://compumuebles-sabana-api.cyk.com.co/api/orders,100,0,0
1781508280956,109,Autorizar pago,200,OK,Ingreso-usuarios-muebles 1-1,text,true,,1488,1223,1,1,https://compumuebles-sabana-api.cyk.com.co/api/payments/authorize,109,0,0
1781508281065,92,Vaciar carrito,200,OK,Ingreso-usuarios-muebles 1-1,text,true,,482,377,1,1,https://compumuebles-sabana-api.cyk.com.co/api/cart/b2296a29-4636-42c7-bba9-6417c950f445/items,92,0,0
1781508281158,219,Consultar ordenes,200,OK,Ingreso-usuarios-muebles 1-1,text,true,,78570,314,1,1,https://compumuebles-sabana-api.cyk.com.co/api/orders,212,0,0
1781508281378,389,Consultar pagos,200,OK,Ingreso-usuarios-muebles 1-1,text,true,,212350,316,1,1,https://compumuebles-sabana-api.cyk.com.co/api/payments,370,0,0
1781508281769,264,Ingreso Usuario,200,OK,Ingreso-usuarios-muebles 1-1,text,true,,538,408,1,1,https://compumuebles-sabana-api.cyk.com.co/api/auth/login,264,0,0
1781508282065,97,Seleccionar item - Sofa,200,OK,Ingreso-usuarios-muebles 1-1,text,true,,623,532,1,1,https://compumuebles-sabana-api.cyk.com.co/api/cart/items,97,0,0
1781508282163,99,Seleccionar item - Mesa,200,OK,Ingreso-usuarios-muebles 1-1,text,true,,756,530,1,1,https://compumuebles-sabana-api.cyk.com.co/api/cart/items,99,0,0
1781508282263,107,Seleccionar item - Neo,200,OK,Ingreso-usuarios-muebles 1-1,text,true,,883,524,1,1,https://compumuebles-sabana-api.cyk.com.co/api/cart/items,107,0,0
1781508282371,101,Seleccionar item - Escritorio,200,OK,Ingreso-usuarios-muebles 1-1,text,true,,1016,529,1,1,https://compumuebles-sabana-api.cyk.com.co/api/cart/items,101,0,0
1781508282472,99,Crear orden,201,Created,Ingreso-usuarios-muebles 1-1,text,true,,776,532,1,1,https://compumuebles-sabana-api.cyk.com.co/api/orders,99,0,0
1781508282573,116,Autorizar pago,200,OK,Ingreso-usuarios-muebles 1-1,text,true,,1488,1223,1,1,https://compumuebles-sabana-api.cyk.com.co/api/payments/authorize,116,0,0
1781508282690,96,Vaciar carrito,200,OK,Ingreso-usuarios-muebles 1-1,text,true,,482,377,1,1,https://compumuebles-sabana-api.cyk.com.co/api/cart/b2296a29-4636-42c7-bba9-6417c950f445/items,96,0,0
1781508282787,222,Consultar ordenes,200,OK,Ingreso-usuarios-muebles 1-1,text,true,,78983,314,1,1,https://compumuebles-sabana-api.cyk.com.co/api/orders,221,0,0
1781508283011,409,Consultar pagos,200,OK,Ingreso-usuarios-muebles 1-1,text,true,,213479,316,1,1,https://compumuebles-sabana-api.cyk.com.co/api/payments,386,0,0
1781508283423,257,Ingreso Usuario,200,OK,Ingreso-usuarios-muebles 1-1,text,true,,538,408,1,1,https://compumuebles-sabana-api.cyk.com.co/api/auth/login,257,0,0
1781508283680,96,Seleccionar item - Sofa,200,OK,Ingreso-usuarios-muebles 1-1,text,true,,623,532,1,1,https://compumuebles-sabana-api.cyk.com.co/api/cart/items,96,0,0
1781508283776,98,Seleccionar item - Mesa,200,OK,Ingreso-usuarios-muebles 1-1,text,true,,756,530,1,1,https://compumuebles-sabana-api.cyk.com.co/api/cart/items,98,0,0
1781508283875,95,Seleccionar item - Neo,200,OK,Ingreso-usuarios-muebles 1-1,text,true,,883,524,1,1,https://compumuebles-sabana-api.cyk.com.co/api/cart/items,95,0,0
1781508283971,112,Seleccionar item - Escritorio,200,OK,Ingreso-usuarios-muebles 1-1,text,true,,1016,529,1,1,https://compumuebles-sabana-api.cyk.com.co/api/cart/items,112,0,0
1781508284105,98,Crear orden,201,Created,Ingreso-usuarios-muebles 1-1,text,true,,776,532,1,1,https://compumuebles-sabana-api.cyk.com.co/api/orders,98,0,0
1781508284203,107,Autorizar pago,200,OK,Ingreso-usuarios-muebles 1-1,text,true,,1487,1223,1,1,https://compumuebles-sabana-api.cyk.com.co/api/payments/authorize,107,0,0
1781508284310,95,Vaciar carrito,200,OK,Ingreso-usuarios-muebles 1-1,text,true,,482,377,1,1,https://compumuebles-sabana-api.cyk.com.co/api/cart/b2296a29-4636-42c7-bba9-6417c950f445/items,95,0,0
1781508284405,242,Consultar ordenes,200,OK,Ingreso-usuarios-muebles 1-1,text,true,,79396,314,1,1,https://compumuebles-sabana-api.cyk.com.co/api/orders,232,0,0
1781508284648,477,Consultar pagos,200,OK,Ingreso-usuarios-muebles 1-1,text,true,,214607,316,1,1,https://compumuebles-sabana-api.cyk.com.co/api/payments,439,0,0
1781508285127,318,Ingreso Usuario,200,OK,Ingreso-usuarios-muebles 1-1,text,true,,538,408,1,1,https://compumuebles-sabana-api.cyk.com.co/api/auth/login,318,0,0
1781508285445,95,Seleccionar item - Sofa,200,OK,Ingreso-usuarios-muebles 1-1,text,true,,623,532,1,1,https://compumuebles-sabana-api.cyk.com.co/api/cart/items,95,0,0
1781508285541,302,Seleccionar item - Mesa,200,OK,Ingreso-usuarios-muebles 1-1,text,true,,756,530,1,1,https://compumuebles-sabana-api.cyk.com.co/api/cart/items,302,0,195
1781508285843,97,Seleccionar item - Neo,200,OK,Ingreso-usuarios-muebles 1-1,text,true,,883,524,1,1,https://compumuebles-sabana-api.cyk.com.co/api/cart/items,97,0,0
1781508285941,101,Seleccionar item - Escritorio,200,OK,Ingreso-usuarios-muebles 1-1,text,true,,1016,529,1,1,https://compumuebles-sabana-api.cyk.com.co/api/cart/items,101,0,0
1781508286043,102,Crear orden,201,Created,Ingreso-usuarios-muebles 1-1,text,true,,776,532,1,1,https://compumuebles-sabana-api.cyk.com.co/api/orders,102,0,0
1781508286145,105,Autorizar pago,200,OK,Ingreso-usuarios-muebles 1-1,text,true,,1488,1223,1,1,https://compumuebles-sabana-api.cyk.com.co/api/payments/authorize,105,0,0
1781508286250,101,Vaciar carrito,200,OK,Ingreso-usuarios-muebles 1-1,text,true,,482,377,1,1,https://compumuebles-sabana-api.cyk.com.co/api/cart/b2296a29-4636-42c7-bba9-6417c950f445/items,101,0,0
1781508286352,390,Consultar ordenes,200,OK,Ingreso-usuarios-muebles 1-1,text,true,,79809,314,1,1,https://compumuebles-sabana-api.cyk.com.co/api/orders,230,0,0
1781508286743,582,Consultar pagos,200,OK,Ingreso-usuarios-muebles 1-1,text,true,,215736,316,1,1,https://compumuebles-sabana-api.cyk.com.co/api/payments,398,0,0
1781508287330,273,Ingreso Usuario,200,OK,Ingreso-usuarios-muebles 1-1,text,true,,538,408,1,1,https://compumuebles-sabana-api.cyk.com.co/api/auth/login,273,0,0
1781508287603,99,Seleccionar item - Sofa,200,OK,Ingreso-usuarios-muebles 1-1,text,true,,623,532,1,1,https://compumuebles-sabana-api.cyk.com.co/api/cart/items,99,0,0
1781508287702,100,Seleccionar item - Mesa,200,OK,Ingreso-usuarios-muebles 1-1,text,true,,756,530,1,1,https://compumuebles-sabana-api.cyk.com.co/api/cart/items,100,0,0
1781508287803,96,Seleccionar item - Neo,200,OK,Ingreso-usuarios-muebles 1-1,text,true,,883,524,1,1,https://compumuebles-sabana-api.cyk.com.co/api/cart/items,96,0,0
1781508287899,106,Seleccionar item - Escritorio,200,OK,Ingreso-usuarios-muebles 1-1,text,true,,1016,529,1,1,https://compumuebles-sabana-api.cyk.com.co/api/cart/items,106,0,0
1781508288005,102,Crear orden,201,Created,Ingreso-usuarios-muebles 1-1,text,true,,774,532,1,1,https://compumuebles-sabana-api.cyk.com.co/api/orders,102,0,0
1781508288107,107,Autorizar pago,200,OK,Ingreso-usuarios-muebles 1-1,text,true,,1488,1223,1,1,https://compumuebles-sabana-api.cyk.com.co/api/payments/authorize,107,0,0
1781508288215,115,Vaciar carrito,200,OK,Ingreso-usuarios-muebles 1-1,text,true,,482,377,1,1,https://compumuebles-sabana-api.cyk.com.co/api/cart/b2296a29-4636-42c7-bba9-6417c950f445/items,115,0,0
1781508288330,232,Consultar ordenes,200,OK,Ingreso-usuarios-muebles 1-1,text,true,,80220,314,1,1,https://compumuebles-sabana-api.cyk.com.co/api/orders,225,0,0
1781508288563,467,Consultar pagos,200,OK,Ingreso-usuarios-muebles 1-1,text,true,,216865,316,1,1,https://compumuebles-sabana-api.cyk.com.co/api/payments,393,0,0
1781508289034,256,Ingreso Usuario,200,OK,Ingreso-usuarios-muebles 1-1,text,true,,538,408,1,1,https://compumuebles-sabana-api.cyk.com.co/api/auth/login,256,0,0
1781508289291,98,Seleccionar item - Sofa,200,OK,Ingreso-usuarios-muebles 1-1,text,true,,623,532,1,1,https://compumuebles-sabana-api.cyk.com.co/api/cart/items,98,0,0
1781508289389,103,Seleccionar item - Mesa,200,OK,Ingreso-usuarios-muebles 1-1,text,true,,756,530,1,1,https://compumuebles-sabana-api.cyk.com.co/api/cart/items,103,0,0
1781508289492,108,Seleccionar item - Neo,200,OK,Ingreso-usuarios-muebles 1-1,text,true,,883,524,1,1,https://compumuebles-sabana-api.cyk.com.co/api/cart/items,108,0,0
1781508289601,110,Seleccionar item - Escritorio,200,OK,Ingreso-usuarios-muebles 1-1,text,true,,1016,529,1,1,https://compumuebles-sabana-api.cyk.com.co/api/cart/items,110,0,0
1781508289711,100,Crear orden,201,Created,Ingreso-usuarios-muebles 1-1,text,true,,776,532,1,1,https://compumuebles-sabana-api.cyk.com.co/api/orders,100,0,0
1781508289811,103,Autorizar pago,200,OK,Ingreso-usuarios-muebles 1-1,text,true,,1488,1223,1,1,https://compumuebles-sabana-api.cyk.com.co/api/payments/authorize,103,0,0
1781508289914,93,Vaciar carrito,200,OK,Ingreso-usuarios-muebles 1-1,text,true,,482,377,1,1,https://compumuebles-sabana-api.cyk.com.co/api/cart/b2296a29-4636-42c7-bba9-6417c950f445/items,93,0,0
1781508290007,248,Consultar ordenes,200,OK,Ingreso-usuarios-muebles 1-1,text,true,,80633,314,1,1,https://compumuebles-sabana-api.cyk.com.co/api/orders,239,0,0
1781508290256,410,Consultar pagos,200,OK,Ingreso-usuarios-muebles 1-1,text,true,,217994,316,1,1,https://compumuebles-sabana-api.cyk.com.co/api/payments,383,0,0
1781508290670,255,Ingreso Usuario,200,OK,Ingreso-usuarios-muebles 1-1,text,true,,538,408,1,1,https://compumuebles-sabana-api.cyk.com.co/api/auth/login,255,0,0
1781508290926,100,Seleccionar item - Sofa,200,OK,Ingreso-usuarios-muebles 1-1,text,true,,623,532,1,1,https://compumuebles-sabana-api.cyk.com.co/api/cart/items,100,0,0
1781508291027,105,Seleccionar item - Mesa,200,OK,Ingreso-usuarios-muebles 1-1,text,true,,756,530,1,1,https://compumuebles-sabana-api.cyk.com.co/api/cart/items,105,0,0
1781508291132,108,Seleccionar item - Neo,200,OK,Ingreso-usuarios-muebles 1-1,text,true,,883,524,1,1,https://compumuebles-sabana-api.cyk.com.co/api/cart/items,108,0,0
1781508291240,95,Seleccionar item - Escritorio,200,OK,Ingreso-usuarios-muebles 1-1,text,true,,1016,529,1,1,https://compumuebles-sabana-api.cyk.com.co/api/cart/items,95,0,0
1781508291335,95,Crear orden,201,Created,Ingreso-usuarios-muebles 1-1,text,true,,776,532,1,1,https://compumuebles-sabana-api.cyk.com.co/api/orders,95,0,0
1781508291430,103,Autorizar pago,200,OK,Ingreso-usuarios-muebles 1-1,text,true,,1488,1223,1,1,https://compumuebles-sabana-api.cyk.com.co/api/payments/authorize,103,0,0
1781508291533,109,Vaciar carrito,200,OK,Ingreso-usuarios-muebles 1-1,text,true,,482,377,1,1,https://compumuebles-sabana-api.cyk.com.co/api/cart/b2296a29-4636-42c7-bba9-6417c950f445/items,109,0,0
1781508291642,234,Consultar ordenes,200,OK,Ingreso-usuarios-muebles 1-1,text,true,,81046,314,1,1,https://compumuebles-sabana-api.cyk.com.co/api/orders,225,0,0
1781508291877,409,Consultar pagos,200,OK,Ingreso-usuarios-muebles 1-1,text,true,,219123,316,1,1,https://compumuebles-sabana-api.cyk.com.co/api/payments,384,0,0
1781508292288,255,Ingreso Usuario,200,OK,Ingreso-usuarios-muebles 1-1,text,true,,538,408,1,1,https://compumuebles-sabana-api.cyk.com.co/api/auth/login,255,0,0
1781508292543,111,Seleccionar item - Sofa,200,OK,Ingreso-usuarios-muebles 1-1,text,true,,623,532,1,1,https://compumuebles-sabana-api.cyk.com.co/api/cart/items,111,0,0
1781508292655,109,Seleccionar item - Mesa,200,OK,Ingreso-usuarios-muebles 1-1,text,true,,756,530,1,1,https://compumuebles-sabana-api.cyk.com.co/api/cart/items,109,0,0
1781508292765,97,Seleccionar item - Neo,200,OK,Ingreso-usuarios-muebles 1-1,text,true,,883,524,1,1,https://compumuebles-sabana-api.cyk.com.co/api/cart/items,97,0,0
1781508292863,100,Seleccionar item - Escritorio,200,OK,Ingreso-usuarios-muebles 1-1,text,true,,1016,529,1,1,https://compumuebles-sabana-api.cyk.com.co/api/cart/items,100,0,0
1781508292963,99,Crear orden,201,Created,Ingreso-usuarios-muebles 1-1,text,true,,776,532,1,1,https://compumuebles-sabana-api.cyk.com.co/api/orders,99,0,0
1781508293063,106,Autorizar pago,200,OK,Ingreso-usuarios-muebles 1-1,text,true,,1488,1223,1,1,https://compumuebles-sabana-api.cyk.com.co/api/payments/authorize,106,0,0
1781508293170,96,Vaciar carrito,200,OK,Ingreso-usuarios-muebles 1-1,text,true,,482,377,1,1,https://compumuebles-sabana-api.cyk.com.co/api/cart/b2296a29-4636-42c7-bba9-6417c950f445/items,96,0,0
1781508293271,237,Consultar ordenes,200,OK,Ingreso-usuarios-muebles 1-1,text,true,,81459,314,1,1,https://compumuebles-sabana-api.cyk.com.co/api/orders,230,0,0
1781508293509,409,Consultar pagos,200,OK,Ingreso-usuarios-muebles 1-1,text,true,,220252,316,1,1,https://compumuebles-sabana-api.cyk.com.co/api/payments,385,0,0
1781508293921,261,Ingreso Usuario,200,OK,Ingreso-usuarios-muebles 1-1,text,true,,538,408,1,1,https://compumuebles-sabana-api.cyk.com.co/api/auth/login,261,0,0
1781508294183,106,Seleccionar item - Sofa,200,OK,Ingreso-usuarios-muebles 1-1,text,true,,623,532,1,1,https://compumuebles-sabana-api.cyk.com.co/api/cart/items,106,0,0
1781508294290,100,Seleccionar item - Mesa,200,OK,Ingreso-usuarios-muebles 1-1,text,true,,756,530,1,1,https://compumuebles-sabana-api.cyk.com.co/api/cart/items,100,0,0
1781508294390,99,Seleccionar item - Neo,200,OK,Ingreso-usuarios-muebles 1-1,text,true,,883,524,1,1,https://compumuebles-sabana-api.cyk.com.co/api/cart/items,99,0,0
1781508294489,124,Seleccionar item - Escritorio,200,OK,Ingreso-usuarios-muebles 1-1,text,true,,1016,529,1,1,https://compumuebles-sabana-api.cyk.com.co/api/cart/items,124,0,0
1781508294613,96,Crear orden,201,Created,Ingreso-usuarios-muebles 1-1,text,true,,776,532,1,1,https://compumuebles-sabana-api.cyk.com.co/api/orders,96,0,0
1781508294710,108,Autorizar pago,200,OK,Ingreso-usuarios-muebles 1-1,text,true,,1488,1223,1,1,https://compumuebles-sabana-api.cyk.com.co/api/payments/authorize,108,0,0
1781508294818,93,Vaciar carrito,200,OK,Ingreso-usuarios-muebles 1-1,text,true,,482,377,1,1,https://compumuebles-sabana-api.cyk.com.co/api/cart/b2296a29-4636-42c7-bba9-6417c950f445/items,93,0,0
1781508294912,354,Consultar ordenes,200,OK,Ingreso-usuarios-muebles 1-1,text,true,,81872,314,1,1,https://compumuebles-sabana-api.cyk.com.co/api/orders,345,0,0
1781508295309,412,Consultar pagos,200,OK,Ingreso-usuarios-muebles 1-1,text,true,,221381,316,1,1,https://compumuebles-sabana-api.cyk.com.co/api/payments,387,0,0
1781508295725,256,Ingreso Usuario,200,OK,Ingreso-usuarios-muebles 1-1,text,true,,538,408,1,1,https://compumuebles-sabana-api.cyk.com.co/api/auth/login,256,0,0
1781508295981,103,Seleccionar item - Sofa,200,OK,Ingreso-usuarios-muebles 1-1,text,true,,623,532,1,1,https://compumuebles-sabana-api.cyk.com.co/api/cart/items,103,0,0
1781508296085,95,Seleccionar item - Mesa,200,OK,Ingreso-usuarios-muebles 1-1,text,true,,756,530,1,1,https://compumuebles-sabana-api.cyk.com.co/api/cart/items,95,0,0
1781508296180,105,Seleccionar item - Neo,200,OK,Ingreso-usuarios-muebles 1-1,text,true,,883,524,1,1,https://compumuebles-sabana-api.cyk.com.co/api/cart/items,105,0,0
1781508296325,101,Seleccionar item - Escritorio,200,OK,Ingreso-usuarios-muebles 1-1,text,true,,1016,529,1,1,https://compumuebles-sabana-api.cyk.com.co/api/cart/items,101,0,0
1781508296426,99,Crear orden,201,Created,Ingreso-usuarios-muebles 1-1,text,true,,776,532,1,1,https://compumuebles-sabana-api.cyk.com.co/api/orders,99,0,0
1781508296526,119,Autorizar pago,200,OK,Ingreso-usuarios-muebles 1-1,text,true,,1488,1223,1,1,https://compumuebles-sabana-api.cyk.com.co/api/payments/authorize,119,0,0
1781508296645,93,Vaciar carrito,200,OK,Ingreso-usuarios-muebles 1-1,text,true,,482,377,1,1,https://compumuebles-sabana-api.cyk.com.co/api/cart/b2296a29-4636-42c7-bba9-6417c950f445/items,93,0,0
1781508296738,237,Consultar ordenes,200,OK,Ingreso-usuarios-muebles 1-1,text,true,,82285,314,1,1,https://compumuebles-sabana-api.cyk.com.co/api/orders,226,0,0
1781508296976,505,Consultar pagos,200,OK,Ingreso-usuarios-muebles 1-1,text,true,,222510,316,1,1,https://compumuebles-sabana-api.cyk.com.co/api/payments,477,0,0
1781508297485,267,Ingreso Usuario,200,OK,Ingreso-usuarios-muebles 1-1,text,true,,538,408,1,1,https://compumuebles-sabana-api.cyk.com.co/api/auth/login,267,0,0
1781508297753,95,Seleccionar item - Sofa,200,OK,Ingreso-usuarios-muebles 1-1,text,true,,623,532,1,1,https://compumuebles-sabana-api.cyk.com.co/api/cart/items,95,0,0
1781508297856,101,Seleccionar item - Mesa,200,OK,Ingreso-usuarios-muebles 1-1,text,true,,756,530,1,1,https://compumuebles-sabana-api.cyk.com.co/api/cart/items,101,0,0
1781508297958,100,Seleccionar item - Neo,200,OK,Ingreso-usuarios-muebles 1-1,text,true,,883,524,1,1,https://compumuebles-sabana-api.cyk.com.co/api/cart/items,100,0,0
1781508298058,97,Seleccionar item - Escritorio,200,OK,Ingreso-usuarios-muebles 1-1,text,true,,1016,529,1,1,https://compumuebles-sabana-api.cyk.com.co/api/cart/items,97,0,0
1781508298155,104,Crear orden,201,Created,Ingreso-usuarios-muebles 1-1,text,true,,776,532,1,1,https://compumuebles-sabana-api.cyk.com.co/api/orders,104,0,0
1781508298259,101,Autorizar pago,200,OK,Ingreso-usuarios-muebles 1-1,text,true,,1488,1223,1,1,https://compumuebles-sabana-api.cyk.com.co/api/payments/authorize,101,0,0
1781508298365,94,Vaciar carrito,200,OK,Ingreso-usuarios-muebles 1-1,text,true,,482,377,1,1,https://compumuebles-sabana-api.cyk.com.co/api/cart/b2296a29-4636-42c7-bba9-6417c950f445/items,94,0,0
1781508298459,237,Consultar ordenes,200,OK,Ingreso-usuarios-muebles 1-1,text,true,,82698,314,1,1,https://compumuebles-sabana-api.cyk.com.co/api/orders,225,0,0
1781508298697,409,Consultar pagos,200,OK,Ingreso-usuarios-muebles 1-1,text,true,,223639,316,1,1,https://compumuebles-sabana-api.cyk.com.co/api/payments,389,0,0
1781508299111,256,Ingreso Usuario,200,OK,Ingreso-usuarios-muebles 1-1,text,true,,538,408,1,1,https://compumuebles-sabana-api.cyk.com.co/api/auth/login,256,0,0
1781508299383,102,Seleccionar item - Sofa,200,OK,Ingreso-usuarios-muebles 1-1,text,true,,623,532,1,1,https://compumuebles-sabana-api.cyk.com.co/api/cart/items,102,0,0
1781508299486,93,Seleccionar item - Mesa,200,OK,Ingreso-usuarios-muebles 1-1,text,true,,756,530,1,1,https://compumuebles-sabana-api.cyk.com.co/api/cart/items,93,0,0
1781508299580,113,Seleccionar item - Neo,200,OK,Ingreso-usuarios-muebles 1-1,text,true,,883,524,1,1,https://compumuebles-sabana-api.cyk.com.co/api/cart/items,113,0,0
1781508299694,119,Seleccionar item - Escritorio,200,OK,Ingreso-usuarios-muebles 1-1,text,true,,1016,529,1,1,https://compumuebles-sabana-api.cyk.com.co/api/cart/items,119,0,0
1781508299813,103,Crear orden,201,Created,Ingreso-usuarios-muebles 1-1,text,true,,776,532,1,1,https://compumuebles-sabana-api.cyk.com.co/api/orders,103,0,0
1781508299916,104,Autorizar pago,200,OK,Ingreso-usuarios-muebles 1-1,text,true,,1488,1223,1,1,https://compumuebles-sabana-api.cyk.com.co/api/payments/authorize,104,0,0
1781508300021,119,Vaciar carrito,200,OK,Ingreso-usuarios-muebles 1-1,text,true,,482,377,1,1,https://compumuebles-sabana-api.cyk.com.co/api/cart/b2296a29-4636-42c7-bba9-6417c950f445/items,119,0,0
1781508300141,324,Consultar ordenes,200,OK,Ingreso-usuarios-muebles 1-1,text,true,,83111,314,1,1,https://compumuebles-sabana-api.cyk.com.co/api/orders,231,0,0
1781508300465,432,Consultar pagos,200,OK,Ingreso-usuarios-muebles 1-1,text,true,,224768,316,1,1,https://compumuebles-sabana-api.cyk.com.co/api/payments,399,0,0
1781508300913,264,Ingreso Usuario,200,OK,Ingreso-usuarios-muebles 1-1,text,true,,538,408,1,1,https://compumuebles-sabana-api.cyk.com.co/api/auth/login,264,0,0
1781508301178,97,Seleccionar item - Sofa,200,OK,Ingreso-usuarios-muebles 1-1,text,true,,623,532,1,1,https://compumuebles-sabana-api.cyk.com.co/api/cart/items,97,0,0
1781508301275,114,Seleccionar item - Mesa,200,OK,Ingreso-usuarios-muebles 1-1,text,true,,756,530,1,1,https://compumuebles-sabana-api.cyk.com.co/api/cart/items,114,0,0
1781508301435,95,Seleccionar item - Neo,200,OK,Ingreso-usuarios-muebles 1-1,text,true,,883,524,1,1,https://compumuebles-sabana-api.cyk.com.co/api/cart/items,95,0,0
1781508301530,97,Seleccionar item - Escritorio,200,OK,Ingreso-usuarios-muebles 1-1,text,true,,1016,529,1,1,https://compumuebles-sabana-api.cyk.com.co/api/cart/items,97,0,0
1781508301628,95,Crear orden,201,Created,Ingreso-usuarios-muebles 1-1,text,true,,776,532,1,1,https://compumuebles-sabana-api.cyk.com.co/api/orders,95,0,0
1781508301723,102,Autorizar pago,200,OK,Ingreso-usuarios-muebles 1-1,text,true,,1488,1223,1,1,https://compumuebles-sabana-api.cyk.com.co/api/payments/authorize,102,0,0
1781508301826,103,Vaciar carrito,200,OK,Ingreso-usuarios-muebles 1-1,text,true,,482,377,1,1,https://compumuebles-sabana-api.cyk.com.co/api/cart/b2296a29-4636-42c7-bba9-6417c950f445/items,103,0,0
1781508301935,235,Consultar ordenes,200,OK,Ingreso-usuarios-muebles 1-1,text,true,,83524,314,1,1,https://compumuebles-sabana-api.cyk.com.co/api/orders,227,0,0
1781508302171,417,Consultar pagos,200,OK,Ingreso-usuarios-muebles 1-1,text,true,,225897,316,1,1,https://compumuebles-sabana-api.cyk.com.co/api/payments,397,0,0
1781508302592,270,Ingreso Usuario,200,OK,Ingreso-usuarios-muebles 1-1,text,true,,538,408,1,1,https://compumuebles-sabana-api.cyk.com.co/api/auth/login,270,0,0
1781508302863,104,Seleccionar item - Sofa,200,OK,Ingreso-usuarios-muebles 1-1,text,true,,623,532,1,1,https://compumuebles-sabana-api.cyk.com.co/api/cart/items,104,0,0
1781508302967,104,Seleccionar item - Mesa,200,OK,Ingreso-usuarios-muebles 1-1,text,true,,756,530,1,1,https://compumuebles-sabana-api.cyk.com.co/api/cart/items,104,0,0
1781508303071,109,Seleccionar item - Neo,200,OK,Ingreso-usuarios-muebles 1-1,text,true,,883,524,1,1,https://compumuebles-sabana-api.cyk.com.co/api/cart/items,109,0,0
1781508303181,105,Seleccionar item - Escritorio,200,OK,Ingreso-usuarios-muebles 1-1,text,true,,1016,529,1,1,https://compumuebles-sabana-api.cyk.com.co/api/cart/items,105,0,0
1781508303286,100,Crear orden,201,Created,Ingreso-usuarios-muebles 1-1,text,true,,774,532,1,1,https://compumuebles-sabana-api.cyk.com.co/api/orders,100,0,0
1781508303386,102,Autorizar pago,200,OK,Ingreso-usuarios-muebles 1-1,text,true,,1488,1223,1,1,https://compumuebles-sabana-api.cyk.com.co/api/payments/authorize,102,0,0
1781508303488,93,Vaciar carrito,200,OK,Ingreso-usuarios-muebles 1-1,text,true,,482,377,1,1,https://compumuebles-sabana-api.cyk.com.co/api/cart/b2296a29-4636-42c7-bba9-6417c950f445/items,92,0,0
1781508303581,247,Consultar ordenes,200,OK,Ingreso-usuarios-muebles 1-1,text,true,,83935,314,1,1,https://compumuebles-sabana-api.cyk.com.co/api/orders,235,0,0
1781508303829,435,Consultar pagos,200,OK,Ingreso-usuarios-muebles 1-1,text,true,,227026,316,1,1,https://compumuebles-sabana-api.cyk.com.co/api/payments,416,0,0
1781508304269,256,Ingreso Usuario,200,OK,Ingreso-usuarios-muebles 1-1,text,true,,538,408,1,1,https://compumuebles-sabana-api.cyk.com.co/api/auth/login,256,0,0
1781508304524,114,Seleccionar item - Sofa,200,OK,Ingreso-usuarios-muebles 1-1,text,true,,623,532,1,1,https://compumuebles-sabana-api.cyk.com.co/api/cart/items,114,0,0
1781508304638,121,Seleccionar item - Mesa,200,OK,Ingreso-usuarios-muebles 1-1,text,true,,756,530,1,1,https://compumuebles-sabana-api.cyk.com.co/api/cart/items,121,0,0
1781508304759,100,Seleccionar item - Neo,200,OK,Ingreso-usuarios-muebles 1-1,text,true,,883,524,1,1,https://compumuebles-sabana-api.cyk.com.co/api/cart/items,100,0,0
1781508304859,123,Seleccionar item - Escritorio,200,OK,Ingreso-usuarios-muebles 1-1,text,true,,1016,529,1,1,https://compumuebles-sabana-api.cyk.com.co/api/cart/items,123,0,0
1781508304991,121,Crear orden,201,Created,Ingreso-usuarios-muebles 1-1,text,true,,776,532,1,1,https://compumuebles-sabana-api.cyk.com.co/api/orders,121,0,0
1781508305112,115,Autorizar pago,200,OK,Ingreso-usuarios-muebles 1-1,text,true,,1488,1223,1,1,https://compumuebles-sabana-api.cyk.com.co/api/payments/authorize,115,0,0
1781508305228,92,Vaciar carrito,200,OK,Ingreso-usuarios-muebles 1-1,text,true,,482,377,1,1,https://compumuebles-sabana-api.cyk.com.co/api/cart/b2296a29-4636-42c7-bba9-6417c950f445/items,92,0,0
1781508305321,236,Consultar ordenes,200,OK,Ingreso-usuarios-muebles 1-1,text,true,,84348,314,1,1,https://compumuebles-sabana-api.cyk.com.co/api/orders,232,0,0
1781508305558,473,Consultar pagos,200,OK,Ingreso-usuarios-muebles 1-1,text,true,,228155,316,1,1,https://compumuebles-sabana-api.cyk.com.co/api/payments,453,0,0
1781508306033,276,Ingreso Usuario,200,OK,Ingreso-usuarios-muebles 1-1,text,true,,538,408,1,1,https://compumuebles-sabana-api.cyk.com.co/api/auth/login,276,0,0
1781508306309,98,Seleccionar item - Sofa,200,OK,Ingreso-usuarios-muebles 1-1,text,true,,623,532,1,1,https://compumuebles-sabana-api.cyk.com.co/api/cart/items,98,0,0
1781508306408,97,Seleccionar item - Mesa,200,OK,Ingreso-usuarios-muebles 1-1,text,true,,756,530,1,1,https://compumuebles-sabana-api.cyk.com.co/api/cart/items,97,0,0
1781508306519,112,Seleccionar item - Neo,200,OK,Ingreso-usuarios-muebles 1-1,text,true,,883,524,1,1,https://compumuebles-sabana-api.cyk.com.co/api/cart/items,112,0,0
1781508306631,96,Seleccionar item - Escritorio,200,OK,Ingreso-usuarios-muebles 1-1,text,true,,1016,529,1,1,https://compumuebles-sabana-api.cyk.com.co/api/cart/items,96,0,0
1781508306728,110,Crear orden,201,Created,Ingreso-usuarios-muebles 1-1,text,true,,776,532,1,1,https://compumuebles-sabana-api.cyk.com.co/api/orders,110,0,0
1781508306839,104,Autorizar pago,200,OK,Ingreso-usuarios-muebles 1-1,text,true,,1488,1223,1,1,https://compumuebles-sabana-api.cyk.com.co/api/payments/authorize,104,0,0
1781508306943,408,Vaciar carrito,200,OK,Ingreso-usuarios-muebles 1-1,text,true,,482,377,1,1,https://compumuebles-sabana-api.cyk.com.co/api/cart/b2296a29-4636-42c7-bba9-6417c950f445/items,408,0,0
1781508307351,291,Consultar ordenes,200,OK,Ingreso-usuarios-muebles 1-1,text,true,,84761,314,1,1,https://compumuebles-sabana-api.cyk.com.co/api/orders,288,0,0
1781508307643,428,Consultar pagos,200,OK,Ingreso-usuarios-muebles 1-1,text,true,,229284,316,1,1,https://compumuebles-sabana-api.cyk.com.co/api/payments,393,0,0
1781508308073,264,Ingreso Usuario,200,OK,Ingreso-usuarios-muebles 1-1,text,true,,538,408,1,1,https://compumuebles-sabana-api.cyk.com.co/api/auth/login,264,0,0
1781508308337,99,Seleccionar item - Sofa,200,OK,Ingreso-usuarios-muebles 1-1,text,true,,623,532,1,1,https://compumuebles-sabana-api.cyk.com.co/api/cart/items,99,0,0
1781508308437,107,Seleccionar item - Mesa,200,OK,Ingreso-usuarios-muebles 1-1,text,true,,756,530,1,1,https://compumuebles-sabana-api.cyk.com.co/api/cart/items,107,0,0
1781508308544,109,Seleccionar item - Neo,200,OK,Ingreso-usuarios-muebles 1-1,text,true,,883,524,1,1,https://compumuebles-sabana-api.cyk.com.co/api/cart/items,109,0,0
1781508308653,109,Seleccionar item - Escritorio,200,OK,Ingreso-usuarios-muebles 1-1,text,true,,1016,529,1,1,https://compumuebles-sabana-api.cyk.com.co/api/cart/items,109,0,0
1781508308762,106,Crear orden,201,Created,Ingreso-usuarios-muebles 1-1,text,true,,776,532,1,1,https://compumuebles-sabana-api.cyk.com.co/api/orders,106,0,0
1781508308869,100,Autorizar pago,200,OK,Ingreso-usuarios-muebles 1-1,text,true,,1487,1223,1,1,https://compumuebles-sabana-api.cyk.com.co/api/payments/authorize,100,0,0
1781508308970,94,Vaciar carrito,200,OK,Ingreso-usuarios-muebles 1-1,text,true,,482,377,1,1,https://compumuebles-sabana-api.cyk.com.co/api/cart/b2296a29-4636-42c7-bba9-6417c950f445/items,94,0,0
1781508309064,230,Consultar ordenes,200,OK,Ingreso-usuarios-muebles 1-1,text,true,,85174,314,1,1,https://compumuebles-sabana-api.cyk.com.co/api/orders,213,0,0
1781508309295,443,Consultar pagos,200,OK,Ingreso-usuarios-muebles 1-1,text,true,,230412,316,1,1,https://compumuebles-sabana-api.cyk.com.co/api/payments,409,0,0
1781564458191,1325,Ingreso Usuario,200,OK,Ingreso-usuarios-muebles 1-1,text,true,,538,408,1,1,https://compumuebles-sabana-api.cyk.com.co/api/auth/login,1320,0,989
1781564459574,146,Seleccionar item - Sofa,200,OK,Ingreso-usuarios-muebles 1-1,text,true,,623,532,1,1,https://compumuebles-sabana-api.cyk.com.co/api/cart/items,145,0,0
1781564459721,128,Seleccionar item - Mesa,200,OK,Ingreso-usuarios-muebles 1-1,text,true,,756,530,1,1,https://compumuebles-sabana-api.cyk.com.co/api/cart/items,128,0,0
1781564459850,151,Seleccionar item - Neo,200,OK,Ingreso-usuarios-muebles 1-1,text,true,,883,524,1,1,https://compumuebles-sabana-api.cyk.com.co/api/cart/items,151,0,0
1781564460002,126,Seleccionar item - Escritorio,200,OK,Ingreso-usuarios-muebles 1-1,text,true,,1016,529,1,1,https://compumuebles-sabana-api.cyk.com.co/api/cart/items,126,0,0
1781564460135,193,Crear orden,201,Created,Ingreso-usuarios-muebles 1-1,text,true,,776,532,1,1,https://compumuebles-sabana-api.cyk.com.co/api/orders,193,0,0
1781564460329,231,Autorizar pago,200,OK,Ingreso-usuarios-muebles 1-1,text,true,,1488,1223,1,1,https://compumuebles-sabana-api.cyk.com.co/api/payments/authorize,231,0,0
1781564460561,159,Vaciar carrito,200,OK,Ingreso-usuarios-muebles 1-1,text,true,,482,377,1,1,https://compumuebles-sabana-api.cyk.com.co/api/cart/b2296a29-4636-42c7-bba9-6417c950f445/items,159,0,0
1781564460726,516,Consultar ordenes,200,OK,Ingreso-usuarios-muebles 1-1,text,true,,85587,314,1,1,https://compumuebles-sabana-api.cyk.com.co/api/orders,284,0,0
1781564461249,706,Consultar pagos,200,OK,Ingreso-usuarios-muebles 1-1,text,true,,231541,316,1,1,https://compumuebles-sabana-api.cyk.com.co/api/payments,474,0,0
1781564461960,283,Ingreso Usuario,200,OK,Ingreso-usuarios-muebles 1-1,text,true,,538,408,1,1,https://compumuebles-sabana-api.cyk.com.co/api/auth/login,283,0,0
1781564462243,158,Seleccionar item - Sofa,200,OK,Ingreso-usuarios-muebles 1-1,text,true,,623,532,1,1,https://compumuebles-sabana-api.cyk.com.co/api/cart/items,158,0,0
1781564462402,119,Seleccionar item - Mesa,200,OK,Ingreso-usuarios-muebles 1-1,text,true,,756,530,1,1,https://compumuebles-sabana-api.cyk.com.co/api/cart/items,119,0,0
1781564462521,159,Seleccionar item - Neo,200,OK,Ingreso-usuarios-muebles 1-1,text,true,,883,524,1,1,https://compumuebles-sabana-api.cyk.com.co/api/cart/items,159,0,0
1781564462681,119,Seleccionar item - Escritorio,200,OK,Ingreso-usuarios-muebles 1-1,text,true,,1016,529,1,1,https://compumuebles-sabana-api.cyk.com.co/api/cart/items,119,0,0
1781564462800,161,Crear orden,201,Created,Ingreso-usuarios-muebles 1-1,text,true,,776,532,1,1,https://compumuebles-sabana-api.cyk.com.co/api/orders,161,0,0
1781564462962,158,Autorizar pago,200,OK,Ingreso-usuarios-muebles 1-1,text,true,,1488,1223,1,1,https://compumuebles-sabana-api.cyk.com.co/api/payments/authorize,158,0,0
1781564463121,119,Vaciar carrito,200,OK,Ingreso-usuarios-muebles 1-1,text,true,,482,377,1,1,https://compumuebles-sabana-api.cyk.com.co/api/cart/b2296a29-4636-42c7-bba9-6417c950f445/items,119,0,0
1781564463240,297,Consultar ordenes,200,OK,Ingreso-usuarios-muebles 1-1,text,true,,86000,314,1,1,https://compumuebles-sabana-api.cyk.com.co/api/orders,292,0,0
1781564463539,577,Consultar pagos,200,OK,Ingreso-usuarios-muebles 1-1,text,true,,232670,316,1,1,https://compumuebles-sabana-api.cyk.com.co/api/payments,553,0,0
1781564464120,319,Ingreso Usuario,200,OK,Ingreso-usuarios-muebles 1-1,text,true,,538,408,1,1,https://compumuebles-sabana-api.cyk.com.co/api/auth/login,319,0,0
1781564464440,119,Seleccionar item - Sofa,200,OK,Ingreso-usuarios-muebles 1-1,text,true,,623,532,1,1,https://compumuebles-sabana-api.cyk.com.co/api/cart/items,119,0,0
1781564464560,120,Seleccionar item - Mesa,200,OK,Ingreso-usuarios-muebles 1-1,text,true,,756,530,1,1,https://compumuebles-sabana-api.cyk.com.co/api/cart/items,120,0,0
1781564464680,159,Seleccionar item - Neo,200,OK,Ingreso-usuarios-muebles 1-1,text,true,,883,524,1,1,https://compumuebles-sabana-api.cyk.com.co/api/cart/items,159,0,0
1781564464839,121,Seleccionar item - Escritorio,200,OK,Ingreso-usuarios-muebles 1-1,text,true,,1016,529,1,1,https://compumuebles-sabana-api.cyk.com.co/api/cart/items,121,0,0
1781564464960,167,Crear orden,201,Created,Ingreso-usuarios-muebles 1-1,text,true,,776,532,1,1,https://compumuebles-sabana-api.cyk.com.co/api/orders,167,0,0
1781564465127,153,Autorizar pago,200,OK,Ingreso-usuarios-muebles 1-1,text,true,,1488,1223,1,1,https://compumuebles-sabana-api.cyk.com.co/api/payments/authorize,153,0,0
1781564465281,158,Vaciar carrito,200,OK,Ingreso-usuarios-muebles 1-1,text,true,,482,377,1,1,https://compumuebles-sabana-api.cyk.com.co/api/cart/b2296a29-4636-42c7-bba9-6417c950f445/items,158,0,0
1781564465439,386,Consultar ordenes,200,OK,Ingreso-usuarios-muebles 1-1,text,true,,86413,314,1,1,https://compumuebles-sabana-api.cyk.com.co/api/orders,292,0,0
1781564465827,575,Consultar pagos,200,OK,Ingreso-usuarios-muebles 1-1,text,true,,233799,316,1,1,https://compumuebles-sabana-api.cyk.com.co/api/payments,455,0,0
1781564466404,278,Ingreso Usuario,200,OK,Ingreso-usuarios-muebles 1-1,text,true,,538,408,1,1,https://compumuebles-sabana-api.cyk.com.co/api/auth/login,278,0,0
1781564466683,116,Seleccionar item - Sofa,200,OK,Ingreso-usuarios-muebles 1-1,text,true,,623,532,1,1,https://compumuebles-sabana-api.cyk.com.co/api/cart/items,116,0,0
1781564466799,163,Seleccionar item - Mesa,200,OK,Ingreso-usuarios-muebles 1-1,text,true,,756,530,1,1,https://compumuebles-sabana-api.cyk.com.co/api/cart/items,163,0,0
1781564466963,116,Seleccionar item - Neo,200,OK,Ingreso-usuarios-muebles 1-1,text,true,,883,524,1,1,https://compumuebles-sabana-api.cyk.com.co/api/cart/items,116,0,0
1781564467079,160,Seleccionar item - Escritorio,200,OK,Ingreso-usuarios-muebles 1-1,text,true,,1016,529,1,1,https://compumuebles-sabana-api.cyk.com.co/api/cart/items,160,0,0
1781564467240,158,Crear orden,201,Created,Ingreso-usuarios-muebles 1-1,text,true,,776,532,1,1,https://compumuebles-sabana-api.cyk.com.co/api/orders,158,0,0
1781564467399,125,Autorizar pago,200,OK,Ingreso-usuarios-muebles 1-1,text,true,,1488,1223,1,1,https://compumuebles-sabana-api.cyk.com.co/api/payments/authorize,125,0,0
1781564467525,155,Vaciar carrito,200,OK,Ingreso-usuarios-muebles 1-1,text,true,,482,377,1,1,https://compumuebles-sabana-api.cyk.com.co/api/cart/b2296a29-4636-42c7-bba9-6417c950f445/items,155,0,0
1781564467680,273,Consultar ordenes,200,OK,Ingreso-usuarios-muebles 1-1,text,true,,86826,314,1,1,https://compumuebles-sabana-api.cyk.com.co/api/orders,260,0,0
1781564467954,584,Consultar pagos,200,OK,Ingreso-usuarios-muebles 1-1,text,true,,234928,316,1,1,https://compumuebles-sabana-api.cyk.com.co/api/payments,496,0,0
1781564468541,298,Ingreso Usuario,200,OK,Ingreso-usuarios-muebles 1-1,text,true,,538,408,1,1,https://compumuebles-sabana-api.cyk.com.co/api/auth/login,298,0,0
1781564468839,121,Seleccionar item - Sofa,200,OK,Ingreso-usuarios-muebles 1-1,text,true,,623,532,1,1,https://compumuebles-sabana-api.cyk.com.co/api/cart/items,121,0,0
1781564468960,119,Seleccionar item - Mesa,200,OK,Ingreso-usuarios-muebles 1-1,text,true,,756,530,1,1,https://compumuebles-sabana-api.cyk.com.co/api/cart/items,119,0,0
1781564469080,121,Seleccionar item - Neo,200,OK,Ingreso-usuarios-muebles 1-1,text,true,,883,524,1,1,https://compumuebles-sabana-api.cyk.com.co/api/cart/items,121,0,0
1781564469201,159,Seleccionar item - Escritorio,200,OK,Ingreso-usuarios-muebles 1-1,text,true,,1016,529,1,1,https://compumuebles-sabana-api.cyk.com.co/api/cart/items,159,0,0
1781564469360,119,Crear orden,201,Created,Ingreso-usuarios-muebles 1-1,text,true,,774,532,1,1,https://compumuebles-sabana-api.cyk.com.co/api/orders,119,0,0
1781564469480,121,Autorizar pago,200,OK,Ingreso-usuarios-muebles 1-1,text,true,,1488,1223,1,1,https://compumuebles-sabana-api.cyk.com.co/api/payments/authorize,121,0,0
1781564469601,117,Vaciar carrito,200,OK,Ingreso-usuarios-muebles 1-1,text,true,,482,377,1,1,https://compumuebles-sabana-api.cyk.com.co/api/cart/b2296a29-4636-42c7-bba9-6417c950f445/items,117,0,0
1781564469719,293,Consultar ordenes,200,OK,Ingreso-usuarios-muebles 1-1,text,true,,87237,314,1,1,https://compumuebles-sabana-api.cyk.com.co/api/orders,283,0,0
1781564470018,510,Consultar pagos,200,OK,Ingreso-usuarios-muebles 1-1,text,true,,236057,316,1,1,https://compumuebles-sabana-api.cyk.com.co/api/payments,436,0,0
1781564470530,309,Ingreso Usuario,200,OK,Ingreso-usuarios-muebles 1-1,text,true,,538,408,1,1,https://compumuebles-sabana-api.cyk.com.co/api/auth/login,309,0,0
1781564470840,124,Seleccionar item - Sofa,200,OK,Ingreso-usuarios-muebles 1-1,text,true,,623,532,1,1,https://compumuebles-sabana-api.cyk.com.co/api/cart/items,124,0,0
1781564470964,155,Seleccionar item - Mesa,200,OK,Ingreso-usuarios-muebles 1-1,text,true,,756,530,1,1,https://compumuebles-sabana-api.cyk.com.co/api/cart/items,155,0,0
1781564471120,119,Seleccionar item - Neo,200,OK,Ingreso-usuarios-muebles 1-1,text,true,,883,524,1,1,https://compumuebles-sabana-api.cyk.com.co/api/cart/items,119,0,0
1781564471240,119,Seleccionar item - Escritorio,200,OK,Ingreso-usuarios-muebles 1-1,text,true,,1016,529,1,1,https://compumuebles-sabana-api.cyk.com.co/api/cart/items,119,0,0
1781564471360,120,Crear orden,201,Created,Ingreso-usuarios-muebles 1-1,text,true,,776,532,1,1,https://compumuebles-sabana-api.cyk.com.co/api/orders,120,0,0
1781564471480,121,Autorizar pago,200,OK,Ingreso-usuarios-muebles 1-1,text,true,,1488,1223,1,1,https://compumuebles-sabana-api.cyk.com.co/api/payments/authorize,121,0,0
1781564471601,118,Vaciar carrito,200,OK,Ingreso-usuarios-muebles 1-1,text,true,,482,377,1,1,https://compumuebles-sabana-api.cyk.com.co/api/cart/b2296a29-4636-42c7-bba9-6417c950f445/items,118,0,0
1781564471719,337,Consultar ordenes,200,OK,Ingreso-usuarios-muebles 1-1,text,true,,87650,314,1,1,https://compumuebles-sabana-api.cyk.com.co/api/orders,283,0,0
1781564472057,673,Consultar pagos,200,OK,Ingreso-usuarios-muebles 1-1,text,true,,237186,316,1,1,https://compumuebles-sabana-api.cyk.com.co/api/payments,585,0,0
1781564472733,308,Ingreso Usuario,200,OK,Ingreso-usuarios-muebles 1-1,text,true,,538,408,1,1,https://compumuebles-sabana-api.cyk.com.co/api/auth/login,308,0,0
1781564473041,117,Seleccionar item - Sofa,200,OK,Ingreso-usuarios-muebles 1-1,text,true,,623,532,1,1,https://compumuebles-sabana-api.cyk.com.co/api/cart/items,117,0,0
1781564473159,120,Seleccionar item - Mesa,200,OK,Ingreso-usuarios-muebles 1-1,text,true,,756,530,1,1,https://compumuebles-sabana-api.cyk.com.co/api/cart/items,120,0,0
1781564473281,159,Seleccionar item - Neo,200,OK,Ingreso-usuarios-muebles 1-1,text,true,,883,524,1,1,https://compumuebles-sabana-api.cyk.com.co/api/cart/items,159,0,0
1781564473441,159,Seleccionar item - Escritorio,200,OK,Ingreso-usuarios-muebles 1-1,text,true,,1016,529,1,1,https://compumuebles-sabana-api.cyk.com.co/api/cart/items,158,0,0
1781564473600,122,Crear orden,201,Created,Ingreso-usuarios-muebles 1-1,text,true,,776,532,1,1,https://compumuebles-sabana-api.cyk.com.co/api/orders,121,0,0
1781564473722,120,Autorizar pago,200,OK,Ingreso-usuarios-muebles 1-1,text,true,,1488,1223,1,1,https://compumuebles-sabana-api.cyk.com.co/api/payments/authorize,120,0,0
1781564473843,132,Vaciar carrito,200,OK,Ingreso-usuarios-muebles 1-1,text,true,,482,377,1,1,https://compumuebles-sabana-api.cyk.com.co/api/cart/b2296a29-4636-42c7-bba9-6417c950f445/items,132,0,0
1781564473976,298,Consultar ordenes,200,OK,Ingreso-usuarios-muebles 1-1,text,true,,88063,314,1,1,https://compumuebles-sabana-api.cyk.com.co/api/orders,291,0,0
1781564474275,501,Consultar pagos,200,OK,Ingreso-usuarios-muebles 1-1,text,true,,238315,316,1,1,https://compumuebles-sabana-api.cyk.com.co/api/payments,448,0,0
1781564474778,303,Ingreso Usuario,200,OK,Ingreso-usuarios-muebles 1-1,text,true,,538,408,1,1,https://compumuebles-sabana-api.cyk.com.co/api/auth/login,303,0,0
1781564475082,157,Seleccionar item - Sofa,200,OK,Ingreso-usuarios-muebles 1-1,text,true,,623,532,1,1,https://compumuebles-sabana-api.cyk.com.co/api/cart/items,157,0,0
1781564475240,160,Seleccionar item - Mesa,200,OK,Ingreso-usuarios-muebles 1-1,text,true,,756,530,1,1,https://compumuebles-sabana-api.cyk.com.co/api/cart/items,160,0,0
1781564475401,200,Seleccionar item - Neo,200,OK,Ingreso-usuarios-muebles 1-1,text,true,,883,524,1,1,https://compumuebles-sabana-api.cyk.com.co/api/cart/items,200,0,0
1781564475601,119,Seleccionar item - Escritorio,200,OK,Ingreso-usuarios-muebles 1-1,text,true,,1016,529,1,1,https://compumuebles-sabana-api.cyk.com.co/api/cart/items,119,0,0
1781564475720,119,Crear orden,201,Created,Ingreso-usuarios-muebles 1-1,text,true,,776,532,1,1,https://compumuebles-sabana-api.cyk.com.co/api/orders,119,0,0
1781564475840,160,Autorizar pago,200,OK,Ingreso-usuarios-muebles 1-1,text,true,,1488,1223,1,1,https://compumuebles-sabana-api.cyk.com.co/api/payments/authorize,160,0,0
1781564476000,119,Vaciar carrito,200,OK,Ingreso-usuarios-muebles 1-1,text,true,,482,377,1,1,https://compumuebles-sabana-api.cyk.com.co/api/cart/b2296a29-4636-42c7-bba9-6417c950f445/items,119,0,0
1781564476120,303,Consultar ordenes,200,OK,Ingreso-usuarios-muebles 1-1,text,true,,88476,314,1,1,https://compumuebles-sabana-api.cyk.com.co/api/orders,285,0,0
1781564476424,499,Consultar pagos,200,OK,Ingreso-usuarios-muebles 1-1,text,true,,239444,316,1,1,https://compumuebles-sabana-api.cyk.com.co/api/payments,459,0,0
1781564476925,276,Ingreso Usuario,200,OK,Ingreso-usuarios-muebles 1-1,text,true,,538,408,1,1,https://compumuebles-sabana-api.cyk.com.co/api/auth/login,276,0,0
1781564477202,159,Seleccionar item - Sofa,200,OK,Ingreso-usuarios-muebles 1-1,text,true,,623,532,1,1,https://compumuebles-sabana-api.cyk.com.co/api/cart/items,159,0,0
1781564477361,119,Seleccionar item - Mesa,200,OK,Ingreso-usuarios-muebles 1-1,text,true,,756,530,1,1,https://compumuebles-sabana-api.cyk.com.co/api/cart/items,119,0,0
1781564477480,120,Seleccionar item - Neo,200,OK,Ingreso-usuarios-muebles 1-1,text,true,,883,524,1,1,https://compumuebles-sabana-api.cyk.com.co/api/cart/items,120,0,0
1781564477601,119,Seleccionar item - Escritorio,200,OK,Ingreso-usuarios-muebles 1-1,text,true,,1016,529,1,1,https://compumuebles-sabana-api.cyk.com.co/api/cart/items,118,0,0
1781564477720,120,Crear orden,201,Created,Ingreso-usuarios-muebles 1-1,text,true,,776,532,1,1,https://compumuebles-sabana-api.cyk.com.co/api/orders,120,0,0
1781564477841,121,Autorizar pago,200,OK,Ingreso-usuarios-muebles 1-1,text,true,,1486,1223,1,1,https://compumuebles-sabana-api.cyk.com.co/api/payments/authorize,121,0,0
1781564477962,119,Vaciar carrito,200,OK,Ingreso-usuarios-muebles 1-1,text,true,,482,377,1,1,https://compumuebles-sabana-api.cyk.com.co/api/cart/b2296a29-4636-42c7-bba9-6417c950f445/items,119,0,0
1781564478081,282,Consultar ordenes,200,OK,Ingreso-usuarios-muebles 1-1,text,true,,88889,314,1,1,https://compumuebles-sabana-api.cyk.com.co/api/orders,274,0,0
1781564478364,480,Consultar pagos,200,OK,Ingreso-usuarios-muebles 1-1,text,true,,240571,316,1,1,https://compumuebles-sabana-api.cyk.com.co/api/payments,447,0,0
1781564478846,275,Ingreso Usuario,200,OK,Ingreso-usuarios-muebles 1-1,text,true,,538,408,1,1,https://compumuebles-sabana-api.cyk.com.co/api/auth/login,275,0,0
1781564479121,121,Seleccionar item - Sofa,200,OK,Ingreso-usuarios-muebles 1-1,text,true,,623,532,1,1,https://compumuebles-sabana-api.cyk.com.co/api/cart/items,121,0,0
1781564479243,157,Seleccionar item - Mesa,200,OK,Ingreso-usuarios-muebles 1-1,text,true,,756,530,1,1,https://compumuebles-sabana-api.cyk.com.co/api/cart/items,157,0,0
1781564479401,120,Seleccionar item - Neo,200,OK,Ingreso-usuarios-muebles 1-1,text,true,,883,524,1,1,https://compumuebles-sabana-api.cyk.com.co/api/cart/items,120,0,0
1781564479522,118,Seleccionar item - Escritorio,200,OK,Ingreso-usuarios-muebles 1-1,text,true,,1016,529,1,1,https://compumuebles-sabana-api.cyk.com.co/api/cart/items,118,0,0
1781564479641,124,Crear orden,201,Created,Ingreso-usuarios-muebles 1-1,text,true,,776,532,1,1,https://compumuebles-sabana-api.cyk.com.co/api/orders,124,0,0
1781564479766,154,Autorizar pago,200,OK,Ingreso-usuarios-muebles 1-1,text,true,,1488,1223,1,1,https://compumuebles-sabana-api.cyk.com.co/api/payments/authorize,154,0,0
1781564479920,120,Vaciar carrito,200,OK,Ingreso-usuarios-muebles 1-1,text,true,,482,377,1,1,https://compumuebles-sabana-api.cyk.com.co/api/cart/b2296a29-4636-42c7-bba9-6417c950f445/items,120,0,0
1781564480041,301,Consultar ordenes,200,OK,Ingreso-usuarios-muebles 1-1,text,true,,89302,314,1,1,https://compumuebles-sabana-api.cyk.com.co/api/orders,291,0,0
1781564480343,632,Consultar pagos,200,OK,Ingreso-usuarios-muebles 1-1,text,true,,241700,316,1,1,https://compumuebles-sabana-api.cyk.com.co/api/payments,529,0,0
1781564480977,303,Ingreso Usuario,200,OK,Ingreso-usuarios-muebles 1-1,text,true,,538,408,1,1,https://compumuebles-sabana-api.cyk.com.co/api/auth/login,303,0,0
1781564481281,521,Seleccionar item - Sofa,200,OK,Ingreso-usuarios-muebles 1-1,text,true,,623,532,1,1,https://compumuebles-sabana-api.cyk.com.co/api/cart/items,521,0,0
1781564481803,157,Seleccionar item - Mesa,200,OK,Ingreso-usuarios-muebles 1-1,text,true,,756,530,1,1,https://compumuebles-sabana-api.cyk.com.co/api/cart/items,157,0,0
1781564481961,119,Seleccionar item - Neo,200,OK,Ingreso-usuarios-muebles 1-1,text,true,,883,524,1,1,https://compumuebles-sabana-api.cyk.com.co/api/cart/items,119,0,0
1781564482081,119,Seleccionar item - Escritorio,200,OK,Ingreso-usuarios-muebles 1-1,text,true,,1016,529,1,1,https://compumuebles-sabana-api.cyk.com.co/api/cart/items,119,0,0
1781564482201,159,Crear orden,201,Created,Ingreso-usuarios-muebles 1-1,text,true,,776,532,1,1,https://compumuebles-sabana-api.cyk.com.co/api/orders,159,0,0
1781564482361,159,Autorizar pago,200,OK,Ingreso-usuarios-muebles 1-1,text,true,,1488,1223,1,1,https://compumuebles-sabana-api.cyk.com.co/api/payments/authorize,159,0,0
1781564482521,126,Vaciar carrito,200,OK,Ingreso-usuarios-muebles 1-1,text,true,,482,377,1,1,https://compumuebles-sabana-api.cyk.com.co/api/cart/b2296a29-4636-42c7-bba9-6417c950f445/items,126,0,0
1781564482648,289,Consultar ordenes,200,OK,Ingreso-usuarios-muebles 1-1,text,true,,89715,314,1,1,https://compumuebles-sabana-api.cyk.com.co/api/orders,286,0,0
1781564482938,545,Consultar pagos,200,OK,Ingreso-usuarios-muebles 1-1,text,true,,242829,316,1,1,https://compumuebles-sabana-api.cyk.com.co/api/payments,505,0,0
1781564483493,348,Ingreso Usuario,200,OK,Ingreso-usuarios-muebles 1-1,text,true,,538,408,1,1,https://compumuebles-sabana-api.cyk.com.co/api/auth/login,348,0,0
1781564483842,118,Seleccionar item - Sofa,200,OK,Ingreso-usuarios-muebles 1-1,text,true,,623,532,1,1,https://compumuebles-sabana-api.cyk.com.co/api/cart/items,118,0,0
1781564483960,121,Seleccionar item - Mesa,200,OK,Ingreso-usuarios-muebles 1-1,text,true,,756,530,1,1,https://compumuebles-sabana-api.cyk.com.co/api/cart/items,121,0,0
1781564484081,122,Seleccionar item - Neo,200,OK,Ingreso-usuarios-muebles 1-1,text,true,,883,524,1,1,https://compumuebles-sabana-api.cyk.com.co/api/cart/items,122,0,0
1781564484204,157,Seleccionar item - Escritorio,200,OK,Ingreso-usuarios-muebles 1-1,text,true,,1016,529,1,1,https://compumuebles-sabana-api.cyk.com.co/api/cart/items,157,0,0
1781564484362,118,Crear orden,201,Created,Ingreso-usuarios-muebles 1-1,text,true,,776,532,1,1,https://compumuebles-sabana-api.cyk.com.co/api/orders,118,0,0
1781564484481,120,Autorizar pago,200,OK,Ingreso-usuarios-muebles 1-1,text,true,,1488,1223,1,1,https://compumuebles-sabana-api.cyk.com.co/api/payments/authorize,120,0,0
1781564484602,198,Vaciar carrito,200,OK,Ingreso-usuarios-muebles 1-1,text,true,,482,377,1,1,https://compumuebles-sabana-api.cyk.com.co/api/cart/b2296a29-4636-42c7-bba9-6417c950f445/items,198,0,0
1781564484800,298,Consultar ordenes,200,OK,Ingreso-usuarios-muebles 1-1,text,true,,90128,314,1,1,https://compumuebles-sabana-api.cyk.com.co/api/orders,292,0,0
1781564485099,653,Consultar pagos,200,OK,Ingreso-usuarios-muebles 1-1,text,true,,243958,316,1,1,https://compumuebles-sabana-api.cyk.com.co/api/payments,591,0,0
1781564485755,285,Ingreso Usuario,200,OK,Ingreso-usuarios-muebles 1-1,text,true,,538,408,1,1,https://compumuebles-sabana-api.cyk.com.co/api/auth/login,284,0,0
1781564486040,120,Seleccionar item - Sofa,200,OK,Ingreso-usuarios-muebles 1-1,text,true,,623,532,1,1,https://compumuebles-sabana-api.cyk.com.co/api/cart/items,120,0,0
1781564486161,159,Seleccionar item - Mesa,200,OK,Ingreso-usuarios-muebles 1-1,text,true,,756,530,1,1,https://compumuebles-sabana-api.cyk.com.co/api/cart/items,159,0,0
1781564486321,119,Seleccionar item - Neo,200,OK,Ingreso-usuarios-muebles 1-1,text,true,,883,524,1,1,https://compumuebles-sabana-api.cyk.com.co/api/cart/items,119,0,0
1781564486440,120,Seleccionar item - Escritorio,200,OK,Ingreso-usuarios-muebles 1-1,text,true,,1016,529,1,1,https://compumuebles-sabana-api.cyk.com.co/api/cart/items,120,0,0
1781564486561,118,Crear orden,201,Created,Ingreso-usuarios-muebles 1-1,text,true,,776,532,1,1,https://compumuebles-sabana-api.cyk.com.co/api/orders,118,0,0
1781564486680,160,Autorizar pago,200,OK,Ingreso-usuarios-muebles 1-1,text,true,,1488,1223,1,1,https://compumuebles-sabana-api.cyk.com.co/api/payments/authorize,160,0,0
1781564486841,118,Vaciar carrito,200,OK,Ingreso-usuarios-muebles 1-1,text,true,,482,377,1,1,https://compumuebles-sabana-api.cyk.com.co/api/cart/b2296a29-4636-42c7-bba9-6417c950f445/items,118,0,0
1781564486960,292,Consultar ordenes,200,OK,Ingreso-usuarios-muebles 1-1,text,true,,90541,314,1,1,https://compumuebles-sabana-api.cyk.com.co/api/orders,282,0,0
1781564487253,548,Consultar pagos,200,OK,Ingreso-usuarios-muebles 1-1,text,true,,245087,316,1,1,https://compumuebles-sabana-api.cyk.com.co/api/payments,479,0,0
1781564487802,277,Ingreso Usuario,200,OK,Ingreso-usuarios-muebles 1-1,text,true,,538,408,1,1,https://compumuebles-sabana-api.cyk.com.co/api/auth/login,277,0,0
1781564488080,120,Seleccionar item - Sofa,200,OK,Ingreso-usuarios-muebles 1-1,text,true,,623,532,1,1,https://compumuebles-sabana-api.cyk.com.co/api/cart/items,120,0,0
1781564488201,159,Seleccionar item - Mesa,200,OK,Ingreso-usuarios-muebles 1-1,text,true,,756,530,1,1,https://compumuebles-sabana-api.cyk.com.co/api/cart/items,159,0,0
1781564488361,159,Seleccionar item - Neo,200,OK,Ingreso-usuarios-muebles 1-1,text,true,,883,524,1,1,https://compumuebles-sabana-api.cyk.com.co/api/cart/items,159,0,0
1781564488520,120,Seleccionar item - Escritorio,200,OK,Ingreso-usuarios-muebles 1-1,text,true,,1016,529,1,1,https://compumuebles-sabana-api.cyk.com.co/api/cart/items,120,0,0
1781564488641,159,Crear orden,201,Created,Ingreso-usuarios-muebles 1-1,text,true,,776,532,1,1,https://compumuebles-sabana-api.cyk.com.co/api/orders,159,0,0
1781564488800,120,Autorizar pago,200,OK,Ingreso-usuarios-muebles 1-1,text,true,,1487,1223,1,1,https://compumuebles-sabana-api.cyk.com.co/api/payments/authorize,120,0,0
1781564488920,160,Vaciar carrito,200,OK,Ingreso-usuarios-muebles 1-1,text,true,,482,377,1,1,https://compumuebles-sabana-api.cyk.com.co/api/cart/b2296a29-4636-42c7-bba9-6417c950f445/items,160,0,0
1781564489080,335,Consultar ordenes,200,OK,Ingreso-usuarios-muebles 1-1,text,true,,90954,314,1,1,https://compumuebles-sabana-api.cyk.com.co/api/orders,331,0,0
1781564489416,506,Consultar pagos,200,OK,Ingreso-usuarios-muebles 1-1,text,true,,246215,316,1,1,https://compumuebles-sabana-api.cyk.com.co/api/payments,468,0,0
1781564489924,315,Ingreso Usuario,200,OK,Ingreso-usuarios-muebles 1-1,text,true,,538,408,1,1,https://compumuebles-sabana-api.cyk.com.co/api/auth/login,315,0,0
1781564490240,160,Seleccionar item - Sofa,200,OK,Ingreso-usuarios-muebles 1-1,text,true,,623,532,1,1,https://compumuebles-sabana-api.cyk.com.co/api/cart/items,160,0,0
1781564490400,145,Seleccionar item - Mesa,200,OK,Ingreso-usuarios-muebles 1-1,text,true,,756,530,1,1,https://compumuebles-sabana-api.cyk.com.co/api/cart/items,145,0,0
1781564490546,133,Seleccionar item - Neo,200,OK,Ingreso-usuarios-muebles 1-1,text,true,,883,524,1,1,https://compumuebles-sabana-api.cyk.com.co/api/cart/items,133,0,0
1781564490680,121,Seleccionar item - Escritorio,200,OK,Ingreso-usuarios-muebles 1-1,text,true,,1016,529,1,1,https://compumuebles-sabana-api.cyk.com.co/api/cart/items,121,0,0
1781564490801,158,Crear orden,201,Created,Ingreso-usuarios-muebles 1-1,text,true,,774,532,1,1,https://compumuebles-sabana-api.cyk.com.co/api/orders,158,0,0
1781564490960,122,Autorizar pago,200,OK,Ingreso-usuarios-muebles 1-1,text,true,,1487,1223,1,1,https://compumuebles-sabana-api.cyk.com.co/api/payments/authorize,122,0,0
1781564491083,120,Vaciar carrito,200,OK,Ingreso-usuarios-muebles 1-1,text,true,,482,377,1,1,https://compumuebles-sabana-api.cyk.com.co/api/cart/b2296a29-4636-42c7-bba9-6417c950f445/items,120,0,0
1781564491203,329,Consultar ordenes,200,OK,Ingreso-usuarios-muebles 1-1,text,true,,91365,314,1,1,https://compumuebles-sabana-api.cyk.com.co/api/orders,287,0,0
1781564491533,521,Consultar pagos,200,OK,Ingreso-usuarios-muebles 1-1,text,true,,247343,316,1,1,https://compumuebles-sabana-api.cyk.com.co/api/payments,477,0,0
1781564492056,304,Ingreso Usuario,200,OK,Ingreso-usuarios-muebles 1-1,text,true,,538,408,1,1,https://compumuebles-sabana-api.cyk.com.co/api/auth/login,304,0,0
1781564492361,166,Seleccionar item - Sofa,200,OK,Ingreso-usuarios-muebles 1-1,text,true,,623,532,1,1,https://compumuebles-sabana-api.cyk.com.co/api/cart/items,166,0,0
1781564492529,151,Seleccionar item - Mesa,200,OK,Ingreso-usuarios-muebles 1-1,text,true,,756,530,1,1,https://compumuebles-sabana-api.cyk.com.co/api/cart/items,151,0,0
1781564492680,120,Seleccionar item - Neo,200,OK,Ingreso-usuarios-muebles 1-1,text,true,,883,524,1,1,https://compumuebles-sabana-api.cyk.com.co/api/cart/items,120,0,0
1781564492801,119,Seleccionar item - Escritorio,200,OK,Ingreso-usuarios-muebles 1-1,text,true,,1016,529,1,1,https://compumuebles-sabana-api.cyk.com.co/api/cart/items,119,0,0
1781564492921,160,Crear orden,201,Created,Ingreso-usuarios-muebles 1-1,text,true,,776,532,1,1,https://compumuebles-sabana-api.cyk.com.co/api/orders,160,0,0
1781564493082,158,Autorizar pago,200,OK,Ingreso-usuarios-muebles 1-1,text,true,,1487,1223,1,1,https://compumuebles-sabana-api.cyk.com.co/api/payments/authorize,158,0,0
1781564493241,159,Vaciar carrito,200,OK,Ingreso-usuarios-muebles 1-1,text,true,,482,377,1,1,https://compumuebles-sabana-api.cyk.com.co/api/cart/b2296a29-4636-42c7-bba9-6417c950f445/items,159,0,0
1781564493400,376,Consultar ordenes,200,OK,Ingreso-usuarios-muebles 1-1,text,true,,91778,314,1,1,https://compumuebles-sabana-api.cyk.com.co/api/orders,373,0,0
1781564493777,520,Consultar pagos,200,OK,Ingreso-usuarios-muebles 1-1,text,true,,248471,316,1,1,https://compumuebles-sabana-api.cyk.com.co/api/payments,473,0,0
1781564494300,339,Ingreso Usuario,200,OK,Ingreso-usuarios-muebles 1-1,text,true,,538,408,1,1,https://compumuebles-sabana-api.cyk.com.co/api/auth/login,339,0,0
1781564494640,159,Seleccionar item - Sofa,200,OK,Ingreso-usuarios-muebles 1-1,text,true,,623,532,1,1,https://compumuebles-sabana-api.cyk.com.co/api/cart/items,159,0,0
1781564494800,121,Seleccionar item - Mesa,200,OK,Ingreso-usuarios-muebles 1-1,text,true,,756,530,1,1,https://compumuebles-sabana-api.cyk.com.co/api/cart/items,121,0,0
1781564494921,120,Seleccionar item - Neo,200,OK,Ingreso-usuarios-muebles 1-1,text,true,,883,524,1,1,https://compumuebles-sabana-api.cyk.com.co/api/cart/items,119,0,0
1781564495041,119,Seleccionar item - Escritorio,200,OK,Ingreso-usuarios-muebles 1-1,text,true,,1016,529,1,1,https://compumuebles-sabana-api.cyk.com.co/api/cart/items,119,0,0
1781564495161,121,Crear orden,201,Created,Ingreso-usuarios-muebles 1-1,text,true,,776,532,1,1,https://compumuebles-sabana-api.cyk.com.co/api/orders,121,0,0
1781564495283,119,Autorizar pago,200,OK,Ingreso-usuarios-muebles 1-1,text,true,,1488,1223,1,1,https://compumuebles-sabana-api.cyk.com.co/api/payments/authorize,119,0,0
1781564495403,120,Vaciar carrito,200,OK,Ingreso-usuarios-muebles 1-1,text,true,,482,377,1,1,https://compumuebles-sabana-api.cyk.com.co/api/cart/b2296a29-4636-42c7-bba9-6417c950f445/items,120,0,0
1781564495523,325,Consultar ordenes,200,OK,Ingreso-usuarios-muebles 1-1,text,true,,92191,314,1,1,https://compumuebles-sabana-api.cyk.com.co/api/orders,295,0,0
1781564495850,593,Consultar pagos,200,OK,Ingreso-usuarios-muebles 1-1,text,true,,249600,316,1,1,https://compumuebles-sabana-api.cyk.com.co/api/payments,520,0,0
1781564496447,273,Ingreso Usuario,200,OK,Ingreso-usuarios-muebles 1-1,text,true,,538,408,1,1,https://compumuebles-sabana-api.cyk.com.co/api/auth/login,273,0,0
1781564496720,120,Seleccionar item - Sofa,200,OK,Ingreso-usuarios-muebles 1-1,text,true,,623,532,1,1,https://compumuebles-sabana-api.cyk.com.co/api/cart/items,120,0,0
1781564496841,119,Seleccionar item - Mesa,200,OK,Ingreso-usuarios-muebles 1-1,text,true,,756,530,1,1,https://compumuebles-sabana-api.cyk.com.co/api/cart/items,119,0,0
1781564496960,119,Seleccionar item - Neo,200,OK,Ingreso-usuarios-muebles 1-1,text,true,,883,524,1,1,https://compumuebles-sabana-api.cyk.com.co/api/cart/items,119,0,0
1781564497080,120,Seleccionar item - Escritorio,200,OK,Ingreso-usuarios-muebles 1-1,text,true,,1016,529,1,1,https://compumuebles-sabana-api.cyk.com.co/api/cart/items,120,0,0
1781564497201,158,Crear orden,201,Created,Ingreso-usuarios-muebles 1-1,text,true,,776,532,1,1,https://compumuebles-sabana-api.cyk.com.co/api/orders,158,0,0
1781564497360,161,Autorizar pago,200,OK,Ingreso-usuarios-muebles 1-1,text,true,,1488,1223,1,1,https://compumuebles-sabana-api.cyk.com.co/api/payments/authorize,161,0,0
1781564497522,118,Vaciar carrito,200,OK,Ingreso-usuarios-muebles 1-1,text,true,,482,377,1,1,https://compumuebles-sabana-api.cyk.com.co/api/cart/b2296a29-4636-42c7-bba9-6417c950f445/items,118,0,0
1781564497640,305,Consultar ordenes,200,OK,Ingreso-usuarios-muebles 1-1,text,true,,92604,314,1,1,https://compumuebles-sabana-api.cyk.com.co/api/orders,290,0,0
1781564497946,499,Consultar pagos,200,OK,Ingreso-usuarios-muebles 1-1,text,true,,250729,316,1,1,https://compumuebles-sabana-api.cyk.com.co/api/payments,464,0,0
1781564498448,313,Ingreso Usuario,200,OK,Ingreso-usuarios-muebles 1-1,text,true,,538,408,1,1,https://compumuebles-sabana-api.cyk.com.co/api/auth/login,313,0,0
1781564498762,159,Seleccionar item - Sofa,200,OK,Ingreso-usuarios-muebles 1-1,text,true,,623,532,1,1,https://compumuebles-sabana-api.cyk.com.co/api/cart/items,159,0,0
1781564498922,158,Seleccionar item - Mesa,200,OK,Ingreso-usuarios-muebles 1-1,text,true,,756,530,1,1,https://compumuebles-sabana-api.cyk.com.co/api/cart/items,158,0,0
1781564499081,159,Seleccionar item - Neo,200,OK,Ingreso-usuarios-muebles 1-1,text,true,,883,524,1,1,https://compumuebles-sabana-api.cyk.com.co/api/cart/items,159,0,0
1781564499241,119,Seleccionar item - Escritorio,200,OK,Ingreso-usuarios-muebles 1-1,text,true,,1016,529,1,1,https://compumuebles-sabana-api.cyk.com.co/api/cart/items,119,0,0
1781564499360,121,Crear orden,201,Created,Ingreso-usuarios-muebles 1-1,text,true,,776,532,1,1,https://compumuebles-sabana-api.cyk.com.co/api/orders,121,0,0
1781564499482,158,Autorizar pago,200,OK,Ingreso-usuarios-muebles 1-1,text,true,,1488,1223,1,1,https://compumuebles-sabana-api.cyk.com.co/api/payments/authorize,158,0,0
1781564499641,119,Vaciar carrito,200,OK,Ingreso-usuarios-muebles 1-1,text,true,,482,377,1,1,https://compumuebles-sabana-api.cyk.com.co/api/cart/b2296a29-4636-42c7-bba9-6417c950f445/items,119,0,0
1781564499761,322,Consultar ordenes,200,OK,Ingreso-usuarios-muebles 1-1,text,true,,93017,314,1,1,https://compumuebles-sabana-api.cyk.com.co/api/orders,290,0,0
1781564500084,508,Consultar pagos,200,OK,Ingreso-usuarios-muebles 1-1,text,true,,251858,316,1,1,https://compumuebles-sabana-api.cyk.com.co/api/payments,492,0,0
1781564500594,288,Ingreso Usuario,200,OK,Ingreso-usuarios-muebles 1-1,text,true,,538,408,1,1,https://compumuebles-sabana-api.cyk.com.co/api/auth/login,288,0,0
1781564500883,158,Seleccionar item - Sofa,200,OK,Ingreso-usuarios-muebles 1-1,text,true,,623,532,1,1,https://compumuebles-sabana-api.cyk.com.co/api/cart/items,157,0,0
1781564501041,119,Seleccionar item - Mesa,200,OK,Ingreso-usuarios-muebles 1-1,text,true,,756,530,1,1,https://compumuebles-sabana-api.cyk.com.co/api/cart/items,119,0,0
1781564501160,120,Seleccionar item - Neo,200,OK,Ingreso-usuarios-muebles 1-1,text,true,,883,524,1,1,https://compumuebles-sabana-api.cyk.com.co/api/cart/items,120,0,0
1781564501281,127,Seleccionar item - Escritorio,200,OK,Ingreso-usuarios-muebles 1-1,text,true,,1016,529,1,1,https://compumuebles-sabana-api.cyk.com.co/api/cart/items,127,0,0
1781564501409,159,Crear orden,201,Created,Ingreso-usuarios-muebles 1-1,text,true,,776,532,1,1,https://compumuebles-sabana-api.cyk.com.co/api/orders,159,0,0
1781564501568,152,Autorizar pago,200,OK,Ingreso-usuarios-muebles 1-1,text,true,,1488,1223,1,1,https://compumuebles-sabana-api.cyk.com.co/api/payments/authorize,152,0,0
1781564501720,121,Vaciar carrito,200,OK,Ingreso-usuarios-muebles 1-1,text,true,,482,377,1,1,https://compumuebles-sabana-api.cyk.com.co/api/cart/b2296a29-4636-42c7-bba9-6417c950f445/items,120,0,0
1781564501841,296,Consultar ordenes,200,OK,Ingreso-usuarios-muebles 1-1,text,true,,93430,314,1,1,https://compumuebles-sabana-api.cyk.com.co/api/orders,290,0,0
1781564502138,502,Consultar pagos,200,OK,Ingreso-usuarios-muebles 1-1,text,true,,252987,316,1,1,https://compumuebles-sabana-api.cyk.com.co/api/payments,465,0,0
1781564502642,358,Ingreso Usuario,200,OK,Ingreso-usuarios-muebles 1-1,text,true,,538,408,1,1,https://compumuebles-sabana-api.cyk.com.co/api/auth/login,358,0,0
1781564503001,120,Seleccionar item - Sofa,200,OK,Ingreso-usuarios-muebles 1-1,text,true,,623,532,1,1,https://compumuebles-sabana-api.cyk.com.co/api/cart/items,120,0,0
1781564503122,157,Seleccionar item - Mesa,200,OK,Ingreso-usuarios-muebles 1-1,text,true,,756,530,1,1,https://compumuebles-sabana-api.cyk.com.co/api/cart/items,157,0,0
1781564503278,161,Seleccionar item - Neo,200,OK,Ingreso-usuarios-muebles 1-1,text,true,,883,524,1,1,https://compumuebles-sabana-api.cyk.com.co/api/cart/items,161,0,0
1781564503441,157,Seleccionar item - Escritorio,200,OK,Ingreso-usuarios-muebles 1-1,text,true,,1016,529,1,1,https://compumuebles-sabana-api.cyk.com.co/api/cart/items,157,0,0
1781564503599,125,Crear orden,201,Created,Ingreso-usuarios-muebles 1-1,text,true,,776,532,1,1,https://compumuebles-sabana-api.cyk.com.co/api/orders,125,0,0
1781564503724,154,Autorizar pago,200,OK,Ingreso-usuarios-muebles 1-1,text,true,,1488,1223,1,1,https://compumuebles-sabana-api.cyk.com.co/api/payments/authorize,154,0,0
1781564503879,120,Vaciar carrito,200,OK,Ingreso-usuarios-muebles 1-1,text,true,,482,377,1,1,https://compumuebles-sabana-api.cyk.com.co/api/cart/b2296a29-4636-42c7-bba9-6417c950f445/items,120,0,0
1781564503999,336,Consultar ordenes,200,OK,Ingreso-usuarios-muebles 1-1,text,true,,93843,314,1,1,https://compumuebles-sabana-api.cyk.com.co/api/orders,332,0,0
1781564504336,525,Consultar pagos,200,OK,Ingreso-usuarios-muebles 1-1,text,true,,254116,316,1,1,https://compumuebles-sabana-api.cyk.com.co/api/payments,473,0,0
1781564504863,295,Ingreso Usuario,200,OK,Ingreso-usuarios-muebles 1-1,text,true,,538,408,1,1,https://compumuebles-sabana-api.cyk.com.co/api/auth/login,295,0,0
1781564505159,120,Seleccionar item - Sofa,200,OK,Ingreso-usuarios-muebles 1-1,text,true,,623,532,1,1,https://compumuebles-sabana-api.cyk.com.co/api/cart/items,120,0,0
1781564505280,158,Seleccionar item - Mesa,200,OK,Ingreso-usuarios-muebles 1-1,text,true,,756,530,1,1,https://compumuebles-sabana-api.cyk.com.co/api/cart/items,158,0,0
1781564505439,160,Seleccionar item - Neo,200,OK,Ingreso-usuarios-muebles 1-1,text,true,,883,524,1,1,https://compumuebles-sabana-api.cyk.com.co/api/cart/items,160,0,0
1781564505599,119,Seleccionar item - Escritorio,200,OK,Ingreso-usuarios-muebles 1-1,text,true,,1016,529,1,1,https://compumuebles-sabana-api.cyk.com.co/api/cart/items,119,0,0
1781564505719,119,Crear orden,201,Created,Ingreso-usuarios-muebles 1-1,text,true,,776,532,1,1,https://compumuebles-sabana-api.cyk.com.co/api/orders,119,0,0
1781564505838,123,Autorizar pago,200,OK,Ingreso-usuarios-muebles 1-1,text,true,,1488,1223,1,1,https://compumuebles-sabana-api.cyk.com.co/api/payments/authorize,123,0,0
1781564505961,117,Vaciar carrito,200,OK,Ingreso-usuarios-muebles 1-1,text,true,,482,377,1,1,https://compumuebles-sabana-api.cyk.com.co/api/cart/b2296a29-4636-42c7-bba9-6417c950f445/items,117,0,0
1781564506079,296,Consultar ordenes,200,OK,Ingreso-usuarios-muebles 1-1,text,true,,94256,314,1,1,https://compumuebles-sabana-api.cyk.com.co/api/orders,282,0,0
1781564506375,523,Consultar pagos,200,OK,Ingreso-usuarios-muebles 1-1,text,true,,255245,316,1,1,https://compumuebles-sabana-api.cyk.com.co/api/payments,466,0,0
1781564506901,298,Ingreso Usuario,200,OK,Ingreso-usuarios-muebles 1-1,text,true,,538,408,1,1,https://compumuebles-sabana-api.cyk.com.co/api/auth/login,298,0,0
1781564507200,159,Seleccionar item - Sofa,200,OK,Ingreso-usuarios-muebles 1-1,text,true,,623,532,1,1,https://compumuebles-sabana-api.cyk.com.co/api/cart/items,159,0,0
1781564507359,119,Seleccionar item - Mesa,200,OK,Ingreso-usuarios-muebles 1-1,text,true,,756,530,1,1,https://compumuebles-sabana-api.cyk.com.co/api/cart/items,119,0,0
1781564507479,120,Seleccionar item - Neo,200,OK,Ingreso-usuarios-muebles 1-1,text,true,,883,524,1,1,https://compumuebles-sabana-api.cyk.com.co/api/cart/items,120,0,0
1781564507600,119,Seleccionar item - Escritorio,200,OK,Ingreso-usuarios-muebles 1-1,text,true,,1016,529,1,1,https://compumuebles-sabana-api.cyk.com.co/api/cart/items,119,0,0
1781564507720,119,Crear orden,201,Created,Ingreso-usuarios-muebles 1-1,text,true,,776,532,1,1,https://compumuebles-sabana-api.cyk.com.co/api/orders,119,0,0
1781564507840,160,Autorizar pago,200,OK,Ingreso-usuarios-muebles 1-1,text,true,,1488,1223,1,1,https://compumuebles-sabana-api.cyk.com.co/api/payments/authorize,160,0,0
1781564508000,126,Vaciar carrito,200,OK,Ingreso-usuarios-muebles 1-1,text,true,,482,377,1,1,https://compumuebles-sabana-api.cyk.com.co/api/cart/b2296a29-4636-42c7-bba9-6417c950f445/items,126,0,0
1781564508127,329,Consultar ordenes,200,OK,Ingreso-usuarios-muebles 1-1,text,true,,94669,314,1,1,https://compumuebles-sabana-api.cyk.com.co/api/orders,314,0,0
1781564508458,615,Consultar pagos,200,OK,Ingreso-usuarios-muebles 1-1,text,true,,256374,316,1,1,https://compumuebles-sabana-api.cyk.com.co/api/payments,551,0,0
1781564509075,285,Ingreso Usuario,200,OK,Ingreso-usuarios-muebles 1-1,text,true,,538,408,1,1,https://compumuebles-sabana-api.cyk.com.co/api/auth/login,285,0,0
1781564509360,121,Seleccionar item - Sofa,200,OK,Ingreso-usuarios-muebles 1-1,text,true,,623,532,1,1,https://compumuebles-sabana-api.cyk.com.co/api/cart/items,121,0,0
1781564509481,119,Seleccionar item - Mesa,200,OK,Ingreso-usuarios-muebles 1-1,text,true,,756,530,1,1,https://compumuebles-sabana-api.cyk.com.co/api/cart/items,119,0,0
1781564509600,133,Seleccionar item - Neo,200,OK,Ingreso-usuarios-muebles 1-1,text,true,,883,524,1,1,https://compumuebles-sabana-api.cyk.com.co/api/cart/items,133,0,0
1781564509733,146,Seleccionar item - Escritorio,200,OK,Ingreso-usuarios-muebles 1-1,text,true,,1016,529,1,1,https://compumuebles-sabana-api.cyk.com.co/api/cart/items,146,0,0
1781564509880,119,Crear orden,201,Created,Ingreso-usuarios-muebles 1-1,text,true,,776,532,1,1,https://compumuebles-sabana-api.cyk.com.co/api/orders,119,0,0
1781564510000,159,Autorizar pago,200,OK,Ingreso-usuarios-muebles 1-1,text,true,,1488,1223,1,1,https://compumuebles-sabana-api.cyk.com.co/api/payments/authorize,159,0,0
1781564510160,119,Vaciar carrito,200,OK,Ingreso-usuarios-muebles 1-1,text,true,,482,377,1,1,https://compumuebles-sabana-api.cyk.com.co/api/cart/b2296a29-4636-42c7-bba9-6417c950f445/items,119,0,0
1781564510280,296,Consultar ordenes,200,OK,Ingreso-usuarios-muebles 1-1,text,true,,95082,314,1,1,https://compumuebles-sabana-api.cyk.com.co/api/orders,283,0,0
1781564510577,542,Consultar pagos,200,OK,Ingreso-usuarios-muebles 1-1,text,true,,257503,316,1,1,https://compumuebles-sabana-api.cyk.com.co/api/payments,513,0,0
1781564511126,274,Ingreso Usuario,200,OK,Ingreso-usuarios-muebles 1-1,text,true,,538,408,1,1,https://compumuebles-sabana-api.cyk.com.co/api/auth/login,274,0,0
1781564511400,120,Seleccionar item - Sofa,200,OK,Ingreso-usuarios-muebles 1-1,text,true,,623,532,1,1,https://compumuebles-sabana-api.cyk.com.co/api/cart/items,120,0,0
1781564511521,117,Seleccionar item - Mesa,200,OK,Ingreso-usuarios-muebles 1-1,text,true,,756,530,1,1,https://compumuebles-sabana-api.cyk.com.co/api/cart/items,117,0,0
1781564511639,161,Seleccionar item - Neo,200,OK,Ingreso-usuarios-muebles 1-1,text,true,,883,524,1,1,https://compumuebles-sabana-api.cyk.com.co/api/cart/items,161,0,0
1781564511801,118,Seleccionar item - Escritorio,200,OK,Ingreso-usuarios-muebles 1-1,text,true,,1016,529,1,1,https://compumuebles-sabana-api.cyk.com.co/api/cart/items,118,0,0
1781564511920,119,Crear orden,201,Created,Ingreso-usuarios-muebles 1-1,text,true,,776,532,1,1,https://compumuebles-sabana-api.cyk.com.co/api/orders,119,0,0
1781564512039,160,Autorizar pago,200,OK,Ingreso-usuarios-muebles 1-1,text,true,,1488,1223,1,1,https://compumuebles-sabana-api.cyk.com.co/api/payments/authorize,160,0,0
1781564512200,159,Vaciar carrito,200,OK,Ingreso-usuarios-muebles 1-1,text,true,,482,377,1,1,https://compumuebles-sabana-api.cyk.com.co/api/cart/b2296a29-4636-42c7-bba9-6417c950f445/items,159,0,0
1781564512360,302,Consultar ordenes,200,OK,Ingreso-usuarios-muebles 1-1,text,true,,95495,314,1,1,https://compumuebles-sabana-api.cyk.com.co/api/orders,289,0,0
1781564512663,663,Consultar pagos,200,OK,Ingreso-usuarios-muebles 1-1,text,true,,258632,316,1,1,https://compumuebles-sabana-api.cyk.com.co/api/payments,560,0,0
1781564513329,349,Ingreso Usuario,200,OK,Ingreso-usuarios-muebles 1-1,text,true,,538,408,1,1,https://compumuebles-sabana-api.cyk.com.co/api/auth/login,349,0,0
1781564513679,160,Seleccionar item - Sofa,200,OK,Ingreso-usuarios-muebles 1-1,text,true,,623,532,1,1,https://compumuebles-sabana-api.cyk.com.co/api/cart/items,160,0,0
1781564513840,129,Seleccionar item - Mesa,200,OK,Ingreso-usuarios-muebles 1-1,text,true,,756,530,1,1,https://compumuebles-sabana-api.cyk.com.co/api/cart/items,129,0,0
1781564513970,149,Seleccionar item - Neo,200,OK,Ingreso-usuarios-muebles 1-1,text,true,,883,524,1,1,https://compumuebles-sabana-api.cyk.com.co/api/cart/items,149,0,0
1781564514119,144,Seleccionar item - Escritorio,200,OK,Ingreso-usuarios-muebles 1-1,text,true,,1016,529,1,1,https://compumuebles-sabana-api.cyk.com.co/api/cart/items,144,0,0
1781564514263,135,Crear orden,201,Created,Ingreso-usuarios-muebles 1-1,text,true,,776,532,1,1,https://compumuebles-sabana-api.cyk.com.co/api/orders,135,0,0
1781564514399,120,Autorizar pago,200,OK,Ingreso-usuarios-muebles 1-1,text,true,,1488,1223,1,1,https://compumuebles-sabana-api.cyk.com.co/api/payments/authorize,120,0,0
1781564514519,122,Vaciar carrito,200,OK,Ingreso-usuarios-muebles 1-1,text,true,,482,377,1,1,https://compumuebles-sabana-api.cyk.com.co/api/cart/b2296a29-4636-42c7-bba9-6417c950f445/items,122,0,0
1781564514642,300,Consultar ordenes,200,OK,Ingreso-usuarios-muebles 1-1,text,true,,95908,314,1,1,https://compumuebles-sabana-api.cyk.com.co/api/orders,288,0,0
1781564514943,618,Consultar pagos,200,OK,Ingreso-usuarios-muebles 1-1,text,true,,259761,316,1,1,https://compumuebles-sabana-api.cyk.com.co/api/payments,586,0,0
1781564515563,276,Ingreso Usuario,200,OK,Ingreso-usuarios-muebles 1-1,text,true,,538,408,1,1,https://compumuebles-sabana-api.cyk.com.co/api/auth/login,276,0,0
1781564515840,119,Seleccionar item - Sofa,200,OK,Ingreso-usuarios-muebles 1-1,text,true,,623,532,1,1,https://compumuebles-sabana-api.cyk.com.co/api/cart/items,119,0,0
1781564515959,159,Seleccionar item - Mesa,200,OK,Ingreso-usuarios-muebles 1-1,text,true,,756,530,1,1,https://compumuebles-sabana-api.cyk.com.co/api/cart/items,159,0,0
1781564516118,162,Seleccionar item - Neo,200,OK,Ingreso-usuarios-muebles 1-1,text,true,,883,524,1,1,https://compumuebles-sabana-api.cyk.com.co/api/cart/items,162,0,0
1781564516280,166,Seleccionar item - Escritorio,200,OK,Ingreso-usuarios-muebles 1-1,text,true,,1016,529,1,1,https://compumuebles-sabana-api.cyk.com.co/api/cart/items,166,0,0
1781564516447,151,Crear orden,201,Created,Ingreso-usuarios-muebles 1-1,text,true,,776,532,1,1,https://compumuebles-sabana-api.cyk.com.co/api/orders,151,0,0
1781564516599,160,Autorizar pago,200,OK,Ingreso-usuarios-muebles 1-1,text,true,,1488,1223,1,1,https://compumuebles-sabana-api.cyk.com.co/api/payments/authorize,159,0,0
1781564516759,121,Vaciar carrito,200,OK,Ingreso-usuarios-muebles 1-1,text,true,,482,377,1,1,https://compumuebles-sabana-api.cyk.com.co/api/cart/b2296a29-4636-42c7-bba9-6417c950f445/items,121,0,0
1781564516880,289,Consultar ordenes,200,OK,Ingreso-usuarios-muebles 1-1,text,true,,96321,314,1,1,https://compumuebles-sabana-api.cyk.com.co/api/orders,281,0,0
1781564517170,512,Consultar pagos,200,OK,Ingreso-usuarios-muebles 1-1,text,true,,260890,316,1,1,https://compumuebles-sabana-api.cyk.com.co/api/payments,474,0,0
1781564517688,311,Ingreso Usuario,200,OK,Ingreso-usuarios-muebles 1-1,text,true,,538,408,1,1,https://compumuebles-sabana-api.cyk.com.co/api/auth/login,311,0,0
1781564517999,121,Seleccionar item - Sofa,200,OK,Ingreso-usuarios-muebles 1-1,text,true,,623,532,1,1,https://compumuebles-sabana-api.cyk.com.co/api/cart/items,121,0,0
1781564518121,118,Seleccionar item - Mesa,200,OK,Ingreso-usuarios-muebles 1-1,text,true,,756,530,1,1,https://compumuebles-sabana-api.cyk.com.co/api/cart/items,118,0,0
1781564518240,399,Seleccionar item - Neo,200,OK,Ingreso-usuarios-muebles 1-1,text,true,,883,524,1,1,https://compumuebles-sabana-api.cyk.com.co/api/cart/items,399,0,248
1781564518641,159,Seleccionar item - Escritorio,200,OK,Ingreso-usuarios-muebles 1-1,text,true,,1016,529,1,1,https://compumuebles-sabana-api.cyk.com.co/api/cart/items,158,0,0
1781564518800,118,Crear orden,201,Created,Ingreso-usuarios-muebles 1-1,text,true,,776,532,1,1,https://compumuebles-sabana-api.cyk.com.co/api/orders,118,0,0
1781564518919,124,Autorizar pago,200,OK,Ingreso-usuarios-muebles 1-1,text,true,,1488,1223,1,1,https://compumuebles-sabana-api.cyk.com.co/api/payments/authorize,124,0,0
1781564519043,119,Vaciar carrito,200,OK,Ingreso-usuarios-muebles 1-1,text,true,,482,377,1,1,https://compumuebles-sabana-api.cyk.com.co/api/cart/b2296a29-4636-42c7-bba9-6417c950f445/items,119,0,0
1781564519163,472,Consultar ordenes,200,OK,Ingreso-usuarios-muebles 1-1,text,true,,96734,314,1,1,https://compumuebles-sabana-api.cyk.com.co/api/orders,263,0,0
1781564519636,660,Consultar pagos,200,OK,Ingreso-usuarios-muebles 1-1,text,true,,262019,316,1,1,https://compumuebles-sabana-api.cyk.com.co/api/payments,462,0,0
1781564520300,297,Ingreso Usuario,200,OK,Ingreso-usuarios-muebles 1-1,text,true,,538,408,1,1,https://compumuebles-sabana-api.cyk.com.co/api/auth/login,297,0,0
1781564520597,122,Seleccionar item - Sofa,200,OK,Ingreso-usuarios-muebles 1-1,text,true,,623,532,1,1,https://compumuebles-sabana-api.cyk.com.co/api/cart/items,122,0,0
1781564520720,160,Seleccionar item - Mesa,200,OK,Ingreso-usuarios-muebles 1-1,text,true,,756,530,1,1,https://compumuebles-sabana-api.cyk.com.co/api/cart/items,160,0,0
1781564520881,158,Seleccionar item - Neo,200,OK,Ingreso-usuarios-muebles 1-1,text,true,,883,524,1,1,https://compumuebles-sabana-api.cyk.com.co/api/cart/items,158,0,0
1781564521039,121,Seleccionar item - Escritorio,200,OK,Ingreso-usuarios-muebles 1-1,text,true,,1016,529,1,1,https://compumuebles-sabana-api.cyk.com.co/api/cart/items,121,0,0
1781564521160,153,Crear orden,201,Created,Ingreso-usuarios-muebles 1-1,text,true,,776,532,1,1,https://compumuebles-sabana-api.cyk.com.co/api/orders,153,0,0
1781564521314,135,Autorizar pago,200,OK,Ingreso-usuarios-muebles 1-1,text,true,,1488,1223,1,1,https://compumuebles-sabana-api.cyk.com.co/api/payments/authorize,135,0,0
1781564521450,156,Vaciar carrito,200,OK,Ingreso-usuarios-muebles 1-1,text,true,,482,377,1,1,https://compumuebles-sabana-api.cyk.com.co/api/cart/b2296a29-4636-42c7-bba9-6417c950f445/items,156,0,0
1781564521607,301,Consultar ordenes,200,OK,Ingreso-usuarios-muebles 1-1,text,true,,97147,314,1,1,https://compumuebles-sabana-api.cyk.com.co/api/orders,290,0,0
1781564521909,618,Consultar pagos,200,OK,Ingreso-usuarios-muebles 1-1,text,true,,263148,316,1,1,https://compumuebles-sabana-api.cyk.com.co/api/payments,498,0,0
1781564522530,272,Ingreso Usuario,200,OK,Ingreso-usuarios-muebles 1-1,text,true,,538,408,1,1,https://compumuebles-sabana-api.cyk.com.co/api/auth/login,272,0,0
1781564522803,116,Seleccionar item - Sofa,200,OK,Ingreso-usuarios-muebles 1-1,text,true,,623,532,1,1,https://compumuebles-sabana-api.cyk.com.co/api/cart/items,116,0,0
1781564522919,125,Seleccionar item - Mesa,200,OK,Ingreso-usuarios-muebles 1-1,text,true,,756,530,1,1,https://compumuebles-sabana-api.cyk.com.co/api/cart/items,125,0,0
1781564523045,138,Seleccionar item - Neo,200,OK,Ingreso-usuarios-muebles 1-1,text,true,,883,524,1,1,https://compumuebles-sabana-api.cyk.com.co/api/cart/items,138,0,0
1781564523184,143,Seleccionar item - Escritorio,200,OK,Ingreso-usuarios-muebles 1-1,text,true,,1016,529,1,1,https://compumuebles-sabana-api.cyk.com.co/api/cart/items,143,0,0
1781564523327,160,Crear orden,201,Created,Ingreso-usuarios-muebles 1-1,text,true,,776,532,1,1,https://compumuebles-sabana-api.cyk.com.co/api/orders,160,0,0
1781564523487,152,Autorizar pago,200,OK,Ingreso-usuarios-muebles 1-1,text,true,,1488,1223,1,1,https://compumuebles-sabana-api.cyk.com.co/api/payments/authorize,152,0,0
1781564523639,161,Vaciar carrito,200,OK,Ingreso-usuarios-muebles 1-1,text,true,,482,377,1,1,https://compumuebles-sabana-api.cyk.com.co/api/cart/b2296a29-4636-42c7-bba9-6417c950f445/items,161,0,0
1781564523801,289,Consultar ordenes,200,OK,Ingreso-usuarios-muebles 1-1,text,true,,97560,314,1,1,https://compumuebles-sabana-api.cyk.com.co/api/orders,277,0,0
1781564524090,507,Consultar pagos,200,OK,Ingreso-usuarios-muebles 1-1,text,true,,264277,316,1,1,https://compumuebles-sabana-api.cyk.com.co/api/payments,465,0,0
1781564524603,277,Ingreso Usuario,200,OK,Ingreso-usuarios-muebles 1-1,text,true,,538,408,1,1,https://compumuebles-sabana-api.cyk.com.co/api/auth/login,277,0,0
1781564524880,119,Seleccionar item - Sofa,200,OK,Ingreso-usuarios-muebles 1-1,text,true,,623,532,1,1,https://compumuebles-sabana-api.cyk.com.co/api/cart/items,119,0,0
1781564524999,117,Seleccionar item - Mesa,200,OK,Ingreso-usuarios-muebles 1-1,text,true,,756,530,1,1,https://compumuebles-sabana-api.cyk.com.co/api/cart/items,117,0,0
1781564525117,163,Seleccionar item - Neo,200,OK,Ingreso-usuarios-muebles 1-1,text,true,,883,524,1,1,https://compumuebles-sabana-api.cyk.com.co/api/cart/items,163,0,0
1781564525280,160,Seleccionar item - Escritorio,200,OK,Ingreso-usuarios-muebles 1-1,text,true,,1016,529,1,1,https://compumuebles-sabana-api.cyk.com.co/api/cart/items,159,0,0
1781564525440,121,Crear orden,201,Created,Ingreso-usuarios-muebles 1-1,text,true,,776,532,1,1,https://compumuebles-sabana-api.cyk.com.co/api/orders,121,0,0
1781564525561,121,Autorizar pago,200,OK,Ingreso-usuarios-muebles 1-1,text,true,,1488,1223,1,1,https://compumuebles-sabana-api.cyk.com.co/api/payments/authorize,121,0,0
1781564525682,117,Vaciar carrito,200,OK,Ingreso-usuarios-muebles 1-1,text,true,,482,377,1,1,https://compumuebles-sabana-api.cyk.com.co/api/cart/b2296a29-4636-42c7-bba9-6417c950f445/items,117,0,0
1781564525799,307,Consultar ordenes,200,OK,Ingreso-usuarios-muebles 1-1,text,true,,97973,314,1,1,https://compumuebles-sabana-api.cyk.com.co/api/orders,292,0,0
1781564526108,553,Consultar pagos,200,OK,Ingreso-usuarios-muebles 1-1,text,true,,265406,316,1,1,https://compumuebles-sabana-api.cyk.com.co/api/payments,494,0,0
1781564526663,297,Ingreso Usuario,200,OK,Ingreso-usuarios-muebles 1-1,text,true,,538,408,1,1,https://compumuebles-sabana-api.cyk.com.co/api/auth/login,297,0,0
1781564526961,123,Seleccionar item - Sofa,200,OK,Ingreso-usuarios-muebles 1-1,text,true,,623,532,1,1,https://compumuebles-sabana-api.cyk.com.co/api/cart/items,123,0,0
1781564527084,118,Seleccionar item - Mesa,200,OK,Ingreso-usuarios-muebles 1-1,text,true,,756,530,1,1,https://compumuebles-sabana-api.cyk.com.co/api/cart/items,118,0,0
1781564527203,157,Seleccionar item - Neo,200,OK,Ingreso-usuarios-muebles 1-1,text,true,,883,524,1,1,https://compumuebles-sabana-api.cyk.com.co/api/cart/items,157,0,0
1781564527361,125,Seleccionar item - Escritorio,200,OK,Ingreso-usuarios-muebles 1-1,text,true,,1016,529,1,1,https://compumuebles-sabana-api.cyk.com.co/api/cart/items,125,0,0
1781564527487,136,Crear orden,201,Created,Ingreso-usuarios-muebles 1-1,text,true,,774,532,1,1,https://compumuebles-sabana-api.cyk.com.co/api/orders,136,0,0
1781564527623,138,Autorizar pago,200,OK,Ingreso-usuarios-muebles 1-1,text,true,,1488,1223,1,1,https://compumuebles-sabana-api.cyk.com.co/api/payments/authorize,138,0,0
1781564527761,167,Vaciar carrito,200,OK,Ingreso-usuarios-muebles 1-1,text,true,,482,377,1,1,https://compumuebles-sabana-api.cyk.com.co/api/cart/b2296a29-4636-42c7-bba9-6417c950f445/items,167,0,0
1781564527928,289,Consultar ordenes,200,OK,Ingreso-usuarios-muebles 1-1,text,true,,98384,314,1,1,https://compumuebles-sabana-api.cyk.com.co/api/orders,274,0,0
1781564528218,541,Consultar pagos,200,OK,Ingreso-usuarios-muebles 1-1,text,true,,266535,316,1,1,https://compumuebles-sabana-api.cyk.com.co/api/payments,481,0,0
1781564528761,279,Ingreso Usuario,200,OK,Ingreso-usuarios-muebles 1-1,text,true,,538,408,1,1,https://compumuebles-sabana-api.cyk.com.co/api/auth/login,279,0,0
1781564529041,119,Seleccionar item - Sofa,200,OK,Ingreso-usuarios-muebles 1-1,text,true,,623,532,1,1,https://compumuebles-sabana-api.cyk.com.co/api/cart/items,119,0,0
1781564529161,118,Seleccionar item - Mesa,200,OK,Ingreso-usuarios-muebles 1-1,text,true,,756,530,1,1,https://compumuebles-sabana-api.cyk.com.co/api/cart/items,118,0,0
1781564529280,159,Seleccionar item - Neo,200,OK,Ingreso-usuarios-muebles 1-1,text,true,,883,524,1,1,https://compumuebles-sabana-api.cyk.com.co/api/cart/items,159,0,0
1781564529440,158,Seleccionar item - Escritorio,200,OK,Ingreso-usuarios-muebles 1-1,text,true,,1016,529,1,1,https://compumuebles-sabana-api.cyk.com.co/api/cart/items,158,0,0
1781564529599,118,Crear orden,201,Created,Ingreso-usuarios-muebles 1-1,text,true,,776,532,1,1,https://compumuebles-sabana-api.cyk.com.co/api/orders,118,0,0
1781564529718,121,Autorizar pago,200,OK,Ingreso-usuarios-muebles 1-1,text,true,,1488,1223,1,1,https://compumuebles-sabana-api.cyk.com.co/api/payments/authorize,121,0,0
1781564529840,159,Vaciar carrito,200,OK,Ingreso-usuarios-muebles 1-1,text,true,,482,377,1,1,https://compumuebles-sabana-api.cyk.com.co/api/cart/b2296a29-4636-42c7-bba9-6417c950f445/items,159,0,0
1781564529999,306,Consultar ordenes,200,OK,Ingreso-usuarios-muebles 1-1,text,true,,98797,314,1,1,https://compumuebles-sabana-api.cyk.com.co/api/orders,292,0,0
1781564530306,501,Consultar pagos,200,OK,Ingreso-usuarios-muebles 1-1,text,true,,267664,316,1,1,https://compumuebles-sabana-api.cyk.com.co/api/payments,466,0,0
1781564530808,277,Ingreso Usuario,200,OK,Ingreso-usuarios-muebles 1-1,text,true,,538,408,1,1,https://compumuebles-sabana-api.cyk.com.co/api/auth/login,277,0,0
1781564531086,154,Seleccionar item - Sofa,200,OK,Ingreso-usuarios-muebles 1-1,text,true,,623,532,1,1,https://compumuebles-sabana-api.cyk.com.co/api/cart/items,154,0,0
1781564531240,159,Seleccionar item - Mesa,200,OK,Ingreso-usuarios-muebles 1-1,text,true,,756,530,1,1,https://compumuebles-sabana-api.cyk.com.co/api/cart/items,159,0,0
1781564531400,129,Seleccionar item - Neo,200,OK,Ingreso-usuarios-muebles 1-1,text,true,,883,524,1,1,https://compumuebles-sabana-api.cyk.com.co/api/cart/items,129,0,0
1781564531530,149,Seleccionar item - Escritorio,200,OK,Ingreso-usuarios-muebles 1-1,text,true,,1016,529,1,1,https://compumuebles-sabana-api.cyk.com.co/api/cart/items,149,0,0
1781564531680,119,Crear orden,201,Created,Ingreso-usuarios-muebles 1-1,text,true,,776,532,1,1,https://compumuebles-sabana-api.cyk.com.co/api/orders,119,0,0
1781564531799,120,Autorizar pago,200,OK,Ingreso-usuarios-muebles 1-1,text,true,,1488,1223,1,1,https://compumuebles-sabana-api.cyk.com.co/api/payments/authorize,120,0,0
1781564531920,135,Vaciar carrito,200,OK,Ingreso-usuarios-muebles 1-1,text,true,,482,377,1,1,https://compumuebles-sabana-api.cyk.com.co/api/cart/b2296a29-4636-42c7-bba9-6417c950f445/items,135,0,0
1781564532055,296,Consultar ordenes,200,OK,Ingreso-usuarios-muebles 1-1,text,true,,99210,314,1,1,https://compumuebles-sabana-api.cyk.com.co/api/orders,282,0,0
1781564532352,531,Consultar pagos,200,OK,Ingreso-usuarios-muebles 1-1,text,true,,268793,316,1,1,https://compumuebles-sabana-api.cyk.com.co/api/payments,497,0,0
1781564532885,353,Ingreso Usuario,200,OK,Ingreso-usuarios-muebles 1-1,text,true,,538,408,1,1,https://compumuebles-sabana-api.cyk.com.co/api/auth/login,353,0,0
1781564533239,135,Seleccionar item - Sofa,200,OK,Ingreso-usuarios-muebles 1-1,text,true,,623,532,1,1,https://compumuebles-sabana-api.cyk.com.co/api/cart/items,135,0,0
1781564533375,145,Seleccionar item - Mesa,200,OK,Ingreso-usuarios-muebles 1-1,text,true,,756,530,1,1,https://compumuebles-sabana-api.cyk.com.co/api/cart/items,145,0,0
1781564533520,158,Seleccionar item - Neo,200,OK,Ingreso-usuarios-muebles 1-1,text,true,,883,524,1,1,https://compumuebles-sabana-api.cyk.com.co/api/cart/items,158,0,0
1781564533679,122,Seleccionar item - Escritorio,200,OK,Ingreso-usuarios-muebles 1-1,text,true,,1016,529,1,1,https://compumuebles-sabana-api.cyk.com.co/api/cart/items,122,0,0
1781564533802,158,Crear orden,201,Created,Ingreso-usuarios-muebles 1-1,text,true,,776,532,1,1,https://compumuebles-sabana-api.cyk.com.co/api/orders,158,0,0
1781564533960,159,Autorizar pago,200,OK,Ingreso-usuarios-muebles 1-1,text,true,,1488,1223,1,1,https://compumuebles-sabana-api.cyk.com.co/api/payments/authorize,159,0,0
1781564534120,177,Vaciar carrito,200,OK,Ingreso-usuarios-muebles 1-1,text,true,,482,377,1,1,https://compumuebles-sabana-api.cyk.com.co/api/cart/b2296a29-4636-42c7-bba9-6417c950f445/items,177,0,0
1781564534297,318,Consultar ordenes,200,OK,Ingreso-usuarios-muebles 1-1,text,true,,99623,314,1,1,https://compumuebles-sabana-api.cyk.com.co/api/orders,305,0,0
1781564534616,547,Consultar pagos,200,OK,Ingreso-usuarios-muebles 1-1,text,true,,269922,316,1,1,https://compumuebles-sabana-api.cyk.com.co/api/payments,505,0,0
1781564535166,366,Ingreso Usuario,200,OK,Ingreso-usuarios-muebles 1-1,text,true,,538,408,1,1,https://compumuebles-sabana-api.cyk.com.co/api/auth/login,366,0,0
1781564535533,148,Seleccionar item - Sofa,200,OK,Ingreso-usuarios-muebles 1-1,text,true,,623,532,1,1,https://compumuebles-sabana-api.cyk.com.co/api/cart/items,148,0,0
1781564535681,118,Seleccionar item - Mesa,200,OK,Ingreso-usuarios-muebles 1-1,text,true,,756,530,1,1,https://compumuebles-sabana-api.cyk.com.co/api/cart/items,118,0,0
1781564535799,120,Seleccionar item - Neo,200,OK,Ingreso-usuarios-muebles 1-1,text,true,,883,524,1,1,https://compumuebles-sabana-api.cyk.com.co/api/cart/items,120,0,0
1781564535919,159,Seleccionar item - Escritorio,200,OK,Ingreso-usuarios-muebles 1-1,text,true,,1016,529,1,1,https://compumuebles-sabana-api.cyk.com.co/api/cart/items,159,0,0
1781564536079,119,Crear orden,201,Created,Ingreso-usuarios-muebles 1-1,text,true,,776,532,1,1,https://compumuebles-sabana-api.cyk.com.co/api/orders,119,0,0
1781564536199,175,Autorizar pago,200,OK,Ingreso-usuarios-muebles 1-1,text,true,,1488,1223,1,1,https://compumuebles-sabana-api.cyk.com.co/api/payments/authorize,175,0,0
1781564536375,143,Vaciar carrito,200,OK,Ingreso-usuarios-muebles 1-1,text,true,,482,377,1,1,https://compumuebles-sabana-api.cyk.com.co/api/cart/b2296a29-4636-42c7-bba9-6417c950f445/items,143,0,0
1781564536519,315,Consultar ordenes,200,OK,Ingreso-usuarios-muebles 1-1,text,true,,100036,314,1,1,https://compumuebles-sabana-api.cyk.com.co/api/orders,297,0,0
1781564536835,537,Consultar pagos,200,OK,Ingreso-usuarios-muebles 1-1,text,true,,271051,316,1,1,https://compumuebles-sabana-api.cyk.com.co/api/payments,490,0,0
1781564537375,306,Ingreso Usuario,200,OK,Ingreso-usuarios-muebles 1-1,text,true,,538,408,1,1,https://compumuebles-sabana-api.cyk.com.co/api/auth/login,306,0,0
1781564537681,158,Seleccionar item - Sofa,200,OK,Ingreso-usuarios-muebles 1-1,text,true,,623,532,1,1,https://compumuebles-sabana-api.cyk.com.co/api/cart/items,158,0,0
1781564537839,159,Seleccionar item - Mesa,200,OK,Ingreso-usuarios-muebles 1-1,text,true,,756,530,1,1,https://compumuebles-sabana-api.cyk.com.co/api/cart/items,159,0,0
1781564537999,119,Seleccionar item - Neo,200,OK,Ingreso-usuarios-muebles 1-1,text,true,,883,524,1,1,https://compumuebles-sabana-api.cyk.com.co/api/cart/items,119,0,0
1781564538119,159,Seleccionar item - Escritorio,200,OK,Ingreso-usuarios-muebles 1-1,text,true,,1016,529,1,1,https://compumuebles-sabana-api.cyk.com.co/api/cart/items,159,0,0
1781564538278,160,Crear orden,201,Created,Ingreso-usuarios-muebles 1-1,text,true,,774,532,1,1,https://compumuebles-sabana-api.cyk.com.co/api/orders,160,0,0
1781564538438,123,Autorizar pago,200,OK,Ingreso-usuarios-muebles 1-1,text,true,,1488,1223,1,1,https://compumuebles-sabana-api.cyk.com.co/api/payments/authorize,123,0,0
1781564538561,165,Vaciar carrito,200,OK,Ingreso-usuarios-muebles 1-1,text,true,,482,377,1,1,https://compumuebles-sabana-api.cyk.com.co/api/cart/b2296a29-4636-42c7-bba9-6417c950f445/items,165,0,0
1781564538727,293,Consultar ordenes,200,OK,Ingreso-usuarios-muebles 1-1,text,true,,100448,314,1,1,https://compumuebles-sabana-api.cyk.com.co/api/orders,280,0,0
1781564539021,536,Consultar pagos,200,OK,Ingreso-usuarios-muebles 1-1,text,true,,272180,316,1,1,https://compumuebles-sabana-api.cyk.com.co/api/payments,499,0,0
1781564539559,367,Ingreso Usuario,200,OK,Ingreso-usuarios-muebles 1-1,text,true,,538,408,1,1,https://compumuebles-sabana-api.cyk.com.co/api/auth/login,367,0,0
1781564539927,151,Seleccionar item - Sofa,200,OK,Ingreso-usuarios-muebles 1-1,text,true,,623,532,1,1,https://compumuebles-sabana-api.cyk.com.co/api/cart/items,151,0,0
1781564540079,125,Seleccionar item - Mesa,200,OK,Ingreso-usuarios-muebles 1-1,text,true,,756,530,1,1,https://compumuebles-sabana-api.cyk.com.co/api/cart/items,124,0,0
1781564540204,153,Seleccionar item - Neo,200,OK,Ingreso-usuarios-muebles 1-1,text,true,,883,524,1,1,https://compumuebles-sabana-api.cyk.com.co/api/cart/items,153,0,0
1781564540358,120,Seleccionar item - Escritorio,200,OK,Ingreso-usuarios-muebles 1-1,text,true,,1016,529,1,1,https://compumuebles-sabana-api.cyk.com.co/api/cart/items,120,0,0
1781564540479,121,Crear orden,201,Created,Ingreso-usuarios-muebles 1-1,text,true,,776,532,1,1,https://compumuebles-sabana-api.cyk.com.co/api/orders,121,0,0
1781564540600,157,Autorizar pago,200,OK,Ingreso-usuarios-muebles 1-1,text,true,,1488,1223,1,1,https://compumuebles-sabana-api.cyk.com.co/api/payments/authorize,157,0,0
1781564540758,119,Vaciar carrito,200,OK,Ingreso-usuarios-muebles 1-1,text,true,,482,377,1,1,https://compumuebles-sabana-api.cyk.com.co/api/cart/b2296a29-4636-42c7-bba9-6417c950f445/items,119,0,0
1781564540878,298,Consultar ordenes,200,OK,Ingreso-usuarios-muebles 1-1,text,true,,100861,314,1,1,https://compumuebles-sabana-api.cyk.com.co/api/orders,284,0,0
1781564541180,555,Consultar pagos,200,OK,Ingreso-usuarios-muebles 1-1,text,true,,273309,316,1,1,https://compumuebles-sabana-api.cyk.com.co/api/payments,508,0,0
1781564541737,301,Ingreso Usuario,200,OK,Ingreso-usuarios-muebles 1-1,text,true,,538,408,1,1,https://compumuebles-sabana-api.cyk.com.co/api/auth/login,301,0,0
1781564542038,121,Seleccionar item - Sofa,200,OK,Ingreso-usuarios-muebles 1-1,text,true,,623,532,1,1,https://compumuebles-sabana-api.cyk.com.co/api/cart/items,121,0,0
1781564542159,121,Seleccionar item - Mesa,200,OK,Ingreso-usuarios-muebles 1-1,text,true,,756,530,1,1,https://compumuebles-sabana-api.cyk.com.co/api/cart/items,121,0,0
1781564542280,134,Seleccionar item - Neo,200,OK,Ingreso-usuarios-muebles 1-1,text,true,,883,524,1,1,https://compumuebles-sabana-api.cyk.com.co/api/cart/items,134,0,0
1781564542414,145,Seleccionar item - Escritorio,200,OK,Ingreso-usuarios-muebles 1-1,text,true,,1016,529,1,1,https://compumuebles-sabana-api.cyk.com.co/api/cart/items,145,0,0
1781564542559,120,Crear orden,201,Created,Ingreso-usuarios-muebles 1-1,text,true,,776,532,1,1,https://compumuebles-sabana-api.cyk.com.co/api/orders,120,0,0
1781564542679,160,Autorizar pago,200,OK,Ingreso-usuarios-muebles 1-1,text,true,,1487,1223,1,1,https://compumuebles-sabana-api.cyk.com.co/api/payments/authorize,160,0,0
1781564542840,121,Vaciar carrito,200,OK,Ingreso-usuarios-muebles 1-1,text,true,,482,377,1,1,https://compumuebles-sabana-api.cyk.com.co/api/cart/b2296a29-4636-42c7-bba9-6417c950f445/items,121,0,0
1781564542961,451,Consultar ordenes,200,OK,Ingreso-usuarios-muebles 1-1,text,true,,101274,314,1,1,https://compumuebles-sabana-api.cyk.com.co/api/orders,408,0,0
1781564543415,806,Consultar pagos,200,OK,Ingreso-usuarios-muebles 1-1,text,true,,274437,316,1,1,https://compumuebles-sabana-api.cyk.com.co/api/payments,681,0,0
1781564544223,295,Ingreso Usuario,200,OK,Ingreso-usuarios-muebles 1-1,text,true,,538,408,1,1,https://compumuebles-sabana-api.cyk.com.co/api/auth/login,295,0,0
1781564544519,160,Seleccionar item - Sofa,200,OK,Ingreso-usuarios-muebles 1-1,text,true,,623,532,1,1,https://compumuebles-sabana-api.cyk.com.co/api/cart/items,160,0,0
1781564544680,118,Seleccionar item - Mesa,200,OK,Ingreso-usuarios-muebles 1-1,text,true,,756,530,1,1,https://compumuebles-sabana-api.cyk.com.co/api/cart/items,118,0,0
1781564544799,158,Seleccionar item - Neo,200,OK,Ingreso-usuarios-muebles 1-1,text,true,,883,524,1,1,https://compumuebles-sabana-api.cyk.com.co/api/cart/items,158,0,0
1781564544957,161,Seleccionar item - Escritorio,200,OK,Ingreso-usuarios-muebles 1-1,text,true,,1016,529,1,1,https://compumuebles-sabana-api.cyk.com.co/api/cart/items,160,0,0
1781564545118,165,Crear orden,201,Created,Ingreso-usuarios-muebles 1-1,text,true,,776,532,1,1,https://compumuebles-sabana-api.cyk.com.co/api/orders,165,0,0
1781564545283,156,Autorizar pago,200,OK,Ingreso-usuarios-muebles 1-1,text,true,,1488,1223,1,1,https://compumuebles-sabana-api.cyk.com.co/api/payments/authorize,156,0,0
1781564545440,117,Vaciar carrito,200,OK,Ingreso-usuarios-muebles 1-1,text,true,,482,377,1,1,https://compumuebles-sabana-api.cyk.com.co/api/cart/b2296a29-4636-42c7-bba9-6417c950f445/items,117,0,0
1781564545558,303,Consultar ordenes,200,OK,Ingreso-usuarios-muebles 1-1,text,true,,101687,314,1,1,https://compumuebles-sabana-api.cyk.com.co/api/orders,283,0,0
1781564545862,537,Consultar pagos,200,OK,Ingreso-usuarios-muebles 1-1,text,true,,275566,316,1,1,https://compumuebles-sabana-api.cyk.com.co/api/payments,499,0,0
1781564546404,275,Ingreso Usuario,200,OK,Ingreso-usuarios-muebles 1-1,text,true,,538,408,1,1,https://compumuebles-sabana-api.cyk.com.co/api/auth/login,275,0,0
1781564546680,158,Seleccionar item - Sofa,200,OK,Ingreso-usuarios-muebles 1-1,text,true,,623,532,1,1,https://compumuebles-sabana-api.cyk.com.co/api/cart/items,158,0,0
1781564546838,120,Seleccionar item - Mesa,200,OK,Ingreso-usuarios-muebles 1-1,text,true,,756,530,1,1,https://compumuebles-sabana-api.cyk.com.co/api/cart/items,120,0,0
1781564546959,159,Seleccionar item - Neo,200,OK,Ingreso-usuarios-muebles 1-1,text,true,,883,524,1,1,https://compumuebles-sabana-api.cyk.com.co/api/cart/items,159,0,0
1781564547118,120,Seleccionar item - Escritorio,200,OK,Ingreso-usuarios-muebles 1-1,text,true,,1016,529,1,1,https://compumuebles-sabana-api.cyk.com.co/api/cart/items,120,0,0
1781564547238,160,Crear orden,201,Created,Ingreso-usuarios-muebles 1-1,text,true,,776,532,1,1,https://compumuebles-sabana-api.cyk.com.co/api/orders,160,0,0
1781564547398,160,Autorizar pago,200,OK,Ingreso-usuarios-muebles 1-1,text,true,,1488,1223,1,1,https://compumuebles-sabana-api.cyk.com.co/api/payments/authorize,160,0,0
1781564547558,122,Vaciar carrito,200,OK,Ingreso-usuarios-muebles 1-1,text,true,,482,377,1,1,https://compumuebles-sabana-api.cyk.com.co/api/cart/b2296a29-4636-42c7-bba9-6417c950f445/items,122,0,0
1781564547680,332,Consultar ordenes,200,OK,Ingreso-usuarios-muebles 1-1,text,true,,102100,314,1,1,https://compumuebles-sabana-api.cyk.com.co/api/orders,320,0,0
1781564548013,556,Consultar pagos,200,OK,Ingreso-usuarios-muebles 1-1,text,true,,276695,316,1,1,https://compumuebles-sabana-api.cyk.com.co/api/payments,516,0,0
1781564548578,310,Ingreso Usuario,200,OK,Ingreso-usuarios-muebles 1-1,text,true,,538,408,1,1,https://compumuebles-sabana-api.cyk.com.co/api/auth/login,310,0,0
1781564548888,150,Seleccionar item - Sofa,200,OK,Ingreso-usuarios-muebles 1-1,text,true,,623,532,1,1,https://compumuebles-sabana-api.cyk.com.co/api/cart/items,150,0,0
1781564549039,121,Seleccionar item - Mesa,200,OK,Ingreso-usuarios-muebles 1-1,text,true,,756,530,1,1,https://compumuebles-sabana-api.cyk.com.co/api/cart/items,121,0,0
1781564549160,119,Seleccionar item - Neo,200,OK,Ingreso-usuarios-muebles 1-1,text,true,,883,524,1,1,https://compumuebles-sabana-api.cyk.com.co/api/cart/items,119,0,0
1781564549280,160,Seleccionar item - Escritorio,200,OK,Ingreso-usuarios-muebles 1-1,text,true,,1016,529,1,1,https://compumuebles-sabana-api.cyk.com.co/api/cart/items,160,0,0
1781564549440,118,Crear orden,201,Created,Ingreso-usuarios-muebles 1-1,text,true,,776,532,1,1,https://compumuebles-sabana-api.cyk.com.co/api/orders,118,0,0
1781564549559,121,Autorizar pago,200,OK,Ingreso-usuarios-muebles 1-1,text,true,,1487,1223,1,1,https://compumuebles-sabana-api.cyk.com.co/api/payments/authorize,121,0,0
1781564549681,117,Vaciar carrito,200,OK,Ingreso-usuarios-muebles 1-1,text,true,,482,377,1,1,https://compumuebles-sabana-api.cyk.com.co/api/cart/b2296a29-4636-42c7-bba9-6417c950f445/items,117,0,0
1781564549799,309,Consultar ordenes,200,OK,Ingreso-usuarios-muebles 1-1,text,true,,102513,314,1,1,https://compumuebles-sabana-api.cyk.com.co/api/orders,290,0,0
1781564550110,1026,Consultar pagos,200,OK,Ingreso-usuarios-muebles 1-1,text,true,,277823,316,1,1,https://compumuebles-sabana-api.cyk.com.co/api/payments,853,0,0
1781564551139,300,Ingreso Usuario,200,OK,Ingreso-usuarios-muebles 1-1,text,true,,538,408,1,1,https://compumuebles-sabana-api.cyk.com.co/api/auth/login,300,0,0
1781564551440,159,Seleccionar item - Sofa,200,OK,Ingreso-usuarios-muebles 1-1,text,true,,623,532,1,1,https://compumuebles-sabana-api.cyk.com.co/api/cart/items,159,0,0
1781564551599,119,Seleccionar item - Mesa,200,OK,Ingreso-usuarios-muebles 1-1,text,true,,756,530,1,1,https://compumuebles-sabana-api.cyk.com.co/api/cart/items,119,0,0
1781564551719,160,Seleccionar item - Neo,200,OK,Ingreso-usuarios-muebles 1-1,text,true,,883,524,1,1,https://compumuebles-sabana-api.cyk.com.co/api/cart/items,160,0,0
1781564551879,160,Seleccionar item - Escritorio,200,OK,Ingreso-usuarios-muebles 1-1,text,true,,1016,529,1,1,https://compumuebles-sabana-api.cyk.com.co/api/cart/items,160,0,0
1781564552040,119,Crear orden,201,Created,Ingreso-usuarios-muebles 1-1,text,true,,776,532,1,1,https://compumuebles-sabana-api.cyk.com.co/api/orders,119,0,0
1781564552159,154,Autorizar pago,200,OK,Ingreso-usuarios-muebles 1-1,text,true,,1488,1223,1,1,https://compumuebles-sabana-api.cyk.com.co/api/payments/authorize,154,0,0
1781564552314,165,Vaciar carrito,200,OK,Ingreso-usuarios-muebles 1-1,text,true,,482,377,1,1,https://compumuebles-sabana-api.cyk.com.co/api/cart/b2296a29-4636-42c7-bba9-6417c950f445/items,165,0,0
1781564552479,460,Consultar ordenes,200,OK,Ingreso-usuarios-muebles 1-1,text,true,,102926,314,1,1,https://compumuebles-sabana-api.cyk.com.co/api/orders,444,0,0
1781564552940,616,Consultar pagos,200,OK,Ingreso-usuarios-muebles 1-1,text,true,,278952,316,1,1,https://compumuebles-sabana-api.cyk.com.co/api/payments,589,0,0
1781564553558,361,Ingreso Usuario,200,OK,Ingreso-usuarios-muebles 1-1,text,true,,538,408,1,1,https://compumuebles-sabana-api.cyk.com.co/api/auth/login,361,0,0
1781564553919,119,Seleccionar item - Sofa,200,OK,Ingreso-usuarios-muebles 1-1,text,true,,623,532,1,1,https://compumuebles-sabana-api.cyk.com.co/api/cart/items,119,0,0
1781564554039,121,Seleccionar item - Mesa,200,OK,Ingreso-usuarios-muebles 1-1,text,true,,756,530,1,1,https://compumuebles-sabana-api.cyk.com.co/api/cart/items,121,0,0
1781564554161,118,Seleccionar item - Neo,200,OK,Ingreso-usuarios-muebles 1-1,text,true,,883,524,1,1,https://compumuebles-sabana-api.cyk.com.co/api/cart/items,118,0,0
1781564554279,161,Seleccionar item - Escritorio,200,OK,Ingreso-usuarios-muebles 1-1,text,true,,1016,529,1,1,https://compumuebles-sabana-api.cyk.com.co/api/cart/items,161,0,0
1781564554440,120,Crear orden,201,Created,Ingreso-usuarios-muebles 1-1,text,true,,774,532,1,1,https://compumuebles-sabana-api.cyk.com.co/api/orders,119,0,0
1781564554560,122,Autorizar pago,200,OK,Ingreso-usuarios-muebles 1-1,text,true,,1488,1223,1,1,https://compumuebles-sabana-api.cyk.com.co/api/payments/authorize,122,0,0
1781564554682,122,Vaciar carrito,200,OK,Ingreso-usuarios-muebles 1-1,text,true,,482,377,1,1,https://compumuebles-sabana-api.cyk.com.co/api/cart/b2296a29-4636-42c7-bba9-6417c950f445/items,122,0,0
1781564554805,285,Consultar ordenes,200,OK,Ingreso-usuarios-muebles 1-1,text,true,,103337,314,1,1,https://compumuebles-sabana-api.cyk.com.co/api/orders,277,0,0
1781564555092,662,Consultar pagos,200,OK,Ingreso-usuarios-muebles 1-1,text,true,,280081,316,1,1,https://compumuebles-sabana-api.cyk.com.co/api/payments,636,0,0
1781564555756,283,Ingreso Usuario,200,OK,Ingreso-usuarios-muebles 1-1,text,true,,538,408,1,1,https://compumuebles-sabana-api.cyk.com.co/api/auth/login,283,0,0
1781564556039,122,Seleccionar item - Sofa,200,OK,Ingreso-usuarios-muebles 1-1,text,true,,623,532,1,1,https://compumuebles-sabana-api.cyk.com.co/api/cart/items,122,0,0
1781564556162,117,Seleccionar item - Mesa,200,OK,Ingreso-usuarios-muebles 1-1,text,true,,756,530,1,1,https://compumuebles-sabana-api.cyk.com.co/api/cart/items,117,0,0
1781564556279,162,Seleccionar item - Neo,200,OK,Ingreso-usuarios-muebles 1-1,text,true,,883,524,1,1,https://compumuebles-sabana-api.cyk.com.co/api/cart/items,162,0,0
1781564556441,118,Seleccionar item - Escritorio,200,OK,Ingreso-usuarios-muebles 1-1,text,true,,1016,529,1,1,https://compumuebles-sabana-api.cyk.com.co/api/cart/items,117,0,0
1781564556559,125,Crear orden,201,Created,Ingreso-usuarios-muebles 1-1,text,true,,776,532,1,1,https://compumuebles-sabana-api.cyk.com.co/api/orders,125,0,0
1781564556684,140,Autorizar pago,200,OK,Ingreso-usuarios-muebles 1-1,text,true,,1487,1223,1,1,https://compumuebles-sabana-api.cyk.com.co/api/payments/authorize,140,0,0
1781564556824,134,Vaciar carrito,200,OK,Ingreso-usuarios-muebles 1-1,text,true,,482,377,1,1,https://compumuebles-sabana-api.cyk.com.co/api/cart/b2296a29-4636-42c7-bba9-6417c950f445/items,134,0,0
1781564556959,299,Consultar ordenes,200,OK,Ingreso-usuarios-muebles 1-1,text,true,,103750,314,1,1,https://compumuebles-sabana-api.cyk.com.co/api/orders,283,0,0
1781564557259,538,Consultar pagos,200,OK,Ingreso-usuarios-muebles 1-1,text,true,,281209,316,1,1,https://compumuebles-sabana-api.cyk.com.co/api/payments,503,0,0
1781564557799,279,Ingreso Usuario,200,OK,Ingreso-usuarios-muebles 1-1,text,true,,538,408,1,1,https://compumuebles-sabana-api.cyk.com.co/api/auth/login,279,0,0
1781564558079,119,Seleccionar item - Sofa,200,OK,Ingreso-usuarios-muebles 1-1,text,true,,623,532,1,1,https://compumuebles-sabana-api.cyk.com.co/api/cart/items,119,0,0
1781564558199,160,Seleccionar item - Mesa,200,OK,Ingreso-usuarios-muebles 1-1,text,true,,756,530,1,1,https://compumuebles-sabana-api.cyk.com.co/api/cart/items,160,0,0
1781564558360,119,Seleccionar item - Neo,200,OK,Ingreso-usuarios-muebles 1-1,text,true,,883,524,1,1,https://compumuebles-sabana-api.cyk.com.co/api/cart/items,119,0,0
1781564558479,119,Seleccionar item - Escritorio,200,OK,Ingreso-usuarios-muebles 1-1,text,true,,1016,529,1,1,https://compumuebles-sabana-api.cyk.com.co/api/cart/items,119,0,0
1781564558599,128,Crear orden,201,Created,Ingreso-usuarios-muebles 1-1,text,true,,776,532,1,1,https://compumuebles-sabana-api.cyk.com.co/api/orders,128,0,0
1781564558727,153,Autorizar pago,200,OK,Ingreso-usuarios-muebles 1-1,text,true,,1488,1223,1,1,https://compumuebles-sabana-api.cyk.com.co/api/payments/authorize,153,0,0
1781564558880,119,Vaciar carrito,200,OK,Ingreso-usuarios-muebles 1-1,text,true,,482,377,1,1,https://compumuebles-sabana-api.cyk.com.co/api/cart/b2296a29-4636-42c7-bba9-6417c950f445/items,119,0,0
1781564558999,304,Consultar ordenes,200,OK,Ingreso-usuarios-muebles 1-1,text,true,,104163,314,1,1,https://compumuebles-sabana-api.cyk.com.co/api/orders,289,0,0
1781564559305,615,Consultar pagos,200,OK,Ingreso-usuarios-muebles 1-1,text,true,,282338,316,1,1,https://compumuebles-sabana-api.cyk.com.co/api/payments,536,0,0
1781564559922,279,Ingreso Usuario,200,OK,Ingreso-usuarios-muebles 1-1,text,true,,538,408,1,1,https://compumuebles-sabana-api.cyk.com.co/api/auth/login,279,0,0
1781564560201,133,Seleccionar item - Sofa,200,OK,Ingreso-usuarios-muebles 1-1,text,true,,623,532,1,1,https://compumuebles-sabana-api.cyk.com.co/api/cart/items,133,0,0
1781564560334,108,Seleccionar item - Mesa,200,OK,Ingreso-usuarios-muebles 1-1,text,true,,756,530,1,1,https://compumuebles-sabana-api.cyk.com.co/api/cart/items,108,0,0
1781564560443,156,Seleccionar item - Neo,200,OK,Ingreso-usuarios-muebles 1-1,text,true,,883,524,1,1,https://compumuebles-sabana-api.cyk.com.co/api/cart/items,156,0,0
1781564560599,120,Seleccionar item - Escritorio,200,OK,Ingreso-usuarios-muebles 1-1,text,true,,1016,529,1,1,https://compumuebles-sabana-api.cyk.com.co/api/cart/items,120,0,0
1781564560720,119,Crear orden,201,Created,Ingreso-usuarios-muebles 1-1,text,true,,774,532,1,1,https://compumuebles-sabana-api.cyk.com.co/api/orders,119,0,0
1781564560840,159,Autorizar pago,200,OK,Ingreso-usuarios-muebles 1-1,text,true,,1488,1223,1,1,https://compumuebles-sabana-api.cyk.com.co/api/payments/authorize,159,0,0
1781564560999,119,Vaciar carrito,200,OK,Ingreso-usuarios-muebles 1-1,text,true,,482,377,1,1,https://compumuebles-sabana-api.cyk.com.co/api/cart/b2296a29-4636-42c7-bba9-6417c950f445/items,119,0,0
1781564561118,300,Consultar ordenes,200,OK,Ingreso-usuarios-muebles 1-1,text,true,,104574,314,1,1,https://compumuebles-sabana-api.cyk.com.co/api/orders,290,0,0
1781564561419,634,Consultar pagos,200,OK,Ingreso-usuarios-muebles 1-1,text,true,,283467,316,1,1,https://compumuebles-sabana-api.cyk.com.co/api/payments,550,0,0
1781564562055,306,Ingreso Usuario,200,OK,Ingreso-usuarios-muebles 1-1,text,true,,538,408,1,1,https://compumuebles-sabana-api.cyk.com.co/api/auth/login,306,0,0
1781564562362,117,Seleccionar item - Sofa,200,OK,Ingreso-usuarios-muebles 1-1,text,true,,623,532,1,1,https://compumuebles-sabana-api.cyk.com.co/api/cart/items,117,0,0
1781564562479,120,Seleccionar item - Mesa,200,OK,Ingreso-usuarios-muebles 1-1,text,true,,756,530,1,1,https://compumuebles-sabana-api.cyk.com.co/api/cart/items,120,0,0
1781564562600,121,Seleccionar item - Neo,200,OK,Ingreso-usuarios-muebles 1-1,text,true,,883,524,1,1,https://compumuebles-sabana-api.cyk.com.co/api/cart/items,121,0,0
1781564562722,127,Seleccionar item - Escritorio,200,OK,Ingreso-usuarios-muebles 1-1,text,true,,1016,529,1,1,https://compumuebles-sabana-api.cyk.com.co/api/cart/items,127,0,0
1781564562849,149,Crear orden,201,Created,Ingreso-usuarios-muebles 1-1,text,true,,772,532,1,1,https://compumuebles-sabana-api.cyk.com.co/api/orders,149,0,0
1781564562998,160,Autorizar pago,200,OK,Ingreso-usuarios-muebles 1-1,text,true,,1488,1223,1,1,https://compumuebles-sabana-api.cyk.com.co/api/payments/authorize,160,0,0
1781564563158,121,Vaciar carrito,200,OK,Ingreso-usuarios-muebles 1-1,text,true,,482,377,1,1,https://compumuebles-sabana-api.cyk.com.co/api/cart/b2296a29-4636-42c7-bba9-6417c950f445/items,121,0,0
1781564563280,335,Consultar ordenes,200,OK,Ingreso-usuarios-muebles 1-1,text,true,,104983,314,1,1,https://compumuebles-sabana-api.cyk.com.co/api/orders,320,0,0
1781564563618,685,Consultar pagos,200,OK,Ingreso-usuarios-muebles 1-1,text,true,,284596,316,1,1,https://compumuebles-sabana-api.cyk.com.co/api/payments,625,0,0
1781564564305,295,Ingreso Usuario,200,OK,Ingreso-usuarios-muebles 1-1,text,true,,538,408,1,1,https://compumuebles-sabana-api.cyk.com.co/api/auth/login,295,0,0
1781564564600,118,Seleccionar item - Sofa,200,OK,Ingreso-usuarios-muebles 1-1,text,true,,623,532,1,1,https://compumuebles-sabana-api.cyk.com.co/api/cart/items,118,0,0
1781564564719,161,Seleccionar item - Mesa,200,OK,Ingreso-usuarios-muebles 1-1,text,true,,756,530,1,1,https://compumuebles-sabana-api.cyk.com.co/api/cart/items,161,0,0
1781564564880,128,Seleccionar item - Neo,200,OK,Ingreso-usuarios-muebles 1-1,text,true,,883,524,1,1,https://compumuebles-sabana-api.cyk.com.co/api/cart/items,128,0,0
1781564565008,141,Seleccionar item - Escritorio,200,OK,Ingreso-usuarios-muebles 1-1,text,true,,1016,529,1,1,https://compumuebles-sabana-api.cyk.com.co/api/cart/items,141,0,0
1781564565150,144,Crear orden,201,Created,Ingreso-usuarios-muebles 1-1,text,true,,776,532,1,1,https://compumuebles-sabana-api.cyk.com.co/api/orders,144,0,0
1781564565295,151,Autorizar pago,200,OK,Ingreso-usuarios-muebles 1-1,text,true,,1487,1223,1,1,https://compumuebles-sabana-api.cyk.com.co/api/payments/authorize,151,0,0
1781564565447,152,Vaciar carrito,200,OK,Ingreso-usuarios-muebles 1-1,text,true,,482,377,1,1,https://compumuebles-sabana-api.cyk.com.co/api/cart/b2296a29-4636-42c7-bba9-6417c950f445/items,152,0,0
1781564565600,335,Consultar ordenes,200,OK,Ingreso-usuarios-muebles 1-1,text,true,,105396,314,1,1,https://compumuebles-sabana-api.cyk.com.co/api/orders,316,0,0
1781564565936,611,Consultar pagos,200,OK,Ingreso-usuarios-muebles 1-1,text,true,,285724,316,1,1,https://compumuebles-sabana-api.cyk.com.co/api/payments,562,0,0
1781564566550,289,Ingreso Usuario,200,OK,Ingreso-usuarios-muebles 1-1,text,true,,538,408,1,1,https://compumuebles-sabana-api.cyk.com.co/api/auth/login,289,0,0
1781564566839,120,Seleccionar item - Sofa,200,OK,Ingreso-usuarios-muebles 1-1,text,true,,623,532,1,1,https://compumuebles-sabana-api.cyk.com.co/api/cart/items,120,0,0
1781564566960,119,Seleccionar item - Mesa,200,OK,Ingreso-usuarios-muebles 1-1,text,true,,756,530,1,1,https://compumuebles-sabana-api.cyk.com.co/api/cart/items,119,0,0
1781564567080,155,Seleccionar item - Neo,200,OK,Ingreso-usuarios-muebles 1-1,text,true,,883,524,1,1,https://compumuebles-sabana-api.cyk.com.co/api/cart/items,155,0,0
1781564567235,139,Seleccionar item - Escritorio,200,OK,Ingreso-usuarios-muebles 1-1,text,true,,1016,529,1,1,https://compumuebles-sabana-api.cyk.com.co/api/cart/items,139,0,0
1781564567374,153,Crear orden,201,Created,Ingreso-usuarios-muebles 1-1,text,true,,776,532,1,1,https://compumuebles-sabana-api.cyk.com.co/api/orders,152,0,0
1781564567527,152,Autorizar pago,200,OK,Ingreso-usuarios-muebles 1-1,text,true,,1488,1223,1,1,https://compumuebles-sabana-api.cyk.com.co/api/payments/authorize,152,0,0
1781564567679,122,Vaciar carrito,200,OK,Ingreso-usuarios-muebles 1-1,text,true,,482,377,1,1,https://compumuebles-sabana-api.cyk.com.co/api/cart/b2296a29-4636-42c7-bba9-6417c950f445/items,122,0,0
1781564567802,310,Consultar ordenes,200,OK,Ingreso-usuarios-muebles 1-1,text,true,,105809,314,1,1,https://compumuebles-sabana-api.cyk.com.co/api/orders,283,0,0
1781564568115,644,Consultar pagos,200,OK,Ingreso-usuarios-muebles 1-1,text,true,,286853,316,1,1,https://compumuebles-sabana-api.cyk.com.co/api/payments,575,0,0
1781564905454,1276,Ingreso Usuario,200,OK,Ingreso-usuarios-muebles 1-1,text,true,,538,408,1,1,https://compumuebles-sabana-api.cyk.com.co/api/auth/login,1273,0,943
1781564906765,153,Seleccionar item - Sofa,200,OK,Ingreso-usuarios-muebles 1-1,text,true,,1043,532,1,1,https://compumuebles-sabana-api.cyk.com.co/api/cart/items,153,0,0
1781564906919,119,Seleccionar item - Mesa,200,OK,Ingreso-usuarios-muebles 1-1,text,true,,1043,530,1,1,https://compumuebles-sabana-api.cyk.com.co/api/cart/items,119,0,0
1781564907039,158,Seleccionar item - Neo,200,OK,Ingreso-usuarios-muebles 1-1,text,true,,1043,524,1,1,https://compumuebles-sabana-api.cyk.com.co/api/cart/items,158,0,0
1781564907198,168,Seleccionar item - Escritorio,200,OK,Ingreso-usuarios-muebles 1-1,text,true,,1043,529,1,1,https://compumuebles-sabana-api.cyk.com.co/api/cart/items,168,0,0
1781564907367,192,Crear orden,201,Created,Ingreso-usuarios-muebles 1-1,text,true,,776,532,1,1,https://compumuebles-sabana-api.cyk.com.co/api/orders,192,0,0
1781564907560,199,Autorizar pago,200,OK,Ingreso-usuarios-muebles 1-1,text,true,,1488,1223,1,1,https://compumuebles-sabana-api.cyk.com.co/api/payments/authorize,199,0,0
1781564907760,128,Vaciar carrito,200,OK,Ingreso-usuarios-muebles 1-1,text,true,,482,377,1,1,https://compumuebles-sabana-api.cyk.com.co/api/cart/b2296a29-4636-42c7-bba9-6417c950f445/items,128,0,0
1781564907890,551,Consultar ordenes,200,OK,Ingreso-usuarios-muebles 1-1,text,true,,106222,314,1,1,https://compumuebles-sabana-api.cyk.com.co/api/orders,319,0,0
1781564908447,800,Consultar pagos,200,OK,Ingreso-usuarios-muebles 1-1,text,true,,287982,316,1,1,https://compumuebles-sabana-api.cyk.com.co/api/payments,559,0,0
1781564909265,331,Ingreso Usuario,200,OK,Ingreso-usuarios-muebles 1-1,text,true,,538,408,1,1,https://compumuebles-sabana-api.cyk.com.co/api/auth/login,331,0,0
1781564909598,159,Seleccionar item - Sofa,200,OK,Ingreso-usuarios-muebles 1-1,text,true,,623,532,1,1,https://compumuebles-sabana-api.cyk.com.co/api/cart/items,159,0,0
1781564909758,159,Seleccionar item - Mesa,200,OK,Ingreso-usuarios-muebles 1-1,text,true,,756,530,1,1,https://compumuebles-sabana-api.cyk.com.co/api/cart/items,159,0,0
1781564909918,119,Seleccionar item - Neo,200,OK,Ingreso-usuarios-muebles 1-1,text,true,,883,524,1,1,https://compumuebles-sabana-api.cyk.com.co/api/cart/items,118,0,0
1781564910039,119,Seleccionar item - Escritorio,200,OK,Ingreso-usuarios-muebles 1-1,text,true,,1016,529,1,1,https://compumuebles-sabana-api.cyk.com.co/api/cart/items,119,0,0
1781564910159,119,Crear orden,201,Created,Ingreso-usuarios-muebles 1-1,text,true,,776,532,1,1,https://compumuebles-sabana-api.cyk.com.co/api/orders,119,0,0
1781564910280,158,Autorizar pago,200,OK,Ingreso-usuarios-muebles 1-1,text,true,,1488,1223,1,1,https://compumuebles-sabana-api.cyk.com.co/api/payments/authorize,158,0,0
1781564910439,118,Vaciar carrito,200,OK,Ingreso-usuarios-muebles 1-1,text,true,,482,377,1,1,https://compumuebles-sabana-api.cyk.com.co/api/cart/b2296a29-4636-42c7-bba9-6417c950f445/items,118,0,0
1781564910559,291,Consultar ordenes,200,OK,Ingreso-usuarios-muebles 1-1,text,true,,106635,314,1,1,https://compumuebles-sabana-api.cyk.com.co/api/orders,289,0,0
1781564910853,575,Consultar pagos,200,OK,Ingreso-usuarios-muebles 1-1,text,true,,289111,316,1,1,https://compumuebles-sabana-api.cyk.com.co/api/payments,509,0,0
1781564911432,366,Ingreso Usuario,200,OK,Ingreso-usuarios-muebles 1-1,text,true,,538,408,1,1,https://compumuebles-sabana-api.cyk.com.co/api/auth/login,365,0,0
1781564911798,121,Seleccionar item - Sofa,200,OK,Ingreso-usuarios-muebles 1-1,text,true,,623,532,1,1,https://compumuebles-sabana-api.cyk.com.co/api/cart/items,121,0,0
1781564911919,118,Seleccionar item - Mesa,200,OK,Ingreso-usuarios-muebles 1-1,text,true,,756,530,1,1,https://compumuebles-sabana-api.cyk.com.co/api/cart/items,118,0,0
1781564912037,120,Seleccionar item - Neo,200,OK,Ingreso-usuarios-muebles 1-1,text,true,,883,524,1,1,https://compumuebles-sabana-api.cyk.com.co/api/cart/items,120,0,0
1781564912157,121,Seleccionar item - Escritorio,200,OK,Ingreso-usuarios-muebles 1-1,text,true,,1016,529,1,1,https://compumuebles-sabana-api.cyk.com.co/api/cart/items,121,0,0
1781564912278,160,Crear orden,201,Created,Ingreso-usuarios-muebles 1-1,text,true,,776,532,1,1,https://compumuebles-sabana-api.cyk.com.co/api/orders,159,0,0
1781564912438,122,Autorizar pago,200,OK,Ingreso-usuarios-muebles 1-1,text,true,,1488,1223,1,1,https://compumuebles-sabana-api.cyk.com.co/api/payments/authorize,122,0,0
1781564912560,119,Vaciar carrito,200,OK,Ingreso-usuarios-muebles 1-1,text,true,,482,377,1,1,https://compumuebles-sabana-api.cyk.com.co/api/cart/b2296a29-4636-42c7-bba9-6417c950f445/items,119,0,0
1781564912680,340,Consultar ordenes,200,OK,Ingreso-usuarios-muebles 1-1,text,true,,107048,314,1,1,https://compumuebles-sabana-api.cyk.com.co/api/orders,323,0,0
1781564913021,650,Consultar pagos,200,OK,Ingreso-usuarios-muebles 1-1,text,true,,290240,316,1,1,https://compumuebles-sabana-api.cyk.com.co/api/payments,627,0,0
1781564913674,324,Ingreso Usuario,200,OK,Ingreso-usuarios-muebles 1-1,text,true,,538,408,1,1,https://compumuebles-sabana-api.cyk.com.co/api/auth/login,324,0,0
1781564913998,159,Seleccionar item - Sofa,200,OK,Ingreso-usuarios-muebles 1-1,text,true,,623,532,1,1,https://compumuebles-sabana-api.cyk.com.co/api/cart/items,159,0,0
1781564914158,119,Seleccionar item - Mesa,200,OK,Ingreso-usuarios-muebles 1-1,text,true,,756,530,1,1,https://compumuebles-sabana-api.cyk.com.co/api/cart/items,119,0,0
1781564914278,168,Seleccionar item - Neo,200,OK,Ingreso-usuarios-muebles 1-1,text,true,,883,524,1,1,https://compumuebles-sabana-api.cyk.com.co/api/cart/items,168,0,0
1781564914446,160,Seleccionar item - Escritorio,200,OK,Ingreso-usuarios-muebles 1-1,text,true,,1016,529,1,1,https://compumuebles-sabana-api.cyk.com.co/api/cart/items,160,0,0
1781564914606,151,Crear orden,201,Created,Ingreso-usuarios-muebles 1-1,text,true,,776,532,1,1,https://compumuebles-sabana-api.cyk.com.co/api/orders,151,0,0
1781564914758,120,Autorizar pago,200,OK,Ingreso-usuarios-muebles 1-1,text,true,,1488,1223,1,1,https://compumuebles-sabana-api.cyk.com.co/api/payments/authorize,120,0,0
1781564914878,119,Vaciar carrito,200,OK,Ingreso-usuarios-muebles 1-1,text,true,,482,377,1,1,https://compumuebles-sabana-api.cyk.com.co/api/cart/b2296a29-4636-42c7-bba9-6417c950f445/items,119,0,0
1781564914997,306,Consultar ordenes,200,OK,Ingreso-usuarios-muebles 1-1,text,true,,107461,314,1,1,https://compumuebles-sabana-api.cyk.com.co/api/orders,286,0,0
1781564915304,745,Consultar pagos,200,OK,Ingreso-usuarios-muebles 1-1,text,true,,291369,316,1,1,https://compumuebles-sabana-api.cyk.com.co/api/payments,667,0,0
1781564916051,306,Ingreso Usuario,200,OK,Ingreso-usuarios-muebles 1-1,text,true,,538,408,1,1,https://compumuebles-sabana-api.cyk.com.co/api/auth/login,306,0,0
1781564916358,121,Seleccionar item - Sofa,200,OK,Ingreso-usuarios-muebles 1-1,text,true,,623,532,1,1,https://compumuebles-sabana-api.cyk.com.co/api/cart/items,121,0,0
1781564916479,119,Seleccionar item - Mesa,200,OK,Ingreso-usuarios-muebles 1-1,text,true,,756,530,1,1,https://compumuebles-sabana-api.cyk.com.co/api/cart/items,119,0,0
1781564916598,120,Seleccionar item - Neo,200,OK,Ingreso-usuarios-muebles 1-1,text,true,,883,524,1,1,https://compumuebles-sabana-api.cyk.com.co/api/cart/items,120,0,0
1781564916718,119,Seleccionar item - Escritorio,200,OK,Ingreso-usuarios-muebles 1-1,text,true,,1016,529,1,1,https://compumuebles-sabana-api.cyk.com.co/api/cart/items,119,0,0
1781564916838,120,Crear orden,201,Created,Ingreso-usuarios-muebles 1-1,text,true,,774,532,1,1,https://compumuebles-sabana-api.cyk.com.co/api/orders,119,0,0
1781564916958,121,Autorizar pago,200,OK,Ingreso-usuarios-muebles 1-1,text,true,,1487,1223,1,1,https://compumuebles-sabana-api.cyk.com.co/api/payments/authorize,121,0,0
1781564917079,119,Vaciar carrito,200,OK,Ingreso-usuarios-muebles 1-1,text,true,,482,377,1,1,https://compumuebles-sabana-api.cyk.com.co/api/cart/b2296a29-4636-42c7-bba9-6417c950f445/items,119,0,0
1781564917199,313,Consultar ordenes,200,OK,Ingreso-usuarios-muebles 1-1,text,true,,107872,314,1,1,https://compumuebles-sabana-api.cyk.com.co/api/orders,289,0,0
1781564917513,569,Consultar pagos,200,OK,Ingreso-usuarios-muebles 1-1,text,true,,292497,316,1,1,https://compumuebles-sabana-api.cyk.com.co/api/payments,527,0,0
1781564918085,277,Ingreso Usuario,200,OK,Ingreso-usuarios-muebles 1-1,text,true,,538,408,1,1,https://compumuebles-sabana-api.cyk.com.co/api/auth/login,277,0,0
1781564918363,156,Seleccionar item - Sofa,200,OK,Ingreso-usuarios-muebles 1-1,text,true,,623,532,1,1,https://compumuebles-sabana-api.cyk.com.co/api/cart/items,156,0,0
1781564918520,158,Seleccionar item - Mesa,200,OK,Ingreso-usuarios-muebles 1-1,text,true,,756,530,1,1,https://compumuebles-sabana-api.cyk.com.co/api/cart/items,158,0,0
1781564918679,120,Seleccionar item - Neo,200,OK,Ingreso-usuarios-muebles 1-1,text,true,,883,524,1,1,https://compumuebles-sabana-api.cyk.com.co/api/cart/items,120,0,0
1781564918800,118,Seleccionar item - Escritorio,200,OK,Ingreso-usuarios-muebles 1-1,text,true,,1016,529,1,1,https://compumuebles-sabana-api.cyk.com.co/api/cart/items,118,0,0
1781564918919,122,Crear orden,201,Created,Ingreso-usuarios-muebles 1-1,text,true,,776,532,1,1,https://compumuebles-sabana-api.cyk.com.co/api/orders,121,0,0
1781564919041,156,Autorizar pago,200,OK,Ingreso-usuarios-muebles 1-1,text,true,,1488,1223,1,1,https://compumuebles-sabana-api.cyk.com.co/api/payments/authorize,155,0,0
1781564919197,121,Vaciar carrito,200,OK,Ingreso-usuarios-muebles 1-1,text,true,,482,377,1,1,https://compumuebles-sabana-api.cyk.com.co/api/cart/b2296a29-4636-42c7-bba9-6417c950f445/items,121,0,0
1781564919319,369,Consultar ordenes,200,OK,Ingreso-usuarios-muebles 1-1,text,true,,108285,314,1,1,https://compumuebles-sabana-api.cyk.com.co/api/orders,331,0,0
1781564919689,568,Consultar pagos,200,OK,Ingreso-usuarios-muebles 1-1,text,true,,293626,316,1,1,https://compumuebles-sabana-api.cyk.com.co/api/payments,515,0,0
1781564920260,315,Ingreso Usuario,200,OK,Ingreso-usuarios-muebles 1-1,text,true,,538,408,1,1,https://compumuebles-sabana-api.cyk.com.co/api/auth/login,314,0,0
1781564920575,129,Seleccionar item - Sofa,200,OK,Ingreso-usuarios-muebles 1-1,text,true,,623,532,1,1,https://compumuebles-sabana-api.cyk.com.co/api/cart/items,129,0,0
1781564920705,147,Seleccionar item - Mesa,200,OK,Ingreso-usuarios-muebles 1-1,text,true,,756,530,1,1,https://compumuebles-sabana-api.cyk.com.co/api/cart/items,147,0,0
1781564920853,140,Seleccionar item - Neo,200,OK,Ingreso-usuarios-muebles 1-1,text,true,,883,524,1,1,https://compumuebles-sabana-api.cyk.com.co/api/cart/items,140,0,0
1781564920996,162,Seleccionar item - Escritorio,200,OK,Ingreso-usuarios-muebles 1-1,text,true,,1016,529,1,1,https://compumuebles-sabana-api.cyk.com.co/api/cart/items,162,0,0
1781564921159,159,Crear orden,201,Created,Ingreso-usuarios-muebles 1-1,text,true,,776,532,1,1,https://compumuebles-sabana-api.cyk.com.co/api/orders,159,0,0
1781564921318,160,Autorizar pago,200,OK,Ingreso-usuarios-muebles 1-1,text,true,,1488,1223,1,1,https://compumuebles-sabana-api.cyk.com.co/api/payments/authorize,160,0,0
1781564921479,117,Vaciar carrito,200,OK,Ingreso-usuarios-muebles 1-1,text,true,,482,377,1,1,https://compumuebles-sabana-api.cyk.com.co/api/cart/b2296a29-4636-42c7-bba9-6417c950f445/items,117,0,0
1781564921597,307,Consultar ordenes,200,OK,Ingreso-usuarios-muebles 1-1,text,true,,108698,314,1,1,https://compumuebles-sabana-api.cyk.com.co/api/orders,292,0,0
1781564921905,554,Consultar pagos,200,OK,Ingreso-usuarios-muebles 1-1,text,true,,294755,316,1,1,https://compumuebles-sabana-api.cyk.com.co/api/payments,502,0,0
1781564922461,296,Ingreso Usuario,200,OK,Ingreso-usuarios-muebles 1-1,text,true,,538,408,1,1,https://compumuebles-sabana-api.cyk.com.co/api/auth/login,296,0,0
1781564922758,120,Seleccionar item - Sofa,200,OK,Ingreso-usuarios-muebles 1-1,text,true,,623,532,1,1,https://compumuebles-sabana-api.cyk.com.co/api/cart/items,120,0,0
1781564922879,121,Seleccionar item - Mesa,200,OK,Ingreso-usuarios-muebles 1-1,text,true,,756,530,1,1,https://compumuebles-sabana-api.cyk.com.co/api/cart/items,121,0,0
1781564923000,157,Seleccionar item - Neo,200,OK,Ingreso-usuarios-muebles 1-1,text,true,,883,524,1,1,https://compumuebles-sabana-api.cyk.com.co/api/cart/items,157,0,0
1781564923157,121,Seleccionar item - Escritorio,200,OK,Ingreso-usuarios-muebles 1-1,text,true,,1016,529,1,1,https://compumuebles-sabana-api.cyk.com.co/api/cart/items,121,0,0
1781564923279,159,Crear orden,201,Created,Ingreso-usuarios-muebles 1-1,text,true,,774,532,1,1,https://compumuebles-sabana-api.cyk.com.co/api/orders,159,0,0
1781564923439,121,Autorizar pago,200,OK,Ingreso-usuarios-muebles 1-1,text,true,,1488,1223,1,1,https://compumuebles-sabana-api.cyk.com.co/api/payments/authorize,121,0,0
1781564923561,119,Vaciar carrito,200,OK,Ingreso-usuarios-muebles 1-1,text,true,,482,377,1,1,https://compumuebles-sabana-api.cyk.com.co/api/cart/b2296a29-4636-42c7-bba9-6417c950f445/items,119,0,0
1781564923680,380,Consultar ordenes,200,OK,Ingreso-usuarios-muebles 1-1,text,true,,109109,314,1,1,https://compumuebles-sabana-api.cyk.com.co/api/orders,370,0,0
1781564924061,662,Consultar pagos,200,OK,Ingreso-usuarios-muebles 1-1,text,true,,295884,316,1,1,https://compumuebles-sabana-api.cyk.com.co/api/payments,626,0,0
1781564924726,272,Ingreso Usuario,200,OK,Ingreso-usuarios-muebles 1-1,text,true,,538,408,1,1,https://compumuebles-sabana-api.cyk.com.co/api/auth/login,272,0,0
1781564924999,159,Seleccionar item - Sofa,200,OK,Ingreso-usuarios-muebles 1-1,text,true,,623,532,1,1,https://compumuebles-sabana-api.cyk.com.co/api/cart/items,159,0,0
1781564925158,122,Seleccionar item - Mesa,200,OK,Ingreso-usuarios-muebles 1-1,text,true,,756,530,1,1,https://compumuebles-sabana-api.cyk.com.co/api/cart/items,122,0,0
1781564925281,167,Seleccionar item - Neo,200,OK,Ingreso-usuarios-muebles 1-1,text,true,,883,524,1,1,https://compumuebles-sabana-api.cyk.com.co/api/cart/items,167,0,0
1781564925449,148,Seleccionar item - Escritorio,200,OK,Ingreso-usuarios-muebles 1-1,text,true,,1016,529,1,1,https://compumuebles-sabana-api.cyk.com.co/api/cart/items,148,0,0
1781564925598,120,Crear orden,201,Created,Ingreso-usuarios-muebles 1-1,text,true,,776,532,1,1,https://compumuebles-sabana-api.cyk.com.co/api/orders,120,0,0
1781564925719,128,Autorizar pago,200,OK,Ingreso-usuarios-muebles 1-1,text,true,,1488,1223,1,1,https://compumuebles-sabana-api.cyk.com.co/api/payments/authorize,128,0,0
1781564925848,112,Vaciar carrito,200,OK,Ingreso-usuarios-muebles 1-1,text,true,,482,377,1,1,https://compumuebles-sabana-api.cyk.com.co/api/cart/b2296a29-4636-42c7-bba9-6417c950f445/items,112,0,0
1781564925961,341,Consultar ordenes,200,OK,Ingreso-usuarios-muebles 1-1,text,true,,109522,314,1,1,https://compumuebles-sabana-api.cyk.com.co/api/orders,327,0,0
1781564926303,645,Consultar pagos,200,OK,Ingreso-usuarios-muebles 1-1,text,true,,297013,316,1,1,https://compumuebles-sabana-api.cyk.com.co/api/payments,545,0,0
1781564926953,285,Ingreso Usuario,200,OK,Ingreso-usuarios-muebles 1-1,text,true,,538,408,1,1,https://compumuebles-sabana-api.cyk.com.co/api/auth/login,285,0,0
1781564927239,166,Seleccionar item - Sofa,200,OK,Ingreso-usuarios-muebles 1-1,text,true,,623,532,1,1,https://compumuebles-sabana-api.cyk.com.co/api/cart/items,166,0,0
1781564927406,152,Seleccionar item - Mesa,200,OK,Ingreso-usuarios-muebles 1-1,text,true,,756,530,1,1,https://compumuebles-sabana-api.cyk.com.co/api/cart/items,152,0,0
1781564927559,118,Seleccionar item - Neo,200,OK,Ingreso-usuarios-muebles 1-1,text,true,,883,524,1,1,https://compumuebles-sabana-api.cyk.com.co/api/cart/items,117,0,0
1781564927677,121,Seleccionar item - Escritorio,200,OK,Ingreso-usuarios-muebles 1-1,text,true,,1016,529,1,1,https://compumuebles-sabana-api.cyk.com.co/api/cart/items,121,0,0
1781564927799,159,Crear orden,201,Created,Ingreso-usuarios-muebles 1-1,text,true,,776,532,1,1,https://compumuebles-sabana-api.cyk.com.co/api/orders,159,0,0
1781564927959,159,Autorizar pago,200,OK,Ingreso-usuarios-muebles 1-1,text,true,,1488,1223,1,1,https://compumuebles-sabana-api.cyk.com.co/api/payments/authorize,159,0,0
1781564928119,117,Vaciar carrito,200,OK,Ingreso-usuarios-muebles 1-1,text,true,,482,377,1,1,https://compumuebles-sabana-api.cyk.com.co/api/cart/b2296a29-4636-42c7-bba9-6417c950f445/items,117,0,0
1781564928237,335,Consultar ordenes,200,OK,Ingreso-usuarios-muebles 1-1,text,true,,109935,314,1,1,https://compumuebles-sabana-api.cyk.com.co/api/orders,323,0,0
1781564928574,549,Consultar pagos,200,OK,Ingreso-usuarios-muebles 1-1,text,true,,298142,316,1,1,https://compumuebles-sabana-api.cyk.com.co/api/payments,515,0,0
1781564929128,313,Ingreso Usuario,200,OK,Ingreso-usuarios-muebles 1-1,text,true,,538,408,1,1,https://compumuebles-sabana-api.cyk.com.co/api/auth/login,313,0,0
1781564929442,129,Seleccionar item - Sofa,200,OK,Ingreso-usuarios-muebles 1-1,text,true,,623,532,1,1,https://compumuebles-sabana-api.cyk.com.co/api/cart/items,129,0,0
1781564929572,145,Seleccionar item - Mesa,200,OK,Ingreso-usuarios-muebles 1-1,text,true,,756,530,1,1,https://compumuebles-sabana-api.cyk.com.co/api/cart/items,145,0,0
1781564929718,122,Seleccionar item - Neo,200,OK,Ingreso-usuarios-muebles 1-1,text,true,,883,524,1,1,https://compumuebles-sabana-api.cyk.com.co/api/cart/items,122,0,0
1781564929841,140,Seleccionar item - Escritorio,200,OK,Ingreso-usuarios-muebles 1-1,text,true,,1016,529,1,1,https://compumuebles-sabana-api.cyk.com.co/api/cart/items,140,0,0
1781564929982,176,Crear orden,201,Created,Ingreso-usuarios-muebles 1-1,text,true,,776,532,1,1,https://compumuebles-sabana-api.cyk.com.co/api/orders,176,0,0
1781564930159,159,Autorizar pago,200,OK,Ingreso-usuarios-muebles 1-1,text,true,,1488,1223,1,1,https://compumuebles-sabana-api.cyk.com.co/api/payments/authorize,159,0,0
1781564930319,160,Vaciar carrito,200,OK,Ingreso-usuarios-muebles 1-1,text,true,,482,377,1,1,https://compumuebles-sabana-api.cyk.com.co/api/cart/b2296a29-4636-42c7-bba9-6417c950f445/items,160,0,0
1781564930479,336,Consultar ordenes,200,OK,Ingreso-usuarios-muebles 1-1,text,true,,110348,314,1,1,https://compumuebles-sabana-api.cyk.com.co/api/orders,327,0,0
1781564930816,598,Consultar pagos,200,OK,Ingreso-usuarios-muebles 1-1,text,true,,299271,316,1,1,https://compumuebles-sabana-api.cyk.com.co/api/payments,551,0,0
1781564931416,299,Ingreso Usuario,200,OK,Ingreso-usuarios-muebles 1-1,text,true,,538,408,1,1,https://compumuebles-sabana-api.cyk.com.co/api/auth/login,299,0,0
1781564931716,127,Seleccionar item - Sofa,200,OK,Ingreso-usuarios-muebles 1-1,text,true,,623,532,1,1,https://compumuebles-sabana-api.cyk.com.co/api/cart/items,127,0,0
1781564931844,153,Seleccionar item - Mesa,200,OK,Ingreso-usuarios-muebles 1-1,text,true,,756,530,1,1,https://compumuebles-sabana-api.cyk.com.co/api/cart/items,153,0,0
1781564931997,135,Seleccionar item - Neo,200,OK,Ingreso-usuarios-muebles 1-1,text,true,,883,524,1,1,https://compumuebles-sabana-api.cyk.com.co/api/cart/items,135,0,0
1781564932133,118,Seleccionar item - Escritorio,200,OK,Ingreso-usuarios-muebles 1-1,text,true,,1016,529,1,1,https://compumuebles-sabana-api.cyk.com.co/api/cart/items,118,0,0
1781564932252,146,Crear orden,201,Created,Ingreso-usuarios-muebles 1-1,text,true,,776,532,1,1,https://compumuebles-sabana-api.cyk.com.co/api/orders,146,0,0
1781564932399,157,Autorizar pago,200,OK,Ingreso-usuarios-muebles 1-1,text,true,,1488,1223,1,1,https://compumuebles-sabana-api.cyk.com.co/api/payments/authorize,157,0,0
1781564932556,160,Vaciar carrito,200,OK,Ingreso-usuarios-muebles 1-1,text,true,,482,377,1,1,https://compumuebles-sabana-api.cyk.com.co/api/cart/b2296a29-4636-42c7-bba9-6417c950f445/items,160,0,0
1781564932717,369,Consultar ordenes,200,OK,Ingreso-usuarios-muebles 1-1,text,true,,110761,314,1,1,https://compumuebles-sabana-api.cyk.com.co/api/orders,330,0,0
1781564933088,696,Consultar pagos,200,OK,Ingreso-usuarios-muebles 1-1,text,true,,300400,316,1,1,https://compumuebles-sabana-api.cyk.com.co/api/payments,639,0,0
1781564933787,359,Ingreso Usuario,200,OK,Ingreso-usuarios-muebles 1-1,text,true,,538,408,1,1,https://compumuebles-sabana-api.cyk.com.co/api/auth/login,359,0,0
1781564934146,130,Seleccionar item - Sofa,200,OK,Ingreso-usuarios-muebles 1-1,text,true,,623,532,1,1,https://compumuebles-sabana-api.cyk.com.co/api/cart/items,130,0,0
1781564934277,160,Seleccionar item - Mesa,200,OK,Ingreso-usuarios-muebles 1-1,text,true,,756,530,1,1,https://compumuebles-sabana-api.cyk.com.co/api/cart/items,160,0,0
1781564934438,119,Seleccionar item - Neo,200,OK,Ingreso-usuarios-muebles 1-1,text,true,,883,524,1,1,https://compumuebles-sabana-api.cyk.com.co/api/cart/items,119,0,0
1781564934557,200,Seleccionar item - Escritorio,200,OK,Ingreso-usuarios-muebles 1-1,text,true,,1016,529,1,1,https://compumuebles-sabana-api.cyk.com.co/api/cart/items,200,0,0
1781564934758,118,Crear orden,201,Created,Ingreso-usuarios-muebles 1-1,text,true,,774,532,1,1,https://compumuebles-sabana-api.cyk.com.co/api/orders,118,0,0
1781564934877,159,Autorizar pago,200,OK,Ingreso-usuarios-muebles 1-1,text,true,,1488,1223,1,1,https://compumuebles-sabana-api.cyk.com.co/api/payments/authorize,159,0,0
1781564935037,158,Vaciar carrito,200,OK,Ingreso-usuarios-muebles 1-1,text,true,,482,377,1,1,https://compumuebles-sabana-api.cyk.com.co/api/cart/b2296a29-4636-42c7-bba9-6417c950f445/items,158,0,0
1781564935196,309,Consultar ordenes,200,OK,Ingreso-usuarios-muebles 1-1,text,true,,111172,314,1,1,https://compumuebles-sabana-api.cyk.com.co/api/orders,283,0,0
1781564935506,690,Consultar pagos,200,OK,Ingreso-usuarios-muebles 1-1,text,true,,301529,316,1,1,https://compumuebles-sabana-api.cyk.com.co/api/payments,668,0,0
1781564936199,326,Ingreso Usuario,200,OK,Ingreso-usuarios-muebles 1-1,text,true,,538,408,1,1,https://compumuebles-sabana-api.cyk.com.co/api/auth/login,326,0,0
1781564936526,152,Seleccionar item - Sofa,200,OK,Ingreso-usuarios-muebles 1-1,text,true,,623,532,1,1,https://compumuebles-sabana-api.cyk.com.co/api/cart/items,152,0,0
1781564936678,120,Seleccionar item - Mesa,200,OK,Ingreso-usuarios-muebles 1-1,text,true,,756,530,1,1,https://compumuebles-sabana-api.cyk.com.co/api/cart/items,120,0,0
1781564936800,121,Seleccionar item - Neo,200,OK,Ingreso-usuarios-muebles 1-1,text,true,,883,524,1,1,https://compumuebles-sabana-api.cyk.com.co/api/cart/items,121,0,0
1781564936921,117,Seleccionar item - Escritorio,200,OK,Ingreso-usuarios-muebles 1-1,text,true,,1016,529,1,1,https://compumuebles-sabana-api.cyk.com.co/api/cart/items,117,0,0
1781564937039,118,Crear orden,201,Created,Ingreso-usuarios-muebles 1-1,text,true,,774,532,1,1,https://compumuebles-sabana-api.cyk.com.co/api/orders,118,0,0
1781564937158,159,Autorizar pago,200,OK,Ingreso-usuarios-muebles 1-1,text,true,,1488,1223,1,1,https://compumuebles-sabana-api.cyk.com.co/api/payments/authorize,159,0,0
1781564937318,157,Vaciar carrito,200,OK,Ingreso-usuarios-muebles 1-1,text,true,,482,377,1,1,https://compumuebles-sabana-api.cyk.com.co/api/cart/b2296a29-4636-42c7-bba9-6417c950f445/items,157,0,0
1781564937476,337,Consultar ordenes,200,OK,Ingreso-usuarios-muebles 1-1,text,true,,111583,314,1,1,https://compumuebles-sabana-api.cyk.com.co/api/orders,330,0,0
1781564937814,620,Consultar pagos,200,OK,Ingreso-usuarios-muebles 1-1,text,true,,302658,316,1,1,https://compumuebles-sabana-api.cyk.com.co/api/payments,547,0,0
1781564938438,280,Ingreso Usuario,200,OK,Ingreso-usuarios-muebles 1-1,text,true,,538,408,1,1,https://compumuebles-sabana-api.cyk.com.co/api/auth/login,280,0,0
1781564938719,118,Seleccionar item - Sofa,200,OK,Ingreso-usuarios-muebles 1-1,text,true,,623,532,1,1,https://compumuebles-sabana-api.cyk.com.co/api/cart/items,118,0,0
1781564938837,118,Seleccionar item - Mesa,200,OK,Ingreso-usuarios-muebles 1-1,text,true,,756,530,1,1,https://compumuebles-sabana-api.cyk.com.co/api/cart/items,118,0,0
1781564938956,161,Seleccionar item - Neo,200,OK,Ingreso-usuarios-muebles 1-1,text,true,,883,524,1,1,https://compumuebles-sabana-api.cyk.com.co/api/cart/items,161,0,0
1781564939118,158,Seleccionar item - Escritorio,200,OK,Ingreso-usuarios-muebles 1-1,text,true,,1016,529,1,1,https://compumuebles-sabana-api.cyk.com.co/api/cart/items,158,0,0
1781564939276,160,Crear orden,201,Created,Ingreso-usuarios-muebles 1-1,text,true,,776,532,1,1,https://compumuebles-sabana-api.cyk.com.co/api/orders,160,0,0
1781564939437,122,Autorizar pago,200,OK,Ingreso-usuarios-muebles 1-1,text,true,,1488,1223,1,1,https://compumuebles-sabana-api.cyk.com.co/api/payments/authorize,122,0,0
1781564939560,118,Vaciar carrito,200,OK,Ingreso-usuarios-muebles 1-1,text,true,,482,377,1,1,https://compumuebles-sabana-api.cyk.com.co/api/cart/b2296a29-4636-42c7-bba9-6417c950f445/items,118,0,0
1781564939679,306,Consultar ordenes,200,OK,Ingreso-usuarios-muebles 1-1,text,true,,111996,314,1,1,https://compumuebles-sabana-api.cyk.com.co/api/orders,289,0,0
1781564939986,590,Consultar pagos,200,OK,Ingreso-usuarios-muebles 1-1,text,true,,303787,316,1,1,https://compumuebles-sabana-api.cyk.com.co/api/payments,541,0,0
1781564940587,329,Ingreso Usuario,200,OK,Ingreso-usuarios-muebles 1-1,text,true,,538,408,1,1,https://compumuebles-sabana-api.cyk.com.co/api/auth/login,329,0,0
1781564940917,159,Seleccionar item - Sofa,200,OK,Ingreso-usuarios-muebles 1-1,text,true,,623,532,1,1,https://compumuebles-sabana-api.cyk.com.co/api/cart/items,159,0,0
1781564941076,127,Seleccionar item - Mesa,200,OK,Ingreso-usuarios-muebles 1-1,text,true,,756,530,1,1,https://compumuebles-sabana-api.cyk.com.co/api/cart/items,127,0,0
1781564941204,160,Seleccionar item - Neo,200,OK,Ingreso-usuarios-muebles 1-1,text,true,,883,524,1,1,https://compumuebles-sabana-api.cyk.com.co/api/cart/items,160,0,0
1781564941365,150,Seleccionar item - Escritorio,200,OK,Ingreso-usuarios-muebles 1-1,text,true,,1016,529,1,1,https://compumuebles-sabana-api.cyk.com.co/api/cart/items,150,0,0
1781564941516,119,Crear orden,201,Created,Ingreso-usuarios-muebles 1-1,text,true,,774,532,1,1,https://compumuebles-sabana-api.cyk.com.co/api/orders,119,0,0
1781564941636,121,Autorizar pago,200,OK,Ingreso-usuarios-muebles 1-1,text,true,,1488,1223,1,1,https://compumuebles-sabana-api.cyk.com.co/api/payments/authorize,121,0,0
1781564941758,117,Vaciar carrito,200,OK,Ingreso-usuarios-muebles 1-1,text,true,,482,377,1,1,https://compumuebles-sabana-api.cyk.com.co/api/cart/b2296a29-4636-42c7-bba9-6417c950f445/items,117,0,0
1781564941876,394,Consultar ordenes,200,OK,Ingreso-usuarios-muebles 1-1,text,true,,112407,314,1,1,https://compumuebles-sabana-api.cyk.com.co/api/orders,331,0,0
1781564942272,704,Consultar pagos,200,OK,Ingreso-usuarios-muebles 1-1,text,true,,304916,316,1,1,https://compumuebles-sabana-api.cyk.com.co/api/payments,573,0,0
1781564942982,295,Ingreso Usuario,200,OK,Ingreso-usuarios-muebles 1-1,text,true,,538,408,1,1,https://compumuebles-sabana-api.cyk.com.co/api/auth/login,295,0,0
1781564943279,161,Seleccionar item - Sofa,200,OK,Ingreso-usuarios-muebles 1-1,text,true,,623,532,1,1,https://compumuebles-sabana-api.cyk.com.co/api/cart/items,161,0,0
1781564943440,157,Seleccionar item - Mesa,200,OK,Ingreso-usuarios-muebles 1-1,text,true,,756,530,1,1,https://compumuebles-sabana-api.cyk.com.co/api/cart/items,157,0,0
1781564943598,119,Seleccionar item - Neo,200,OK,Ingreso-usuarios-muebles 1-1,text,true,,883,524,1,1,https://compumuebles-sabana-api.cyk.com.co/api/cart/items,119,0,0
1781564943718,142,Seleccionar item - Escritorio,200,OK,Ingreso-usuarios-muebles 1-1,text,true,,1016,529,1,1,https://compumuebles-sabana-api.cyk.com.co/api/cart/items,142,0,0
1781564943861,136,Crear orden,201,Created,Ingreso-usuarios-muebles 1-1,text,true,,776,532,1,1,https://compumuebles-sabana-api.cyk.com.co/api/orders,135,0,0
1781564943998,161,Autorizar pago,200,OK,Ingreso-usuarios-muebles 1-1,text,true,,1487,1223,1,1,https://compumuebles-sabana-api.cyk.com.co/api/payments/authorize,161,0,0
1781564944160,120,Vaciar carrito,200,OK,Ingreso-usuarios-muebles 1-1,text,true,,482,377,1,1,https://compumuebles-sabana-api.cyk.com.co/api/cart/b2296a29-4636-42c7-bba9-6417c950f445/items,120,0,0
1781564944281,407,Consultar ordenes,200,OK,Ingreso-usuarios-muebles 1-1,text,true,,112820,314,1,1,https://compumuebles-sabana-api.cyk.com.co/api/orders,330,0,0
1781564944689,644,Consultar pagos,200,OK,Ingreso-usuarios-muebles 1-1,text,true,,306044,316,1,1,https://compumuebles-sabana-api.cyk.com.co/api/payments,556,0,0
1781564945335,342,Ingreso Usuario,200,OK,Ingreso-usuarios-muebles 1-1,text,true,,538,408,1,1,https://compumuebles-sabana-api.cyk.com.co/api/auth/login,342,0,0
1781564945679,158,Seleccionar item - Sofa,200,OK,Ingreso-usuarios-muebles 1-1,text,true,,623,532,1,1,https://compumuebles-sabana-api.cyk.com.co/api/cart/items,158,0,0
1781564945837,121,Seleccionar item - Mesa,200,OK,Ingreso-usuarios-muebles 1-1,text,true,,756,530,1,1,https://compumuebles-sabana-api.cyk.com.co/api/cart/items,121,0,0
1781564945958,166,Seleccionar item - Neo,200,OK,Ingreso-usuarios-muebles 1-1,text,true,,883,524,1,1,https://compumuebles-sabana-api.cyk.com.co/api/cart/items,166,0,0
1781564946126,151,Seleccionar item - Escritorio,200,OK,Ingreso-usuarios-muebles 1-1,text,true,,1016,529,1,1,https://compumuebles-sabana-api.cyk.com.co/api/cart/items,151,0,0
1781564946278,142,Crear orden,201,Created,Ingreso-usuarios-muebles 1-1,text,true,,776,532,1,1,https://compumuebles-sabana-api.cyk.com.co/api/orders,142,0,0
1781564946420,137,Autorizar pago,200,OK,Ingreso-usuarios-muebles 1-1,text,true,,1488,1223,1,1,https://compumuebles-sabana-api.cyk.com.co/api/payments/authorize,137,0,0
1781564946558,160,Vaciar carrito,200,OK,Ingreso-usuarios-muebles 1-1,text,true,,482,377,1,1,https://compumuebles-sabana-api.cyk.com.co/api/cart/b2296a29-4636-42c7-bba9-6417c950f445/items,160,0,0
1781564946719,393,Consultar ordenes,200,OK,Ingreso-usuarios-muebles 1-1,text,true,,113233,314,1,1,https://compumuebles-sabana-api.cyk.com.co/api/orders,327,0,0
1781564947113,576,Consultar pagos,200,OK,Ingreso-usuarios-muebles 1-1,text,true,,307173,316,1,1,https://compumuebles-sabana-api.cyk.com.co/api/payments,537,0,0
1781564947700,298,Ingreso Usuario,200,OK,Ingreso-usuarios-muebles 1-1,text,true,,538,408,1,1,https://compumuebles-sabana-api.cyk.com.co/api/auth/login,298,0,0
1781564947999,120,Seleccionar item - Sofa,200,OK,Ingreso-usuarios-muebles 1-1,text,true,,623,532,1,1,https://compumuebles-sabana-api.cyk.com.co/api/cart/items,119,0,0
1781564948119,117,Seleccionar item - Mesa,200,OK,Ingreso-usuarios-muebles 1-1,text,true,,756,530,1,1,https://compumuebles-sabana-api.cyk.com.co/api/cart/items,117,0,0
1781564948236,163,Seleccionar item - Neo,200,OK,Ingreso-usuarios-muebles 1-1,text,true,,883,524,1,1,https://compumuebles-sabana-api.cyk.com.co/api/cart/items,163,0,0
1781564948410,149,Seleccionar item - Escritorio,200,OK,Ingreso-usuarios-muebles 1-1,text,true,,1016,529,1,1,https://compumuebles-sabana-api.cyk.com.co/api/cart/items,149,0,0
1781564948559,118,Crear orden,201,Created,Ingreso-usuarios-muebles 1-1,text,true,,776,532,1,1,https://compumuebles-sabana-api.cyk.com.co/api/orders,118,0,0
1781564948678,146,Autorizar pago,200,OK,Ingreso-usuarios-muebles 1-1,text,true,,1488,1223,1,1,https://compumuebles-sabana-api.cyk.com.co/api/payments/authorize,146,0,0
1781564948824,142,Vaciar carrito,200,OK,Ingreso-usuarios-muebles 1-1,text,true,,482,377,1,1,https://compumuebles-sabana-api.cyk.com.co/api/cart/b2296a29-4636-42c7-bba9-6417c950f445/items,142,0,0
1781564948966,346,Consultar ordenes,200,OK,Ingreso-usuarios-muebles 1-1,text,true,,113646,314,1,1,https://compumuebles-sabana-api.cyk.com.co/api/orders,323,0,0
1781564949313,730,Consultar pagos,200,OK,Ingreso-usuarios-muebles 1-1,text,true,,308302,316,1,1,https://compumuebles-sabana-api.cyk.com.co/api/payments,607,0,0
1781564950044,313,Ingreso Usuario,200,OK,Ingreso-usuarios-muebles 1-1,text,true,,538,408,1,1,https://compumuebles-sabana-api.cyk.com.co/api/auth/login,313,0,0
1781564950357,122,Seleccionar item - Sofa,200,OK,Ingreso-usuarios-muebles 1-1,text,true,,623,532,1,1,https://compumuebles-sabana-api.cyk.com.co/api/cart/items,122,0,0
1781564950480,113,Seleccionar item - Mesa,200,OK,Ingreso-usuarios-muebles 1-1,text,true,,756,530,1,1,https://compumuebles-sabana-api.cyk.com.co/api/cart/items,113,0,0
1781564950593,124,Seleccionar item - Neo,200,OK,Ingreso-usuarios-muebles 1-1,text,true,,883,524,1,1,https://compumuebles-sabana-api.cyk.com.co/api/cart/items,124,0,0
1781564950717,133,Seleccionar item - Escritorio,200,OK,Ingreso-usuarios-muebles 1-1,text,true,,1016,529,1,1,https://compumuebles-sabana-api.cyk.com.co/api/cart/items,133,0,0
1781564950850,123,Crear orden,201,Created,Ingreso-usuarios-muebles 1-1,text,true,,776,532,1,1,https://compumuebles-sabana-api.cyk.com.co/api/orders,123,0,0
1781564950974,142,Autorizar pago,200,OK,Ingreso-usuarios-muebles 1-1,text,true,,1487,1223,1,1,https://compumuebles-sabana-api.cyk.com.co/api/payments/authorize,142,0,0
1781564951117,154,Vaciar carrito,200,OK,Ingreso-usuarios-muebles 1-1,text,true,,482,377,1,1,https://compumuebles-sabana-api.cyk.com.co/api/cart/b2296a29-4636-42c7-bba9-6417c950f445/items,154,0,0
1781564951271,387,Consultar ordenes,200,OK,Ingreso-usuarios-muebles 1-1,text,true,,114059,314,1,1,https://compumuebles-sabana-api.cyk.com.co/api/orders,335,0,0
1781564951659,652,Consultar pagos,200,OK,Ingreso-usuarios-muebles 1-1,text,true,,309430,316,1,1,https://compumuebles-sabana-api.cyk.com.co/api/payments,543,0,0
1781564952315,290,Ingreso Usuario,200,OK,Ingreso-usuarios-muebles 1-1,text,true,,538,408,1,1,https://compumuebles-sabana-api.cyk.com.co/api/auth/login,290,0,0
1781564952606,151,Seleccionar item - Sofa,200,OK,Ingreso-usuarios-muebles 1-1,text,true,,623,532,1,1,https://compumuebles-sabana-api.cyk.com.co/api/cart/items,151,0,0
1781564952758,120,Seleccionar item - Mesa,200,OK,Ingreso-usuarios-muebles 1-1,text,true,,756,530,1,1,https://compumuebles-sabana-api.cyk.com.co/api/cart/items,120,0,0
1781564952879,120,Seleccionar item - Neo,200,OK,Ingreso-usuarios-muebles 1-1,text,true,,883,524,1,1,https://compumuebles-sabana-api.cyk.com.co/api/cart/items,120,0,0
1781564953000,156,Seleccionar item - Escritorio,200,OK,Ingreso-usuarios-muebles 1-1,text,true,,1016,529,1,1,https://compumuebles-sabana-api.cyk.com.co/api/cart/items,156,0,0
1781564953157,121,Crear orden,201,Created,Ingreso-usuarios-muebles 1-1,text,true,,776,532,1,1,https://compumuebles-sabana-api.cyk.com.co/api/orders,121,0,0
1781564953280,157,Autorizar pago,200,OK,Ingreso-usuarios-muebles 1-1,text,true,,1488,1223,1,1,https://compumuebles-sabana-api.cyk.com.co/api/payments/authorize,157,0,0
1781564953438,120,Vaciar carrito,200,OK,Ingreso-usuarios-muebles 1-1,text,true,,482,377,1,1,https://compumuebles-sabana-api.cyk.com.co/api/cart/b2296a29-4636-42c7-bba9-6417c950f445/items,120,0,0
1781564953558,356,Consultar ordenes,200,OK,Ingreso-usuarios-muebles 1-1,text,true,,114472,314,1,1,https://compumuebles-sabana-api.cyk.com.co/api/orders,321,0,0
1781564953915,720,Consultar pagos,200,OK,Ingreso-usuarios-muebles 1-1,text,true,,310559,316,1,1,https://compumuebles-sabana-api.cyk.com.co/api/payments,652,0,0
1781564954638,278,Ingreso Usuario,200,OK,Ingreso-usuarios-muebles 1-1,text,true,,538,408,1,1,https://compumuebles-sabana-api.cyk.com.co/api/auth/login,278,0,0
1781564954916,120,Seleccionar item - Sofa,200,OK,Ingreso-usuarios-muebles 1-1,text,true,,623,532,1,1,https://compumuebles-sabana-api.cyk.com.co/api/cart/items,120,0,0
1781564955036,161,Seleccionar item - Mesa,200,OK,Ingreso-usuarios-muebles 1-1,text,true,,756,530,1,1,https://compumuebles-sabana-api.cyk.com.co/api/cart/items,161,0,0
1781564955197,120,Seleccionar item - Neo,200,OK,Ingreso-usuarios-muebles 1-1,text,true,,883,524,1,1,https://compumuebles-sabana-api.cyk.com.co/api/cart/items,120,0,0
1781564955318,118,Seleccionar item - Escritorio,200,OK,Ingreso-usuarios-muebles 1-1,text,true,,1016,529,1,1,https://compumuebles-sabana-api.cyk.com.co/api/cart/items,118,0,0
1781564955437,120,Crear orden,201,Created,Ingreso-usuarios-muebles 1-1,text,true,,776,532,1,1,https://compumuebles-sabana-api.cyk.com.co/api/orders,120,0,0
1781564955557,200,Autorizar pago,200,OK,Ingreso-usuarios-muebles 1-1,text,true,,1488,1223,1,1,https://compumuebles-sabana-api.cyk.com.co/api/payments/authorize,200,0,0
1781564955757,160,Vaciar carrito,200,OK,Ingreso-usuarios-muebles 1-1,text,true,,482,377,1,1,https://compumuebles-sabana-api.cyk.com.co/api/cart/b2296a29-4636-42c7-bba9-6417c950f445/items,160,0,0
1781564955917,352,Consultar ordenes,200,OK,Ingreso-usuarios-muebles 1-1,text,true,,114885,314,1,1,https://compumuebles-sabana-api.cyk.com.co/api/orders,322,0,0
1781564956270,630,Consultar pagos,200,OK,Ingreso-usuarios-muebles 1-1,text,true,,311688,316,1,1,https://compumuebles-sabana-api.cyk.com.co/api/payments,582,0,0
1781564956903,288,Ingreso Usuario,200,OK,Ingreso-usuarios-muebles 1-1,text,true,,538,408,1,1,https://compumuebles-sabana-api.cyk.com.co/api/auth/login,288,0,0
1781564957192,165,Seleccionar item - Sofa,200,OK,Ingreso-usuarios-muebles 1-1,text,true,,623,532,1,1,https://compumuebles-sabana-api.cyk.com.co/api/cart/items,165,0,0
1781564957357,128,Seleccionar item - Mesa,200,OK,Ingreso-usuarios-muebles 1-1,text,true,,756,530,1,1,https://compumuebles-sabana-api.cyk.com.co/api/cart/items,128,0,0
1781564957486,158,Seleccionar item - Neo,200,OK,Ingreso-usuarios-muebles 1-1,text,true,,883,524,1,1,https://compumuebles-sabana-api.cyk.com.co/api/cart/items,158,0,0
1781564957646,150,Seleccionar item - Escritorio,200,OK,Ingreso-usuarios-muebles 1-1,text,true,,1016,529,1,1,https://compumuebles-sabana-api.cyk.com.co/api/cart/items,150,0,0
1781564957797,121,Crear orden,201,Created,Ingreso-usuarios-muebles 1-1,text,true,,776,532,1,1,https://compumuebles-sabana-api.cyk.com.co/api/orders,121,0,0
1781564957919,118,Autorizar pago,200,OK,Ingreso-usuarios-muebles 1-1,text,true,,1488,1223,1,1,https://compumuebles-sabana-api.cyk.com.co/api/payments/authorize,118,0,0
1781564958038,119,Vaciar carrito,200,OK,Ingreso-usuarios-muebles 1-1,text,true,,482,377,1,1,https://compumuebles-sabana-api.cyk.com.co/api/cart/b2296a29-4636-42c7-bba9-6417c950f445/items,119,0,0
1781564958158,339,Consultar ordenes,200,OK,Ingreso-usuarios-muebles 1-1,text,true,,115298,314,1,1,https://compumuebles-sabana-api.cyk.com.co/api/orders,320,0,0
1781564958498,610,Consultar pagos,200,OK,Ingreso-usuarios-muebles 1-1,text,true,,312817,316,1,1,https://compumuebles-sabana-api.cyk.com.co/api/payments,547,0,0
1781564959110,287,Ingreso Usuario,200,OK,Ingreso-usuarios-muebles 1-1,text,true,,538,408,1,1,https://compumuebles-sabana-api.cyk.com.co/api/auth/login,287,0,0
1781564959397,161,Seleccionar item - Sofa,200,OK,Ingreso-usuarios-muebles 1-1,text,true,,623,532,1,1,https://compumuebles-sabana-api.cyk.com.co/api/cart/items,161,0,0
1781564959558,118,Seleccionar item - Mesa,200,OK,Ingreso-usuarios-muebles 1-1,text,true,,756,530,1,1,https://compumuebles-sabana-api.cyk.com.co/api/cart/items,118,0,0
1781564959677,161,Seleccionar item - Neo,200,OK,Ingreso-usuarios-muebles 1-1,text,true,,883,524,1,1,https://compumuebles-sabana-api.cyk.com.co/api/cart/items,161,0,0
1781564959839,120,Seleccionar item - Escritorio,200,OK,Ingreso-usuarios-muebles 1-1,text,true,,1016,529,1,1,https://compumuebles-sabana-api.cyk.com.co/api/cart/items,120,0,0
1781564959959,121,Crear orden,201,Created,Ingreso-usuarios-muebles 1-1,text,true,,774,532,1,1,https://compumuebles-sabana-api.cyk.com.co/api/orders,121,0,0
1781564960081,172,Autorizar pago,200,OK,Ingreso-usuarios-muebles 1-1,text,true,,1488,1223,1,1,https://compumuebles-sabana-api.cyk.com.co/api/payments/authorize,172,0,0
1781564960253,148,Vaciar carrito,200,OK,Ingreso-usuarios-muebles 1-1,text,true,,482,377,1,1,https://compumuebles-sabana-api.cyk.com.co/api/cart/b2296a29-4636-42c7-bba9-6417c950f445/items,148,0,0
1781564960402,382,Consultar ordenes,200,OK,Ingreso-usuarios-muebles 1-1,text,true,,115709,314,1,1,https://compumuebles-sabana-api.cyk.com.co/api/orders,330,0,0
1781564960785,656,Consultar pagos,200,OK,Ingreso-usuarios-muebles 1-1,text,true,,313946,316,1,1,https://compumuebles-sabana-api.cyk.com.co/api/payments,546,0,0
1781564961444,320,Ingreso Usuario,200,OK,Ingreso-usuarios-muebles 1-1,text,true,,538,408,1,1,https://compumuebles-sabana-api.cyk.com.co/api/auth/login,320,0,0
1781564961765,115,Seleccionar item - Sofa,200,OK,Ingreso-usuarios-muebles 1-1,text,true,,623,532,1,1,https://compumuebles-sabana-api.cyk.com.co/api/cart/items,115,0,0
1781564961880,155,Seleccionar item - Mesa,200,OK,Ingreso-usuarios-muebles 1-1,text,true,,756,530,1,1,https://compumuebles-sabana-api.cyk.com.co/api/cart/items,155,0,0
1781564962036,145,Seleccionar item - Neo,200,OK,Ingreso-usuarios-muebles 1-1,text,true,,883,524,1,1,https://compumuebles-sabana-api.cyk.com.co/api/cart/items,145,0,0
1781564962182,134,Seleccionar item - Escritorio,200,OK,Ingreso-usuarios-muebles 1-1,text,true,,1016,529,1,1,https://compumuebles-sabana-api.cyk.com.co/api/cart/items,134,0,0
1781564962317,120,Crear orden,201,Created,Ingreso-usuarios-muebles 1-1,text,true,,776,532,1,1,https://compumuebles-sabana-api.cyk.com.co/api/orders,120,0,0
1781564962438,118,Autorizar pago,200,OK,Ingreso-usuarios-muebles 1-1,text,true,,1488,1223,1,1,https://compumuebles-sabana-api.cyk.com.co/api/payments/authorize,118,0,0
1781564962557,128,Vaciar carrito,200,OK,Ingreso-usuarios-muebles 1-1,text,true,,482,377,1,1,https://compumuebles-sabana-api.cyk.com.co/api/cart/b2296a29-4636-42c7-bba9-6417c950f445/items,127,0,0
1781564962686,356,Consultar ordenes,200,OK,Ingreso-usuarios-muebles 1-1,text,true,,116122,314,1,1,https://compumuebles-sabana-api.cyk.com.co/api/orders,319,0,0
1781564963043,765,Consultar pagos,200,OK,Ingreso-usuarios-muebles 1-1,text,true,,315075,316,1,1,https://compumuebles-sabana-api.cyk.com.co/api/payments,677,0,0
1781564963811,385,Ingreso Usuario,200,OK,Ingreso-usuarios-muebles 1-1,text,true,,538,408,1,1,https://compumuebles-sabana-api.cyk.com.co/api/auth/login,385,0,0
1781564964196,119,Seleccionar item - Sofa,200,OK,Ingreso-usuarios-muebles 1-1,text,true,,623,532,1,1,https://compumuebles-sabana-api.cyk.com.co/api/cart/items,119,0,0
1781564964316,120,Seleccionar item - Mesa,200,OK,Ingreso-usuarios-muebles 1-1,text,true,,756,530,1,1,https://compumuebles-sabana-api.cyk.com.co/api/cart/items,120,0,0
1781564964437,118,Seleccionar item - Neo,200,OK,Ingreso-usuarios-muebles 1-1,text,true,,883,524,1,1,https://compumuebles-sabana-api.cyk.com.co/api/cart/items,118,0,0
1781564964556,119,Seleccionar item - Escritorio,200,OK,Ingreso-usuarios-muebles 1-1,text,true,,1016,529,1,1,https://compumuebles-sabana-api.cyk.com.co/api/cart/items,119,0,0
1781564964676,160,Crear orden,201,Created,Ingreso-usuarios-muebles 1-1,text,true,,776,532,1,1,https://compumuebles-sabana-api.cyk.com.co/api/orders,160,0,0
1781564964837,167,Autorizar pago,200,OK,Ingreso-usuarios-muebles 1-1,text,true,,1488,1223,1,1,https://compumuebles-sabana-api.cyk.com.co/api/payments/authorize,167,0,0
1781564965005,150,Vaciar carrito,200,OK,Ingreso-usuarios-muebles 1-1,text,true,,482,377,1,1,https://compumuebles-sabana-api.cyk.com.co/api/cart/b2296a29-4636-42c7-bba9-6417c950f445/items,150,0,0
1781564965156,419,Consultar ordenes,200,OK,Ingreso-usuarios-muebles 1-1,text,true,,116535,314,1,1,https://compumuebles-sabana-api.cyk.com.co/api/orders,331,0,0
1781564965576,1366,Consultar pagos,200,OK,Ingreso-usuarios-muebles 1-1,text,true,,316204,316,1,1,https://compumuebles-sabana-api.cyk.com.co/api/payments,907,0,226
1781564966944,292,Ingreso Usuario,200,OK,Ingreso-usuarios-muebles 1-1,text,true,,538,408,1,1,https://compumuebles-sabana-api.cyk.com.co/api/auth/login,292,0,0
1781564967236,160,Seleccionar item - Sofa,200,OK,Ingreso-usuarios-muebles 1-1,text,true,,623,532,1,1,https://compumuebles-sabana-api.cyk.com.co/api/cart/items,160,0,0
1781564967397,159,Seleccionar item - Mesa,200,OK,Ingreso-usuarios-muebles 1-1,text,true,,756,530,1,1,https://compumuebles-sabana-api.cyk.com.co/api/cart/items,159,0,0
1781564967557,128,Seleccionar item - Neo,200,OK,Ingreso-usuarios-muebles 1-1,text,true,,883,524,1,1,https://compumuebles-sabana-api.cyk.com.co/api/cart/items,128,0,0
1781564967685,134,Seleccionar item - Escritorio,200,OK,Ingreso-usuarios-muebles 1-1,text,true,,1016,529,1,1,https://compumuebles-sabana-api.cyk.com.co/api/cart/items,134,0,0
1781564967820,144,Crear orden,201,Created,Ingreso-usuarios-muebles 1-1,text,true,,776,532,1,1,https://compumuebles-sabana-api.cyk.com.co/api/orders,144,0,0
1781564967964,151,Autorizar pago,200,OK,Ingreso-usuarios-muebles 1-1,text,true,,1488,1223,1,1,https://compumuebles-sabana-api.cyk.com.co/api/payments/authorize,151,0,0
1781564968116,145,Vaciar carrito,200,OK,Ingreso-usuarios-muebles 1-1,text,true,,482,377,1,1,https://compumuebles-sabana-api.cyk.com.co/api/cart/b2296a29-4636-42c7-bba9-6417c950f445/items,145,0,0
1781564968262,351,Consultar ordenes,200,OK,Ingreso-usuarios-muebles 1-1,text,true,,116948,314,1,1,https://compumuebles-sabana-api.cyk.com.co/api/orders,336,0,0
1781564968614,671,Consultar pagos,200,OK,Ingreso-usuarios-muebles 1-1,text,true,,317333,316,1,1,https://compumuebles-sabana-api.cyk.com.co/api/payments,545,0,0
1781564969288,288,Ingreso Usuario,200,OK,Ingreso-usuarios-muebles 1-1,text,true,,538,408,1,1,https://compumuebles-sabana-api.cyk.com.co/api/auth/login,288,0,0
1781564969576,142,Seleccionar item - Sofa,200,OK,Ingreso-usuarios-muebles 1-1,text,true,,623,532,1,1,https://compumuebles-sabana-api.cyk.com.co/api/cart/items,142,0,0
1781564969719,153,Seleccionar item - Mesa,200,OK,Ingreso-usuarios-muebles 1-1,text,true,,756,530,1,1,https://compumuebles-sabana-api.cyk.com.co/api/cart/items,153,0,0
1781564969873,121,Seleccionar item - Neo,200,OK,Ingreso-usuarios-muebles 1-1,text,true,,883,524,1,1,https://compumuebles-sabana-api.cyk.com.co/api/cart/items,121,0,0
1781564969994,163,Seleccionar item - Escritorio,200,OK,Ingreso-usuarios-muebles 1-1,text,true,,1016,529,1,1,https://compumuebles-sabana-api.cyk.com.co/api/cart/items,163,0,0
1781564970159,131,Crear orden,201,Created,Ingreso-usuarios-muebles 1-1,text,true,,776,532,1,1,https://compumuebles-sabana-api.cyk.com.co/api/orders,131,0,0
1781564970291,179,Autorizar pago,200,OK,Ingreso-usuarios-muebles 1-1,text,true,,1488,1223,1,1,https://compumuebles-sabana-api.cyk.com.co/api/payments/authorize,179,0,0
1781564970470,127,Vaciar carrito,200,OK,Ingreso-usuarios-muebles 1-1,text,true,,482,377,1,1,https://compumuebles-sabana-api.cyk.com.co/api/cart/b2296a29-4636-42c7-bba9-6417c950f445/items,127,0,0
1781564970599,352,Consultar ordenes,200,OK,Ingreso-usuarios-muebles 1-1,text,true,,117361,314,1,1,https://compumuebles-sabana-api.cyk.com.co/api/orders,323,0,0
1781564970952,698,Consultar pagos,200,OK,Ingreso-usuarios-muebles 1-1,text,true,,318462,316,1,1,https://compumuebles-sabana-api.cyk.com.co/api/payments,550,0,0
1781564971654,278,Ingreso Usuario,200,OK,Ingreso-usuarios-muebles 1-1,text,true,,538,408,1,1,https://compumuebles-sabana-api.cyk.com.co/api/auth/login,278,0,0
1781564971932,145,Seleccionar item - Sofa,200,OK,Ingreso-usuarios-muebles 1-1,text,true,,623,532,1,1,https://compumuebles-sabana-api.cyk.com.co/api/cart/items,145,0,0
1781564972078,119,Seleccionar item - Mesa,200,OK,Ingreso-usuarios-muebles 1-1,text,true,,756,530,1,1,https://compumuebles-sabana-api.cyk.com.co/api/cart/items,119,0,0
1781564972197,120,Seleccionar item - Neo,200,OK,Ingreso-usuarios-muebles 1-1,text,true,,883,524,1,1,https://compumuebles-sabana-api.cyk.com.co/api/cart/items,120,0,0
1781564972318,119,Seleccionar item - Escritorio,200,OK,Ingreso-usuarios-muebles 1-1,text,true,,1016,529,1,1,https://compumuebles-sabana-api.cyk.com.co/api/cart/items,119,0,0
1781564972438,120,Crear orden,201,Created,Ingreso-usuarios-muebles 1-1,text,true,,776,532,1,1,https://compumuebles-sabana-api.cyk.com.co/api/orders,120,0,0
1781564972559,121,Autorizar pago,200,OK,Ingreso-usuarios-muebles 1-1,text,true,,1488,1223,1,1,https://compumuebles-sabana-api.cyk.com.co/api/payments/authorize,121,0,0
1781564972680,118,Vaciar carrito,200,OK,Ingreso-usuarios-muebles 1-1,text,true,,482,377,1,1,https://compumuebles-sabana-api.cyk.com.co/api/cart/b2296a29-4636-42c7-bba9-6417c950f445/items,118,0,0
1781564972798,344,Consultar ordenes,200,OK,Ingreso-usuarios-muebles 1-1,text,true,,117774,314,1,1,https://compumuebles-sabana-api.cyk.com.co/api/orders,328,0,0
1781564973144,762,Consultar pagos,200,OK,Ingreso-usuarios-muebles 1-1,text,true,,319591,316,1,1,https://compumuebles-sabana-api.cyk.com.co/api/payments,705,0,0
1781564973909,368,Ingreso Usuario,200,OK,Ingreso-usuarios-muebles 1-1,text,true,,538,408,1,1,https://compumuebles-sabana-api.cyk.com.co/api/auth/login,368,0,0
1781564974277,139,Seleccionar item - Sofa,200,OK,Ingreso-usuarios-muebles 1-1,text,true,,623,532,1,1,https://compumuebles-sabana-api.cyk.com.co/api/cart/items,139,0,0
1781564974417,140,Seleccionar item - Mesa,200,OK,Ingreso-usuarios-muebles 1-1,text,true,,756,530,1,1,https://compumuebles-sabana-api.cyk.com.co/api/cart/items,140,0,0
1781564974557,122,Seleccionar item - Neo,200,OK,Ingreso-usuarios-muebles 1-1,text,true,,883,524,1,1,https://compumuebles-sabana-api.cyk.com.co/api/cart/items,122,0,0
1781564974679,158,Seleccionar item - Escritorio,200,OK,Ingreso-usuarios-muebles 1-1,text,true,,1016,529,1,1,https://compumuebles-sabana-api.cyk.com.co/api/cart/items,158,0,0
1781564974838,119,Crear orden,201,Created,Ingreso-usuarios-muebles 1-1,text,true,,776,532,1,1,https://compumuebles-sabana-api.cyk.com.co/api/orders,119,0,0
1781564974957,161,Autorizar pago,200,OK,Ingreso-usuarios-muebles 1-1,text,true,,1488,1223,1,1,https://compumuebles-sabana-api.cyk.com.co/api/payments/authorize,161,0,0
1781564975118,159,Vaciar carrito,200,OK,Ingreso-usuarios-muebles 1-1,text,true,,482,377,1,1,https://compumuebles-sabana-api.cyk.com.co/api/cart/b2296a29-4636-42c7-bba9-6417c950f445/items,159,0,0
1781564975277,370,Consultar ordenes,200,OK,Ingreso-usuarios-muebles 1-1,text,true,,118187,314,1,1,https://compumuebles-sabana-api.cyk.com.co/api/orders,330,0,0
1781564975648,705,Consultar pagos,200,OK,Ingreso-usuarios-muebles 1-1,text,true,,320720,316,1,1,https://compumuebles-sabana-api.cyk.com.co/api/payments,642,0,0
1781564976356,282,Ingreso Usuario,200,OK,Ingreso-usuarios-muebles 1-1,text,true,,538,408,1,1,https://compumuebles-sabana-api.cyk.com.co/api/auth/login,282,0,0
1781564976638,158,Seleccionar item - Sofa,200,OK,Ingreso-usuarios-muebles 1-1,text,true,,623,532,1,1,https://compumuebles-sabana-api.cyk.com.co/api/cart/items,158,0,0
1781564976796,161,Seleccionar item - Mesa,200,OK,Ingreso-usuarios-muebles 1-1,text,true,,756,530,1,1,https://compumuebles-sabana-api.cyk.com.co/api/cart/items,161,0,0
1781564976957,159,Seleccionar item - Neo,200,OK,Ingreso-usuarios-muebles 1-1,text,true,,883,524,1,1,https://compumuebles-sabana-api.cyk.com.co/api/cart/items,159,0,0
1781564977117,144,Seleccionar item - Escritorio,200,OK,Ingreso-usuarios-muebles 1-1,text,true,,1016,529,1,1,https://compumuebles-sabana-api.cyk.com.co/api/cart/items,144,0,0
1781564977261,171,Crear orden,201,Created,Ingreso-usuarios-muebles 1-1,text,true,,776,532,1,1,https://compumuebles-sabana-api.cyk.com.co/api/orders,171,0,0
1781564977432,126,Autorizar pago,200,OK,Ingreso-usuarios-muebles 1-1,text,true,,1488,1223,1,1,https://compumuebles-sabana-api.cyk.com.co/api/payments/authorize,126,0,0
1781564977558,133,Vaciar carrito,200,OK,Ingreso-usuarios-muebles 1-1,text,true,,482,377,1,1,https://compumuebles-sabana-api.cyk.com.co/api/cart/b2296a29-4636-42c7-bba9-6417c950f445/items,133,0,0
1781564977691,355,Consultar ordenes,200,OK,Ingreso-usuarios-muebles 1-1,text,true,,118600,314,1,1,https://compumuebles-sabana-api.cyk.com.co/api/orders,308,0,0
1781564978050,629,Consultar pagos,200,OK,Ingreso-usuarios-muebles 1-1,text,true,,321849,316,1,1,https://compumuebles-sabana-api.cyk.com.co/api/payments,550,0,0
1781564978681,276,Ingreso Usuario,200,OK,Ingreso-usuarios-muebles 1-1,text,true,,538,408,1,1,https://compumuebles-sabana-api.cyk.com.co/api/auth/login,276,0,0
1781564978957,160,Seleccionar item - Sofa,200,OK,Ingreso-usuarios-muebles 1-1,text,true,,623,532,1,1,https://compumuebles-sabana-api.cyk.com.co/api/cart/items,159,0,0
1781564979117,161,Seleccionar item - Mesa,200,OK,Ingreso-usuarios-muebles 1-1,text,true,,756,530,1,1,https://compumuebles-sabana-api.cyk.com.co/api/cart/items,161,0,0
1781564979278,168,Seleccionar item - Neo,200,OK,Ingreso-usuarios-muebles 1-1,text,true,,883,524,1,1,https://compumuebles-sabana-api.cyk.com.co/api/cart/items,168,0,0
1781564979447,150,Seleccionar item - Escritorio,200,OK,Ingreso-usuarios-muebles 1-1,text,true,,1016,529,1,1,https://compumuebles-sabana-api.cyk.com.co/api/cart/items,150,0,0
1781564979597,160,Crear orden,201,Created,Ingreso-usuarios-muebles 1-1,text,true,,776,532,1,1,https://compumuebles-sabana-api.cyk.com.co/api/orders,160,0,0
1781564979757,124,Autorizar pago,200,OK,Ingreso-usuarios-muebles 1-1,text,true,,1488,1223,1,1,https://compumuebles-sabana-api.cyk.com.co/api/payments/authorize,124,0,0
1781564979883,154,Vaciar carrito,200,OK,Ingreso-usuarios-muebles 1-1,text,true,,482,377,1,1,https://compumuebles-sabana-api.cyk.com.co/api/cart/b2296a29-4636-42c7-bba9-6417c950f445/items,154,0,0
1781564980038,358,Consultar ordenes,200,OK,Ingreso-usuarios-muebles 1-1,text,true,,119013,314,1,1,https://compumuebles-sabana-api.cyk.com.co/api/orders,323,0,0
1781564980397,755,Consultar pagos,200,OK,Ingreso-usuarios-muebles 1-1,text,true,,322978,316,1,1,https://compumuebles-sabana-api.cyk.com.co/api/payments,594,0,0
1781564981154,283,Ingreso Usuario,200,OK,Ingreso-usuarios-muebles 1-1,text,true,,538,408,1,1,https://compumuebles-sabana-api.cyk.com.co/api/auth/login,283,0,0
1781564981437,135,Seleccionar item - Sofa,200,OK,Ingreso-usuarios-muebles 1-1,text,true,,623,532,1,1,https://compumuebles-sabana-api.cyk.com.co/api/cart/items,135,0,0
1781564981572,144,Seleccionar item - Mesa,200,OK,Ingreso-usuarios-muebles 1-1,text,true,,756,530,1,1,https://compumuebles-sabana-api.cyk.com.co/api/cart/items,144,0,0
1781564981716,122,Seleccionar item - Neo,200,OK,Ingreso-usuarios-muebles 1-1,text,true,,883,524,1,1,https://compumuebles-sabana-api.cyk.com.co/api/cart/items,122,0,0
1781564981839,118,Seleccionar item - Escritorio,200,OK,Ingreso-usuarios-muebles 1-1,text,true,,1016,529,1,1,https://compumuebles-sabana-api.cyk.com.co/api/cart/items,118,0,0
1781564981958,159,Crear orden,201,Created,Ingreso-usuarios-muebles 1-1,text,true,,776,532,1,1,https://compumuebles-sabana-api.cyk.com.co/api/orders,159,0,0
1781564982118,125,Autorizar pago,200,OK,Ingreso-usuarios-muebles 1-1,text,true,,1488,1223,1,1,https://compumuebles-sabana-api.cyk.com.co/api/payments/authorize,125,0,0
1781564982243,155,Vaciar carrito,200,OK,Ingreso-usuarios-muebles 1-1,text,true,,482,377,1,1,https://compumuebles-sabana-api.cyk.com.co/api/cart/b2296a29-4636-42c7-bba9-6417c950f445/items,155,0,0
1781564982398,336,Consultar ordenes,200,OK,Ingreso-usuarios-muebles 1-1,text,true,,119426,314,1,1,https://compumuebles-sabana-api.cyk.com.co/api/orders,313,0,0
1781564982735,648,Consultar pagos,200,OK,Ingreso-usuarios-muebles 1-1,text,true,,324107,316,1,1,https://compumuebles-sabana-api.cyk.com.co/api/payments,545,0,0
1781564983384,415,Ingreso Usuario,200,OK,Ingreso-usuarios-muebles 1-1,text,true,,538,408,1,1,https://compumuebles-sabana-api.cyk.com.co/api/auth/login,415,0,0
1781564983800,117,Seleccionar item - Sofa,200,OK,Ingreso-usuarios-muebles 1-1,text,true,,623,532,1,1,https://compumuebles-sabana-api.cyk.com.co/api/cart/items,117,0,0
1781564983917,159,Seleccionar item - Mesa,200,OK,Ingreso-usuarios-muebles 1-1,text,true,,756,530,1,1,https://compumuebles-sabana-api.cyk.com.co/api/cart/items,159,0,0
1781564984077,168,Seleccionar item - Neo,200,OK,Ingreso-usuarios-muebles 1-1,text,true,,883,524,1,1,https://compumuebles-sabana-api.cyk.com.co/api/cart/items,168,0,0
1781564984245,152,Seleccionar item - Escritorio,200,OK,Ingreso-usuarios-muebles 1-1,text,true,,1016,529,1,1,https://compumuebles-sabana-api.cyk.com.co/api/cart/items,152,0,0
1781564984399,119,Crear orden,201,Created,Ingreso-usuarios-muebles 1-1,text,true,,776,532,1,1,https://compumuebles-sabana-api.cyk.com.co/api/orders,119,0,0
1781564984519,159,Autorizar pago,200,OK,Ingreso-usuarios-muebles 1-1,text,true,,1488,1223,1,1,https://compumuebles-sabana-api.cyk.com.co/api/payments/authorize,159,0,0
1781564984679,117,Vaciar carrito,200,OK,Ingreso-usuarios-muebles 1-1,text,true,,482,377,1,1,https://compumuebles-sabana-api.cyk.com.co/api/cart/b2296a29-4636-42c7-bba9-6417c950f445/items,117,0,0
1781564984797,335,Consultar ordenes,200,OK,Ingreso-usuarios-muebles 1-1,text,true,,119839,314,1,1,https://compumuebles-sabana-api.cyk.com.co/api/orders,322,0,0
1781564985132,695,Consultar pagos,200,OK,Ingreso-usuarios-muebles 1-1,text,true,,325236,316,1,1,https://compumuebles-sabana-api.cyk.com.co/api/payments,595,0,0
1781564985829,327,Ingreso Usuario,200,OK,Ingreso-usuarios-muebles 1-1,text,true,,538,408,1,1,https://compumuebles-sabana-api.cyk.com.co/api/auth/login,327,0,0
1781564986156,121,Seleccionar item - Sofa,200,OK,Ingreso-usuarios-muebles 1-1,text,true,,623,532,1,1,https://compumuebles-sabana-api.cyk.com.co/api/cart/items,121,0,0
1781564986278,158,Seleccionar item - Mesa,200,OK,Ingreso-usuarios-muebles 1-1,text,true,,756,530,1,1,https://compumuebles-sabana-api.cyk.com.co/api/cart/items,158,0,0
1781564986436,120,Seleccionar item - Neo,200,OK,Ingreso-usuarios-muebles 1-1,text,true,,883,524,1,1,https://compumuebles-sabana-api.cyk.com.co/api/cart/items,120,0,0
1781564986557,144,Seleccionar item - Escritorio,200,OK,Ingreso-usuarios-muebles 1-1,text,true,,1016,529,1,1,https://compumuebles-sabana-api.cyk.com.co/api/cart/items,144,0,0
1781564986701,136,Crear orden,201,Created,Ingreso-usuarios-muebles 1-1,text,true,,776,532,1,1,https://compumuebles-sabana-api.cyk.com.co/api/orders,136,0,0
1781564986838,122,Autorizar pago,200,OK,Ingreso-usuarios-muebles 1-1,text,true,,1488,1223,1,1,https://compumuebles-sabana-api.cyk.com.co/api/payments/authorize,122,0,0
1781564986960,118,Vaciar carrito,200,OK,Ingreso-usuarios-muebles 1-1,text,true,,482,377,1,1,https://compumuebles-sabana-api.cyk.com.co/api/cart/b2296a29-4636-42c7-bba9-6417c950f445/items,118,0,0
1781564987078,341,Consultar ordenes,200,OK,Ingreso-usuarios-muebles 1-1,text,true,,120252,314,1,1,https://compumuebles-sabana-api.cyk.com.co/api/orders,321,0,0
1781564987423,623,Consultar pagos,200,OK,Ingreso-usuarios-muebles 1-1,text,true,,326365,316,1,1,https://compumuebles-sabana-api.cyk.com.co/api/payments,576,0,0
1781564988048,310,Ingreso Usuario,200,OK,Ingreso-usuarios-muebles 1-1,text,true,,538,408,1,1,https://compumuebles-sabana-api.cyk.com.co/api/auth/login,310,0,0
1781564988358,159,Seleccionar item - Sofa,200,OK,Ingreso-usuarios-muebles 1-1,text,true,,623,532,1,1,https://compumuebles-sabana-api.cyk.com.co/api/cart/items,159,0,0
1781564988517,122,Seleccionar item - Mesa,200,OK,Ingreso-usuarios-muebles 1-1,text,true,,756,530,1,1,https://compumuebles-sabana-api.cyk.com.co/api/cart/items,121,0,0
1781564988639,165,Seleccionar item - Neo,200,OK,Ingreso-usuarios-muebles 1-1,text,true,,883,524,1,1,https://compumuebles-sabana-api.cyk.com.co/api/cart/items,165,0,0
1781564988804,125,Seleccionar item - Escritorio,200,OK,Ingreso-usuarios-muebles 1-1,text,true,,1016,529,1,1,https://compumuebles-sabana-api.cyk.com.co/api/cart/items,125,0,0
1781564988930,147,Crear orden,201,Created,Ingreso-usuarios-muebles 1-1,text,true,,774,532,1,1,https://compumuebles-sabana-api.cyk.com.co/api/orders,147,0,0
1781564989078,158,Autorizar pago,200,OK,Ingreso-usuarios-muebles 1-1,text,true,,1488,1223,1,1,https://compumuebles-sabana-api.cyk.com.co/api/payments/authorize,158,0,0
1781564989236,161,Vaciar carrito,200,OK,Ingreso-usuarios-muebles 1-1,text,true,,482,377,1,1,https://compumuebles-sabana-api.cyk.com.co/api/cart/b2296a29-4636-42c7-bba9-6417c950f445/items,161,0,0
1781564989397,345,Consultar ordenes,200,OK,Ingreso-usuarios-muebles 1-1,text,true,,120663,314,1,1,https://compumuebles-sabana-api.cyk.com.co/api/orders,330,0,0
1781564989743,671,Consultar pagos,200,OK,Ingreso-usuarios-muebles 1-1,text,true,,327494,316,1,1,https://compumuebles-sabana-api.cyk.com.co/api/payments,594,0,0
1781564990416,302,Ingreso Usuario,200,OK,Ingreso-usuarios-muebles 1-1,text,true,,538,408,1,1,https://compumuebles-sabana-api.cyk.com.co/api/auth/login,302,0,0
1781564990719,159,Seleccionar item - Sofa,200,OK,Ingreso-usuarios-muebles 1-1,text,true,,623,532,1,1,https://compumuebles-sabana-api.cyk.com.co/api/cart/items,159,0,0
1781564990878,159,Seleccionar item - Mesa,200,OK,Ingreso-usuarios-muebles 1-1,text,true,,756,530,1,1,https://compumuebles-sabana-api.cyk.com.co/api/cart/items,159,0,0
1781564991038,120,Seleccionar item - Neo,200,OK,Ingreso-usuarios-muebles 1-1,text,true,,883,524,1,1,https://compumuebles-sabana-api.cyk.com.co/api/cart/items,120,0,0
1781564991159,126,Seleccionar item - Escritorio,200,OK,Ingreso-usuarios-muebles 1-1,text,true,,1016,529,1,1,https://compumuebles-sabana-api.cyk.com.co/api/cart/items,126,0,0
1781564991285,153,Crear orden,201,Created,Ingreso-usuarios-muebles 1-1,text,true,,776,532,1,1,https://compumuebles-sabana-api.cyk.com.co/api/orders,153,0,0
1781564991438,158,Autorizar pago,200,OK,Ingreso-usuarios-muebles 1-1,text,true,,1488,1223,1,1,https://compumuebles-sabana-api.cyk.com.co/api/payments/authorize,158,0,0
1781564991597,162,Vaciar carrito,200,OK,Ingreso-usuarios-muebles 1-1,text,true,,482,377,1,1,https://compumuebles-sabana-api.cyk.com.co/api/cart/b2296a29-4636-42c7-bba9-6417c950f445/items,162,0,0
1781564991759,372,Consultar ordenes,200,OK,Ingreso-usuarios-muebles 1-1,text,true,,121076,314,1,1,https://compumuebles-sabana-api.cyk.com.co/api/orders,323,0,0
1781564992131,665,Consultar pagos,200,OK,Ingreso-usuarios-muebles 1-1,text,true,,328623,316,1,1,https://compumuebles-sabana-api.cyk.com.co/api/payments,596,0,0
1781564992798,279,Ingreso Usuario,200,OK,Ingreso-usuarios-muebles 1-1,text,true,,538,408,1,1,https://compumuebles-sabana-api.cyk.com.co/api/auth/login,279,0,0
1781564993078,127,Seleccionar item - Sofa,200,OK,Ingreso-usuarios-muebles 1-1,text,true,,623,532,1,1,https://compumuebles-sabana-api.cyk.com.co/api/cart/items,127,0,0
1781564993206,151,Seleccionar item - Mesa,200,OK,Ingreso-usuarios-muebles 1-1,text,true,,756,530,1,1,https://compumuebles-sabana-api.cyk.com.co/api/cart/items,151,0,0
1781564993358,159,Seleccionar item - Neo,200,OK,Ingreso-usuarios-muebles 1-1,text,true,,883,524,1,1,https://compumuebles-sabana-api.cyk.com.co/api/cart/items,159,0,0
1781564993518,168,Seleccionar item - Escritorio,200,OK,Ingreso-usuarios-muebles 1-1,text,true,,1016,529,1,1,https://compumuebles-sabana-api.cyk.com.co/api/cart/items,168,0,0
1781564993686,135,Crear orden,201,Created,Ingreso-usuarios-muebles 1-1,text,true,,776,532,1,1,https://compumuebles-sabana-api.cyk.com.co/api/orders,135,0,0
1781564993822,135,Autorizar pago,200,OK,Ingreso-usuarios-muebles 1-1,text,true,,1488,1223,1,1,https://compumuebles-sabana-api.cyk.com.co/api/payments/authorize,135,0,0
1781564993957,160,Vaciar carrito,200,OK,Ingreso-usuarios-muebles 1-1,text,true,,482,377,1,1,https://compumuebles-sabana-api.cyk.com.co/api/cart/b2296a29-4636-42c7-bba9-6417c950f445/items,160,0,0
1781564994117,422,Consultar ordenes,200,OK,Ingreso-usuarios-muebles 1-1,text,true,,121489,314,1,1,https://compumuebles-sabana-api.cyk.com.co/api/orders,366,0,0
1781564994540,693,Consultar pagos,200,OK,Ingreso-usuarios-muebles 1-1,text,true,,329752,316,1,1,https://compumuebles-sabana-api.cyk.com.co/api/payments,579,0,0
1781564995235,329,Ingreso Usuario,200,OK,Ingreso-usuarios-muebles 1-1,text,true,,538,408,1,1,https://compumuebles-sabana-api.cyk.com.co/api/auth/login,329,0,0
1781564995564,152,Seleccionar item - Sofa,200,OK,Ingreso-usuarios-muebles 1-1,text,true,,623,532,1,1,https://compumuebles-sabana-api.cyk.com.co/api/cart/items,152,0,0
1781564995717,120,Seleccionar item - Mesa,200,OK,Ingreso-usuarios-muebles 1-1,text,true,,756,530,1,1,https://compumuebles-sabana-api.cyk.com.co/api/cart/items,120,0,0
1781564995837,120,Seleccionar item - Neo,200,OK,Ingreso-usuarios-muebles 1-1,text,true,,883,524,1,1,https://compumuebles-sabana-api.cyk.com.co/api/cart/items,120,0,0
1781564995958,120,Seleccionar item - Escritorio,200,OK,Ingreso-usuarios-muebles 1-1,text,true,,1016,529,1,1,https://compumuebles-sabana-api.cyk.com.co/api/cart/items,120,0,0
1781564996079,117,Crear orden,201,Created,Ingreso-usuarios-muebles 1-1,text,true,,776,532,1,1,https://compumuebles-sabana-api.cyk.com.co/api/orders,117,0,0
1781564996197,168,Autorizar pago,200,OK,Ingreso-usuarios-muebles 1-1,text,true,,1488,1223,1,1,https://compumuebles-sabana-api.cyk.com.co/api/payments/authorize,168,0,0
1781564996365,151,Vaciar carrito,200,OK,Ingreso-usuarios-muebles 1-1,text,true,,482,377,1,1,https://compumuebles-sabana-api.cyk.com.co/api/cart/b2296a29-4636-42c7-bba9-6417c950f445/items,151,0,0
1781564996517,367,Consultar ordenes,200,OK,Ingreso-usuarios-muebles 1-1,text,true,,121902,314,1,1,https://compumuebles-sabana-api.cyk.com.co/api/orders,325,0,0
1781564996888,656,Consultar pagos,200,OK,Ingreso-usuarios-muebles 1-1,text,true,,330881,316,1,1,https://compumuebles-sabana-api.cyk.com.co/api/payments,589,0,0
1781564997556,322,Ingreso Usuario,200,OK,Ingreso-usuarios-muebles 1-1,text,true,,538,408,1,1,https://compumuebles-sabana-api.cyk.com.co/api/auth/login,322,0,0
1781564997878,158,Seleccionar item - Sofa,200,OK,Ingreso-usuarios-muebles 1-1,text,true,,623,532,1,1,https://compumuebles-sabana-api.cyk.com.co/api/cart/items,158,0,0
1781564998037,160,Seleccionar item - Mesa,200,OK,Ingreso-usuarios-muebles 1-1,text,true,,756,530,1,1,https://compumuebles-sabana-api.cyk.com.co/api/cart/items,160,0,0
1781564998197,159,Seleccionar item - Neo,200,OK,Ingreso-usuarios-muebles 1-1,text,true,,883,524,1,1,https://compumuebles-sabana-api.cyk.com.co/api/cart/items,159,0,0
1781564998357,161,Seleccionar item - Escritorio,200,OK,Ingreso-usuarios-muebles 1-1,text,true,,1016,529,1,1,https://compumuebles-sabana-api.cyk.com.co/api/cart/items,161,0,0
1781564998518,119,Crear orden,201,Created,Ingreso-usuarios-muebles 1-1,text,true,,772,532,1,1,https://compumuebles-sabana-api.cyk.com.co/api/orders,119,0,0
1781564998637,134,Autorizar pago,200,OK,Ingreso-usuarios-muebles 1-1,text,true,,1488,1223,1,1,https://compumuebles-sabana-api.cyk.com.co/api/payments/authorize,134,0,0
1781564998771,129,Vaciar carrito,200,OK,Ingreso-usuarios-muebles 1-1,text,true,,482,377,1,1,https://compumuebles-sabana-api.cyk.com.co/api/cart/b2296a29-4636-42c7-bba9-6417c950f445/items,129,0,0
1781564998901,377,Consultar ordenes,200,OK,Ingreso-usuarios-muebles 1-1,text,true,,122311,314,1,1,https://compumuebles-sabana-api.cyk.com.co/api/orders,348,0,0
1781564999280,701,Consultar pagos,200,OK,Ingreso-usuarios-muebles 1-1,text,true,,332010,316,1,1,https://compumuebles-sabana-api.cyk.com.co/api/payments,609,0,0
1781564999985,291,Ingreso Usuario,200,OK,Ingreso-usuarios-muebles 1-1,text,true,,538,408,1,1,https://compumuebles-sabana-api.cyk.com.co/api/auth/login,291,0,0
1781565000277,122,Seleccionar item - Sofa,200,OK,Ingreso-usuarios-muebles 1-1,text,true,,623,532,1,1,https://compumuebles-sabana-api.cyk.com.co/api/cart/items,121,0,0
1781565000399,125,Seleccionar item - Mesa,200,OK,Ingreso-usuarios-muebles 1-1,text,true,,756,530,1,1,https://compumuebles-sabana-api.cyk.com.co/api/cart/items,125,0,0
1781565000524,161,Seleccionar item - Neo,200,OK,Ingreso-usuarios-muebles 1-1,text,true,,883,524,1,1,https://compumuebles-sabana-api.cyk.com.co/api/cart/items,161,0,0
1781565000686,150,Seleccionar item - Escritorio,200,OK,Ingreso-usuarios-muebles 1-1,text,true,,1016,529,1,1,https://compumuebles-sabana-api.cyk.com.co/api/cart/items,150,0,0
1781565000836,120,Crear orden,201,Created,Ingreso-usuarios-muebles 1-1,text,true,,776,532,1,1,https://compumuebles-sabana-api.cyk.com.co/api/orders,120,0,0
1781565000956,143,Autorizar pago,200,OK,Ingreso-usuarios-muebles 1-1,text,true,,1487,1223,1,1,https://compumuebles-sabana-api.cyk.com.co/api/payments/authorize,143,0,0
1781565001099,139,Vaciar carrito,200,OK,Ingreso-usuarios-muebles 1-1,text,true,,482,377,1,1,https://compumuebles-sabana-api.cyk.com.co/api/cart/b2296a29-4636-42c7-bba9-6417c950f445/items,139,0,0
1781565001238,453,Consultar ordenes,200,OK,Ingreso-usuarios-muebles 1-1,text,true,,122724,314,1,1,https://compumuebles-sabana-api.cyk.com.co/api/orders,380,0,0
1781565001692,767,Consultar pagos,200,OK,Ingreso-usuarios-muebles 1-1,text,true,,333138,316,1,1,https://compumuebles-sabana-api.cyk.com.co/api/payments,608,0,0
1781565002464,295,Ingreso Usuario,200,OK,Ingreso-usuarios-muebles 1-1,text,true,,538,408,1,1,https://compumuebles-sabana-api.cyk.com.co/api/auth/login,295,0,0
1781565002759,120,Seleccionar item - Sofa,200,OK,Ingreso-usuarios-muebles 1-1,text,true,,623,532,1,1,https://compumuebles-sabana-api.cyk.com.co/api/cart/items,120,0,0
1781565002879,116,Seleccionar item - Mesa,200,OK,Ingreso-usuarios-muebles 1-1,text,true,,756,530,1,1,https://compumuebles-sabana-api.cyk.com.co/api/cart/items,116,0,0
1781565002996,168,Seleccionar item - Neo,200,OK,Ingreso-usuarios-muebles 1-1,text,true,,883,524,1,1,https://compumuebles-sabana-api.cyk.com.co/api/cart/items,168,0,0
1781565003164,152,Seleccionar item - Escritorio,200,OK,Ingreso-usuarios-muebles 1-1,text,true,,1016,529,1,1,https://compumuebles-sabana-api.cyk.com.co/api/cart/items,152,0,0
1781565003317,162,Crear orden,201,Created,Ingreso-usuarios-muebles 1-1,text,true,,776,532,1,1,https://compumuebles-sabana-api.cyk.com.co/api/orders,162,0,0
1781565003479,159,Autorizar pago,200,OK,Ingreso-usuarios-muebles 1-1,text,true,,1488,1223,1,1,https://compumuebles-sabana-api.cyk.com.co/api/payments/authorize,159,0,0
1781565003638,119,Vaciar carrito,200,OK,Ingreso-usuarios-muebles 1-1,text,true,,482,377,1,1,https://compumuebles-sabana-api.cyk.com.co/api/cart/b2296a29-4636-42c7-bba9-6417c950f445/items,119,0,0
1781565003758,380,Consultar ordenes,200,OK,Ingreso-usuarios-muebles 1-1,text,true,,123137,314,1,1,https://compumuebles-sabana-api.cyk.com.co/api/orders,363,0,0
1781565004139,697,Consultar pagos,200,OK,Ingreso-usuarios-muebles 1-1,text,true,,334267,316,1,1,https://compumuebles-sabana-api.cyk.com.co/api/payments,670,0,0
1781565004839,288,Ingreso Usuario,200,OK,Ingreso-usuarios-muebles 1-1,text,true,,538,408,1,1,https://compumuebles-sabana-api.cyk.com.co/api/auth/login,288,0,0
1781565005127,150,Seleccionar item - Sofa,200,OK,Ingreso-usuarios-muebles 1-1,text,true,,623,532,1,1,https://compumuebles-sabana-api.cyk.com.co/api/cart/items,150,0,0
1781565005277,159,Seleccionar item - Mesa,200,OK,Ingreso-usuarios-muebles 1-1,text,true,,756,530,1,1,https://compumuebles-sabana-api.cyk.com.co/api/cart/items,159,0,0
1781565005437,119,Seleccionar item - Neo,200,OK,Ingreso-usuarios-muebles 1-1,text,true,,883,524,1,1,https://compumuebles-sabana-api.cyk.com.co/api/cart/items,119,0,0
1781565005556,160,Seleccionar item - Escritorio,200,OK,Ingreso-usuarios-muebles 1-1,text,true,,1016,529,1,1,https://compumuebles-sabana-api.cyk.com.co/api/cart/items,160,0,0
1781565005716,168,Crear orden,201,Created,Ingreso-usuarios-muebles 1-1,text,true,,776,532,1,1,https://compumuebles-sabana-api.cyk.com.co/api/orders,168,0,0
1781565005885,135,Autorizar pago,200,OK,Ingreso-usuarios-muebles 1-1,text,true,,1488,1223,1,1,https://compumuebles-sabana-api.cyk.com.co/api/payments/authorize,135,0,0
1781565006021,128,Vaciar carrito,200,OK,Ingreso-usuarios-muebles 1-1,text,true,,482,377,1,1,https://compumuebles-sabana-api.cyk.com.co/api/cart/b2296a29-4636-42c7-bba9-6417c950f445/items,128,0,0
1781565006149,349,Consultar ordenes,200,OK,Ingreso-usuarios-muebles 1-1,text,true,,123550,314,1,1,https://compumuebles-sabana-api.cyk.com.co/api/orders,329,0,0
1781565006502,622,Consultar pagos,200,OK,Ingreso-usuarios-muebles 1-1,text,true,,335396,316,1,1,https://compumuebles-sabana-api.cyk.com.co/api/payments,577,0,0
1781565007129,315,Ingreso Usuario,200,OK,Ingreso-usuarios-muebles 1-1,text,true,,538,408,1,1,https://compumuebles-sabana-api.cyk.com.co/api/auth/login,315,0,0
1781565007444,161,Seleccionar item - Sofa,200,OK,Ingreso-usuarios-muebles 1-1,text,true,,623,532,1,1,https://compumuebles-sabana-api.cyk.com.co/api/cart/items,161,0,0
1781565007606,152,Seleccionar item - Mesa,200,OK,Ingreso-usuarios-muebles 1-1,text,true,,756,530,1,1,https://compumuebles-sabana-api.cyk.com.co/api/cart/items,152,0,0
1781565007759,119,Seleccionar item - Neo,200,OK,Ingreso-usuarios-muebles 1-1,text,true,,883,524,1,1,https://compumuebles-sabana-api.cyk.com.co/api/cart/items,119,0,0
1781565007878,120,Seleccionar item - Escritorio,200,OK,Ingreso-usuarios-muebles 1-1,text,true,,1016,529,1,1,https://compumuebles-sabana-api.cyk.com.co/api/cart/items,120,0,0
1781565007998,119,Crear orden,201,Created,Ingreso-usuarios-muebles 1-1,text,true,,776,532,1,1,https://compumuebles-sabana-api.cyk.com.co/api/orders,119,0,0
1781565008117,123,Autorizar pago,200,OK,Ingreso-usuarios-muebles 1-1,text,true,,1488,1223,1,1,https://compumuebles-sabana-api.cyk.com.co/api/payments/authorize,123,0,0
1781565008240,141,Vaciar carrito,200,OK,Ingreso-usuarios-muebles 1-1,text,true,,482,377,1,1,https://compumuebles-sabana-api.cyk.com.co/api/cart/b2296a29-4636-42c7-bba9-6417c950f445/items,141,0,0
1781565008381,366,Consultar ordenes,200,OK,Ingreso-usuarios-muebles 1-1,text,true,,123963,314,1,1,https://compumuebles-sabana-api.cyk.com.co/api/orders,332,0,0
1781565008749,707,Consultar pagos,200,OK,Ingreso-usuarios-muebles 1-1,text,true,,336525,316,1,1,https://compumuebles-sabana-api.cyk.com.co/api/payments,611,0,0
1781565009459,298,Ingreso Usuario,200,OK,Ingreso-usuarios-muebles 1-1,text,true,,538,408,1,1,https://compumuebles-sabana-api.cyk.com.co/api/auth/login,298,0,0
1781565009757,160,Seleccionar item - Sofa,200,OK,Ingreso-usuarios-muebles 1-1,text,true,,623,532,1,1,https://compumuebles-sabana-api.cyk.com.co/api/cart/items,160,0,0
1781565009917,124,Seleccionar item - Mesa,200,OK,Ingreso-usuarios-muebles 1-1,text,true,,756,530,1,1,https://compumuebles-sabana-api.cyk.com.co/api/cart/items,124,0,0
1781565010041,155,Seleccionar item - Neo,200,OK,Ingreso-usuarios-muebles 1-1,text,true,,883,524,1,1,https://compumuebles-sabana-api.cyk.com.co/api/cart/items,155,0,0
1781565010196,130,Seleccionar item - Escritorio,200,OK,Ingreso-usuarios-muebles 1-1,text,true,,1016,529,1,1,https://compumuebles-sabana-api.cyk.com.co/api/cart/items,130,0,0
1781565010327,150,Crear orden,201,Created,Ingreso-usuarios-muebles 1-1,text,true,,776,532,1,1,https://compumuebles-sabana-api.cyk.com.co/api/orders,150,0,0
1781565010477,160,Autorizar pago,200,OK,Ingreso-usuarios-muebles 1-1,text,true,,1488,1223,1,1,https://compumuebles-sabana-api.cyk.com.co/api/payments/authorize,160,0,0
1781565010638,126,Vaciar carrito,200,OK,Ingreso-usuarios-muebles 1-1,text,true,,482,377,1,1,https://compumuebles-sabana-api.cyk.com.co/api/cart/b2296a29-4636-42c7-bba9-6417c950f445/items,126,0,0
1781565010764,346,Consultar ordenes,200,OK,Ingreso-usuarios-muebles 1-1,text,true,,124376,314,1,1,https://compumuebles-sabana-api.cyk.com.co/api/orders,319,0,0
1781565011111,671,Consultar pagos,200,OK,Ingreso-usuarios-muebles 1-1,text,true,,337654,316,1,1,https://compumuebles-sabana-api.cyk.com.co/api/payments,579,0,0
1781565011784,292,Ingreso Usuario,200,OK,Ingreso-usuarios-muebles 1-1,text,true,,538,408,1,1,https://compumuebles-sabana-api.cyk.com.co/api/auth/login,292,0,0
1781565012076,162,Seleccionar item - Sofa,200,OK,Ingreso-usuarios-muebles 1-1,text,true,,623,532,1,1,https://compumuebles-sabana-api.cyk.com.co/api/cart/items,162,0,0
1781565012238,159,Seleccionar item - Mesa,200,OK,Ingreso-usuarios-muebles 1-1,text,true,,756,530,1,1,https://compumuebles-sabana-api.cyk.com.co/api/cart/items,159,0,0
1781565012398,119,Seleccionar item - Neo,200,OK,Ingreso-usuarios-muebles 1-1,text,true,,883,524,1,1,https://compumuebles-sabana-api.cyk.com.co/api/cart/items,119,0,0
1781565012517,160,Seleccionar item - Escritorio,200,OK,Ingreso-usuarios-muebles 1-1,text,true,,1016,529,1,1,https://compumuebles-sabana-api.cyk.com.co/api/cart/items,160,0,0
1781565012677,159,Crear orden,201,Created,Ingreso-usuarios-muebles 1-1,text,true,,776,532,1,1,https://compumuebles-sabana-api.cyk.com.co/api/orders,159,0,0
1781565012836,126,Autorizar pago,200,OK,Ingreso-usuarios-muebles 1-1,text,true,,1488,1223,1,1,https://compumuebles-sabana-api.cyk.com.co/api/payments/authorize,126,0,0
1781565012962,156,Vaciar carrito,200,OK,Ingreso-usuarios-muebles 1-1,text,true,,482,377,1,1,https://compumuebles-sabana-api.cyk.com.co/api/cart/b2296a29-4636-42c7-bba9-6417c950f445/items,156,0,0
1781565013118,390,Consultar ordenes,200,OK,Ingreso-usuarios-muebles 1-1,text,true,,124789,314,1,1,https://compumuebles-sabana-api.cyk.com.co/api/orders,370,0,0
1781565013510,857,Consultar pagos,200,OK,Ingreso-usuarios-muebles 1-1,text,true,,338783,316,1,1,https://compumuebles-sabana-api.cyk.com.co/api/payments,775,0,0
1781565014368,307,Ingreso Usuario,200,OK,Ingreso-usuarios-muebles 1-1,text,true,,538,408,1,1,https://compumuebles-sabana-api.cyk.com.co/api/auth/login,307,0,0
1781565014676,120,Seleccionar item - Sofa,200,OK,Ingreso-usuarios-muebles 1-1,text,true,,623,532,1,1,https://compumuebles-sabana-api.cyk.com.co/api/cart/items,120,0,0
1781565014797,160,Seleccionar item - Mesa,200,OK,Ingreso-usuarios-muebles 1-1,text,true,,756,530,1,1,https://compumuebles-sabana-api.cyk.com.co/api/cart/items,160,0,0
1781565014957,120,Seleccionar item - Neo,200,OK,Ingreso-usuarios-muebles 1-1,text,true,,883,524,1,1,https://compumuebles-sabana-api.cyk.com.co/api/cart/items,120,0,0
1781565015078,126,Seleccionar item - Escritorio,200,OK,Ingreso-usuarios-muebles 1-1,text,true,,1016,529,1,1,https://compumuebles-sabana-api.cyk.com.co/api/cart/items,126,0,0
1781565015204,152,Crear orden,201,Created,Ingreso-usuarios-muebles 1-1,text,true,,776,532,1,1,https://compumuebles-sabana-api.cyk.com.co/api/orders,152,0,0
1781565015356,126,Autorizar pago,200,OK,Ingreso-usuarios-muebles 1-1,text,true,,1488,1223,1,1,https://compumuebles-sabana-api.cyk.com.co/api/payments/authorize,126,0,0
1781565015483,123,Vaciar carrito,200,OK,Ingreso-usuarios-muebles 1-1,text,true,,482,377,1,1,https://compumuebles-sabana-api.cyk.com.co/api/cart/b2296a29-4636-42c7-bba9-6417c950f445/items,123,0,0
1781565015607,406,Consultar ordenes,200,OK,Ingreso-usuarios-muebles 1-1,text,true,,125202,314,1,1,https://compumuebles-sabana-api.cyk.com.co/api/orders,404,0,0
1781565016014,712,Consultar pagos,200,OK,Ingreso-usuarios-muebles 1-1,text,true,,339912,316,1,1,https://compumuebles-sabana-api.cyk.com.co/api/payments,596,0,0
1781565016729,269,Ingreso Usuario,200,OK,Ingreso-usuarios-muebles 1-1,text,true,,538,408,1,1,https://compumuebles-sabana-api.cyk.com.co/api/auth/login,269,0,0
1781565016999,117,Seleccionar item - Sofa,200,OK,Ingreso-usuarios-muebles 1-1,text,true,,623,532,1,1,https://compumuebles-sabana-api.cyk.com.co/api/cart/items,117,0,0
1781565017116,161,Seleccionar item - Mesa,200,OK,Ingreso-usuarios-muebles 1-1,text,true,,756,530,1,1,https://compumuebles-sabana-api.cyk.com.co/api/cart/items,161,0,0
1781565017277,159,Seleccionar item - Neo,200,OK,Ingreso-usuarios-muebles 1-1,text,true,,883,524,1,1,https://compumuebles-sabana-api.cyk.com.co/api/cart/items,159,0,0
1781565017437,128,Seleccionar item - Escritorio,200,OK,Ingreso-usuarios-muebles 1-1,text,true,,1016,529,1,1,https://compumuebles-sabana-api.cyk.com.co/api/cart/items,128,0,0
1781565017565,151,Crear orden,201,Created,Ingreso-usuarios-muebles 1-1,text,true,,776,532,1,1,https://compumuebles-sabana-api.cyk.com.co/api/orders,151,0,0
1781565017716,159,Autorizar pago,200,OK,Ingreso-usuarios-muebles 1-1,text,true,,1488,1223,1,1,https://compumuebles-sabana-api.cyk.com.co/api/payments/authorize,159,0,0
1781565017876,123,Vaciar carrito,200,OK,Ingreso-usuarios-muebles 1-1,text,true,,482,377,1,1,https://compumuebles-sabana-api.cyk.com.co/api/cart/b2296a29-4636-42c7-bba9-6417c950f445/items,123,0,0
1781565018000,380,Consultar ordenes,200,OK,Ingreso-usuarios-muebles 1-1,text,true,,125615,314,1,1,https://compumuebles-sabana-api.cyk.com.co/api/orders,366,0,0
1781565018381,681,Consultar pagos,200,OK,Ingreso-usuarios-muebles 1-1,text,true,,341041,316,1,1,https://compumuebles-sabana-api.cyk.com.co/api/payments,614,0,0
1781565019064,293,Ingreso Usuario,200,OK,Ingreso-usuarios-muebles 1-1,text,true,,538,408,1,1,https://compumuebles-sabana-api.cyk.com.co/api/auth/login,293,0,0
1781565019359,157,Seleccionar item - Sofa,200,OK,Ingreso-usuarios-muebles 1-1,text,true,,623,532,1,1,https://compumuebles-sabana-api.cyk.com.co/api/cart/items,157,0,0
1781565019516,120,Seleccionar item - Mesa,200,OK,Ingreso-usuarios-muebles 1-1,text,true,,756,530,1,1,https://compumuebles-sabana-api.cyk.com.co/api/cart/items,120,0,0
1781565019636,120,Seleccionar item - Neo,200,OK,Ingreso-usuarios-muebles 1-1,text,true,,883,524,1,1,https://compumuebles-sabana-api.cyk.com.co/api/cart/items,120,0,0
1781565019756,122,Seleccionar item - Escritorio,200,OK,Ingreso-usuarios-muebles 1-1,text,true,,1016,529,1,1,https://compumuebles-sabana-api.cyk.com.co/api/cart/items,122,0,0
1781565019879,119,Crear orden,201,Created,Ingreso-usuarios-muebles 1-1,text,true,,776,532,1,1,https://compumuebles-sabana-api.cyk.com.co/api/orders,119,0,0
1781565019998,119,Autorizar pago,200,OK,Ingreso-usuarios-muebles 1-1,text,true,,1488,1223,1,1,https://compumuebles-sabana-api.cyk.com.co/api/payments/authorize,119,0,0
1781565020117,160,Vaciar carrito,200,OK,Ingreso-usuarios-muebles 1-1,text,true,,482,377,1,1,https://compumuebles-sabana-api.cyk.com.co/api/cart/b2296a29-4636-42c7-bba9-6417c950f445/items,160,0,0
1781565020277,380,Consultar ordenes,200,OK,Ingreso-usuarios-muebles 1-1,text,true,,126028,314,1,1,https://compumuebles-sabana-api.cyk.com.co/api/orders,369,0,0
1781565020658,627,Consultar pagos,200,OK,Ingreso-usuarios-muebles 1-1,text,true,,342170,316,1,1,https://compumuebles-sabana-api.cyk.com.co/api/payments,590,0,0
1781565021287,282,Ingreso Usuario,200,OK,Ingreso-usuarios-muebles 1-1,text,true,,538,408,1,1,https://compumuebles-sabana-api.cyk.com.co/api/auth/login,282,0,0
1781565021569,147,Seleccionar item - Sofa,200,OK,Ingreso-usuarios-muebles 1-1,text,true,,623,532,1,1,https://compumuebles-sabana-api.cyk.com.co/api/cart/items,147,0,0
1781565021716,160,Seleccionar item - Mesa,200,OK,Ingreso-usuarios-muebles 1-1,text,true,,756,530,1,1,https://compumuebles-sabana-api.cyk.com.co/api/cart/items,160,0,0
1781565021876,160,Seleccionar item - Neo,200,OK,Ingreso-usuarios-muebles 1-1,text,true,,883,524,1,1,https://compumuebles-sabana-api.cyk.com.co/api/cart/items,160,0,0
1781565022037,127,Seleccionar item - Escritorio,200,OK,Ingreso-usuarios-muebles 1-1,text,true,,1016,529,1,1,https://compumuebles-sabana-api.cyk.com.co/api/cart/items,127,0,0
1781565022165,133,Crear orden,201,Created,Ingreso-usuarios-muebles 1-1,text,true,,776,532,1,1,https://compumuebles-sabana-api.cyk.com.co/api/orders,133,0,0
1781565022299,132,Autorizar pago,200,OK,Ingreso-usuarios-muebles 1-1,text,true,,1487,1223,1,1,https://compumuebles-sabana-api.cyk.com.co/api/payments/authorize,132,0,0
1781565022431,131,Vaciar carrito,200,OK,Ingreso-usuarios-muebles 1-1,text,true,,482,377,1,1,https://compumuebles-sabana-api.cyk.com.co/api/cart/b2296a29-4636-42c7-bba9-6417c950f445/items,131,0,0
1781565022562,367,Consultar ordenes,200,OK,Ingreso-usuarios-muebles 1-1,text,true,,126441,314,1,1,https://compumuebles-sabana-api.cyk.com.co/api/orders,340,0,0
1781565022930,762,Consultar pagos,200,OK,Ingreso-usuarios-muebles 1-1,text,true,,343298,316,1,1,https://compumuebles-sabana-api.cyk.com.co/api/payments,676,0,0
