timeStamp,elapsed,label,responseCode,responseMessage,threadName,dataType,success,failureMessage,bytes,sentBytes,grpThreads,allThreads,URL,Latency,IdleTime,Connect
1781509197805,820,Ingreso Usuario,200,OK,Ingreso-usuarios-muebles 1-1,text,true,,538,336,83,83,https://compumuebles-sabana-api.cyk.com.co/api/auth/login,820,0,208
1781509197864,4407,Ingreso Usuario,200,OK,Ingreso-usuarios-muebles 1-6,text,true,,538,336,200,200,https://compumuebles-sabana-api.cyk.com.co/api/auth/login,4407,0,174
1781509197880,4393,Ingreso Usuario,200,OK,Ingreso-usuarios-muebles 1-8,text,true,,538,336,200,200,https://compumuebles-sabana-api.cyk.com.co/api/auth/login,4393,0,205
1781509197818,4455,Ingreso Usuario,200,OK,Ingreso-usuarios-muebles 1-2,text,true,,538,336,200,200,https://compumuebles-sabana-api.cyk.com.co/api/auth/login,4455,0,197
1781509197957,4319,Ingreso Usuario,200,OK,Ingreso-usuarios-muebles 1-16,text,true,,538,336,200,200,https://compumuebles-sabana-api.cyk.com.co/api/auth/login,4319,0,163
1781509197972,4305,Ingreso Usuario,200,OK,Ingreso-usuarios-muebles 1-17,text,true,,538,336,200,200,https://compumuebles-sabana-api.cyk.com.co/api/auth/login,4304,0,202
1781509198047,4231,Ingreso Usuario,200,OK,Ingreso-usuarios-muebles 1-24,text,true,,538,336,200,200,https://compumuebles-sabana-api.cyk.com.co/api/auth/login,4231,0,173
1781509198004,4274,Ingreso Usuario,200,OK,Ingreso-usuarios-muebles 1-20,text,true,,538,336,200,200,https://compumuebles-sabana-api.cyk.com.co/api/auth/login,4274,0,176
1781509198093,4187,Ingreso Usuario,200,OK,Ingreso-usuarios-muebles 1-30,text,true,,538,336,200,200,https://compumuebles-sabana-api.cyk.com.co/api/auth/login,4187,0,185
1781509198154,4130,Ingreso Usuario,200,OK,Ingreso-usuarios-muebles 1-36,text,true,,538,336,200,200,https://compumuebles-sabana-api.cyk.com.co/api/auth/login,4130,0,218
1781509198199,4086,Ingreso Usuario,200,OK,Ingreso-usuarios-muebles 1-40,text,true,,538,336,200,200,https://compumuebles-sabana-api.cyk.com.co/api/auth/login,4086,0,174
1781509198214,4072,Ingreso Usuario,200,OK,Ingreso-usuarios-muebles 1-41,text,true,,538,336,200,200,https://compumuebles-sabana-api.cyk.com.co/api/auth/login,4072,0,174
1781509198244,4043,Ingreso Usuario,200,OK,Ingreso-usuarios-muebles 1-43,text,true,,538,336,200,200,https://compumuebles-sabana-api.cyk.com.co/api/auth/login,4043,0,227
1781509197833,4455,Ingreso Usuario,200,OK,Ingreso-usuarios-muebles 1-3,text,true,,538,336,200,200,https://compumuebles-sabana-api.cyk.com.co/api/auth/login,4455,0,184
1781509197895,4397,Ingreso Usuario,200,OK,Ingreso-usuarios-muebles 1-10,text,true,,538,336,200,200,https://compumuebles-sabana-api.cyk.com.co/api/auth/login,4397,0,187
1781509197925,4368,Ingreso Usuario,200,OK,Ingreso-usuarios-muebles 1-12,text,true,,538,336,200,200,https://compumuebles-sabana-api.cyk.com.co/api/auth/login,4368,0,181
1781509197940,4357,Ingreso Usuario,200,OK,Ingreso-usuarios-muebles 1-14,text,true,,538,336,200,200,https://compumuebles-sabana-api.cyk.com.co/api/auth/login,4357,0,176
1781509198018,4284,Ingreso Usuario,200,OK,Ingreso-usuarios-muebles 1-21,text,true,,538,336,200,200,https://compumuebles-sabana-api.cyk.com.co/api/auth/login,4284,0,171
1781509198047,4259,Ingreso Usuario,200,OK,Ingreso-usuarios-muebles 1-25,text,true,,538,336,200,200,https://compumuebles-sabana-api.cyk.com.co/api/auth/login,4259,0,167
1781509198093,4216,Ingreso Usuario,200,OK,Ingreso-usuarios-muebles 1-29,text,true,,538,336,200,200,https://compumuebles-sabana-api.cyk.com.co/api/auth/login,4216,0,169
1781509198123,4187,Ingreso Usuario,200,OK,Ingreso-usuarios-muebles 1-33,text,true,,538,336,200,200,https://compumuebles-sabana-api.cyk.com.co/api/auth/login,4187,0,186
1781509198138,4173,Ingreso Usuario,200,OK,Ingreso-usuarios-muebles 1-34,text,true,,538,336,200,200,https://compumuebles-sabana-api.cyk.com.co/api/auth/login,4173,0,182
1781509197849,4462,Ingreso Usuario,200,OK,Ingreso-usuarios-muebles 1-5,text,true,,538,336,200,200,https://compumuebles-sabana-api.cyk.com.co/api/auth/login,4462,0,195
1781509198184,4129,Ingreso Usuario,200,OK,Ingreso-usuarios-muebles 1-38,text,true,,538,336,200,200,https://compumuebles-sabana-api.cyk.com.co/api/auth/login,4129,0,188
1781509197833,4480,Ingreso Usuario,200,OK,Ingreso-usuarios-muebles 1-4,text,true,,538,336,200,200,https://compumuebles-sabana-api.cyk.com.co/api/auth/login,4480,0,183
1781509198259,4054,Ingreso Usuario,200,OK,Ingreso-usuarios-muebles 1-45,text,true,,538,336,200,200,https://compumuebles-sabana-api.cyk.com.co/api/auth/login,4054,0,220
1781509197910,4403,Ingreso Usuario,200,OK,Ingreso-usuarios-muebles 1-11,text,true,,538,336,200,200,https://compumuebles-sabana-api.cyk.com.co/api/auth/login,4403,0,179
1781509197957,4358,Ingreso Usuario,200,OK,Ingreso-usuarios-muebles 1-15,text,true,,538,336,200,200,https://compumuebles-sabana-api.cyk.com.co/api/auth/login,4358,0,161
1781509197987,4329,Ingreso Usuario,200,OK,Ingreso-usuarios-muebles 1-18,text,true,,538,336,200,200,https://compumuebles-sabana-api.cyk.com.co/api/auth/login,4329,0,187
1781509198032,4286,Ingreso Usuario,200,OK,Ingreso-usuarios-muebles 1-23,text,true,,538,336,200,200,https://compumuebles-sabana-api.cyk.com.co/api/auth/login,4286,0,171
1781509198078,4242,Ingreso Usuario,200,OK,Ingreso-usuarios-muebles 1-28,text,true,,538,336,200,200,https://compumuebles-sabana-api.cyk.com.co/api/auth/login,4242,0,162
1781509198155,4171,Ingreso Usuario,200,OK,Ingreso-usuarios-muebles 1-35,text,true,,538,336,200,200,https://compumuebles-sabana-api.cyk.com.co/api/auth/login,4171,0,215
1781509198108,4218,Ingreso Usuario,200,OK,Ingreso-usuarios-muebles 1-31,text,true,,538,336,200,200,https://compumuebles-sabana-api.cyk.com.co/api/auth/login,4218,0,178
1781509198169,4160,Ingreso Usuario,200,OK,Ingreso-usuarios-muebles 1-37,text,true,,538,336,200,200,https://compumuebles-sabana-api.cyk.com.co/api/auth/login,4160,0,204
1781509198253,4076,Ingreso Usuario,200,OK,Ingreso-usuarios-muebles 1-46,text,true,,538,336,200,200,https://compumuebles-sabana-api.cyk.com.co/api/auth/login,4076,0,225
1781509197864,4466,Ingreso Usuario,200,OK,Ingreso-usuarios-muebles 1-7,text,true,,538,336,200,200,https://compumuebles-sabana-api.cyk.com.co/api/auth/login,4466,0,176
1781509197895,4439,Ingreso Usuario,200,OK,Ingreso-usuarios-muebles 1-9,text,true,,538,336,200,200,https://compumuebles-sabana-api.cyk.com.co/api/auth/login,4439,0,188
1781509197925,4411,Ingreso Usuario,200,OK,Ingreso-usuarios-muebles 1-13,text,true,,538,336,200,200,https://compumuebles-sabana-api.cyk.com.co/api/auth/login,4411,0,192
1781509197987,4351,Ingreso Usuario,200,OK,Ingreso-usuarios-muebles 1-19,text,true,,538,336,200,200,https://compumuebles-sabana-api.cyk.com.co/api/auth/login,4351,0,183
1781509198018,4322,Ingreso Usuario,200,OK,Ingreso-usuarios-muebles 1-22,text,true,,538,336,200,200,https://compumuebles-sabana-api.cyk.com.co/api/auth/login,4322,0,173
1781509198062,4280,Ingreso Usuario,200,OK,Ingreso-usuarios-muebles 1-26,text,true,,538,336,200,200,https://compumuebles-sabana-api.cyk.com.co/api/auth/login,4280,0,165
1781509198078,4264,Ingreso Usuario,200,OK,Ingreso-usuarios-muebles 1-27,text,true,,538,336,200,200,https://compumuebles-sabana-api.cyk.com.co/api/auth/login,4264,0,202
1781509198123,4223,Ingreso Usuario,200,OK,Ingreso-usuarios-muebles 1-32,text,true,,538,336,200,200,https://compumuebles-sabana-api.cyk.com.co/api/auth/login,4223,0,187
1781509198184,4165,Ingreso Usuario,200,OK,Ingreso-usuarios-muebles 1-39,text,true,,538,336,200,200,https://compumuebles-sabana-api.cyk.com.co/api/auth/login,4165,0,188
1781509198214,4143,Ingreso Usuario,200,OK,Ingreso-usuarios-muebles 1-42,text,true,,538,336,200,200,https://compumuebles-sabana-api.cyk.com.co/api/auth/login,4143,0,175
1781509198274,4090,Ingreso Usuario,200,OK,Ingreso-usuarios-muebles 1-48,text,true,,538,336,200,200,https://compumuebles-sabana-api.cyk.com.co/api/auth/login,4090,0,206
1781509198245,14817,Ingreso Usuario,200,OK,Ingreso-usuarios-muebles 1-44,text,true,,538,336,200,200,https://compumuebles-sabana-api.cyk.com.co/api/auth/login,14817,0,230
1781509198363,14706,Ingreso Usuario,200,OK,Ingreso-usuarios-muebles 1-57,text,true,,538,336,200,200,https://compumuebles-sabana-api.cyk.com.co/api/auth/login,14706,0,192
1781509198345,14729,Ingreso Usuario,200,OK,Ingreso-usuarios-muebles 1-55,text,true,,538,336,200,200,https://compumuebles-sabana-api.cyk.com.co/api/auth/login,14729,0,210
1781509198403,14677,Ingreso Usuario,200,OK,Ingreso-usuarios-muebles 1-61,text,true,,538,336,200,200,https://compumuebles-sabana-api.cyk.com.co/api/auth/login,14677,0,179
1781509198423,14660,Ingreso Usuario,200,OK,Ingreso-usuarios-muebles 1-63,text,true,,538,336,200,200,https://compumuebles-sabana-api.cyk.com.co/api/auth/login,14660,0,207
1781509198493,14594,Ingreso Usuario,200,OK,Ingreso-usuarios-muebles 1-70,text,true,,538,336,200,200,https://compumuebles-sabana-api.cyk.com.co/api/auth/login,14594,0,167
1781509198543,14544,Ingreso Usuario,200,OK,Ingreso-usuarios-muebles 1-75,text,true,,538,336,200,200,https://compumuebles-sabana-api.cyk.com.co/api/auth/login,14544,0,158
1781509198553,14536,Ingreso Usuario,200,OK,Ingreso-usuarios-muebles 1-76,text,true,,538,336,200,200,https://compumuebles-sabana-api.cyk.com.co/api/auth/login,14536,0,162
1781509198603,14491,Ingreso Usuario,200,OK,Ingreso-usuarios-muebles 1-81,text,true,,538,336,200,200,https://compumuebles-sabana-api.cyk.com.co/api/auth/login,14491,0,176
1781509198634,14462,Ingreso Usuario,200,OK,Ingreso-usuarios-muebles 1-84,text,true,,538,336,200,200,https://compumuebles-sabana-api.cyk.com.co/api/auth/login,14462,0,162
1781509198672,14428,Ingreso Usuario,200,OK,Ingreso-usuarios-muebles 1-88,text,true,,538,336,200,200,https://compumuebles-sabana-api.cyk.com.co/api/auth/login,14428,0,165
1781509198753,14349,Ingreso Usuario,200,OK,Ingreso-usuarios-muebles 1-96,text,true,,538,336,200,200,https://compumuebles-sabana-api.cyk.com.co/api/auth/login,14349,0,161
1781509198703,14400,Ingreso Usuario,200,OK,Ingreso-usuarios-muebles 1-91,text,true,,538,336,200,200,https://compumuebles-sabana-api.cyk.com.co/api/auth/login,14400,0,177
1781509198834,14274,Ingreso Usuario,200,OK,Ingreso-usuarios-muebles 1-104,text,true,,538,336,200,200,https://compumuebles-sabana-api.cyk.com.co/api/auth/login,14274,0,170
1781509198803,14306,Ingreso Usuario,200,OK,Ingreso-usuarios-muebles 1-101,text,true,,538,336,200,200,https://compumuebles-sabana-api.cyk.com.co/api/auth/login,14306,0,161
1781509198873,14237,Ingreso Usuario,200,OK,Ingreso-usuarios-muebles 1-108,text,true,,538,336,200,200,https://compumuebles-sabana-api.cyk.com.co/api/auth/login,14237,0,173
1781509198914,14198,Ingreso Usuario,200,OK,Ingreso-usuarios-muebles 1-112,text,true,,538,336,200,200,https://compumuebles-sabana-api.cyk.com.co/api/auth/login,14198,0,162
1781509198934,14183,Ingreso Usuario,200,OK,Ingreso-usuarios-muebles 1-114,text,true,,538,336,200,200,https://compumuebles-sabana-api.cyk.com.co/api/auth/login,14183,0,189
1781509198994,14127,Ingreso Usuario,200,OK,Ingreso-usuarios-muebles 1-120,text,true,,538,336,200,200,https://compumuebles-sabana-api.cyk.com.co/api/auth/login,14127,0,163
1781509199035,14088,Ingreso Usuario,200,OK,Ingreso-usuarios-muebles 1-124,text,true,,538,336,200,200,https://compumuebles-sabana-api.cyk.com.co/api/auth/login,14088,0,176
1781509199073,14054,Ingreso Usuario,200,OK,Ingreso-usuarios-muebles 1-128,text,true,,538,336,200,200,https://compumuebles-sabana-api.cyk.com.co/api/auth/login,14054,0,174
1781509199114,14014,Ingreso Usuario,200,OK,Ingreso-usuarios-muebles 1-132,text,true,,538,336,200,200,https://compumuebles-sabana-api.cyk.com.co/api/auth/login,14014,0,166
1781509199153,13976,Ingreso Usuario,200,OK,Ingreso-usuarios-muebles 1-136,text,true,,538,336,200,200,https://compumuebles-sabana-api.cyk.com.co/api/auth/login,13976,0,167
1781509199195,13936,Ingreso Usuario,200,OK,Ingreso-usuarios-muebles 1-140,text,true,,538,336,200,200,https://compumuebles-sabana-api.cyk.com.co/api/auth/login,13936,0,167
1781509199244,13890,Ingreso Usuario,200,OK,Ingreso-usuarios-muebles 1-145,text,true,,538,336,200,200,https://compumuebles-sabana-api.cyk.com.co/api/auth/login,13890,0,162
1781509199264,13875,Ingreso Usuario,200,OK,Ingreso-usuarios-muebles 1-147,text,true,,538,336,200,200,https://compumuebles-sabana-api.cyk.com.co/api/auth/login,13875,0,185
1781509199303,13844,Ingreso Usuario,200,OK,Ingreso-usuarios-muebles 1-151,text,true,,538,336,200,200,https://compumuebles-sabana-api.cyk.com.co/api/auth/login,13844,0,202
1781509199343,13807,Ingreso Usuario,200,OK,Ingreso-usuarios-muebles 1-155,text,true,,538,336,200,200,https://compumuebles-sabana-api.cyk.com.co/api/auth/login,13807,0,182
1781509199413,13747,Ingreso Usuario,200,OK,Ingreso-usuarios-muebles 1-162,text,true,,538,336,200,200,https://compumuebles-sabana-api.cyk.com.co/api/auth/login,13747,0,160
1781509199464,13702,Ingreso Usuario,200,OK,Ingreso-usuarios-muebles 1-167,text,true,,538,336,200,200,https://compumuebles-sabana-api.cyk.com.co/api/auth/login,13702,0,180
1781509199434,13732,Ingreso Usuario,200,OK,Ingreso-usuarios-muebles 1-164,text,true,,538,336,200,200,https://compumuebles-sabana-api.cyk.com.co/api/auth/login,13732,0,172
1781509199594,13589,Ingreso Usuario,200,OK,Ingreso-usuarios-muebles 1-180,text,true,,538,336,200,200,https://compumuebles-sabana-api.cyk.com.co/api/auth/login,13589,0,166
1781509199505,13678,Ingreso Usuario,200,OK,Ingreso-usuarios-muebles 1-171,text,true,,538,336,200,200,https://compumuebles-sabana-api.cyk.com.co/api/auth/login,13678,0,168
1781509199674,13510,Ingreso Usuario,200,OK,Ingreso-usuarios-muebles 1-188,text,true,,538,336,200,200,https://compumuebles-sabana-api.cyk.com.co/api/auth/login,13510,0,173
1781509199634,13550,Ingreso Usuario,200,OK,Ingreso-usuarios-muebles 1-184,text,true,,538,336,200,200,https://compumuebles-sabana-api.cyk.com.co/api/auth/login,13550,0,193
1781509199543,13641,Ingreso Usuario,200,OK,Ingreso-usuarios-muebles 1-175,text,true,,538,336,200,200,https://compumuebles-sabana-api.cyk.com.co/api/auth/login,13641,0,173
1781509199703,13500,Ingreso Usuario,200,OK,Ingreso-usuarios-muebles 1-191,text,true,,538,336,200,200,https://compumuebles-sabana-api.cyk.com.co/api/auth/login,13500,0,170
1781509199744,13460,Ingreso Usuario,200,OK,Ingreso-usuarios-muebles 1-195,text,true,,538,336,200,200,https://compumuebles-sabana-api.cyk.com.co/api/auth/login,13460,0,171
1781509198263,14942,Ingreso Usuario,200,OK,Ingreso-usuarios-muebles 1-47,text,true,,538,336,200,200,https://compumuebles-sabana-api.cyk.com.co/api/auth/login,14942,0,218
1781509198295,14922,Ingreso Usuario,200,OK,Ingreso-usuarios-muebles 1-50,text,true,,538,336,200,200,https://compumuebles-sabana-api.cyk.com.co/api/auth/login,14922,0,188
1781509198393,14826,Ingreso Usuario,200,OK,Ingreso-usuarios-muebles 1-60,text,true,,538,336,200,200,https://compumuebles-sabana-api.cyk.com.co/api/auth/login,14826,0,175
1781509198373,14846,Ingreso Usuario,200,OK,Ingreso-usuarios-muebles 1-58,text,true,,538,336,200,200,https://compumuebles-sabana-api.cyk.com.co/api/auth/login,14846,0,182
1781509198434,14790,Ingreso Usuario,200,OK,Ingreso-usuarios-muebles 1-64,text,true,,538,336,200,200,https://compumuebles-sabana-api.cyk.com.co/api/auth/login,14790,0,195
1781509198463,14773,Ingreso Usuario,200,OK,Ingreso-usuarios-muebles 1-67,text,true,,538,336,200,200,https://compumuebles-sabana-api.cyk.com.co/api/auth/login,14773,0,180
1781509198504,14732,Ingreso Usuario,200,OK,Ingreso-usuarios-muebles 1-71,text,true,,538,336,200,200,https://compumuebles-sabana-api.cyk.com.co/api/auth/login,14732,0,193
1781509198533,14704,Ingreso Usuario,200,OK,Ingreso-usuarios-muebles 1-74,text,true,,538,336,200,200,https://compumuebles-sabana-api.cyk.com.co/api/auth/login,14704,0,172
1781509198582,14656,Ingreso Usuario,200,OK,Ingreso-usuarios-muebles 1-79,text,true,,538,336,200,200,https://compumuebles-sabana-api.cyk.com.co/api/auth/login,14656,0,165
1781509198612,14628,Ingreso Usuario,200,OK,Ingreso-usuarios-muebles 1-82,text,true,,538,336,200,200,https://compumuebles-sabana-api.cyk.com.co/api/auth/login,14628,0,170
1781509198714,14531,Ingreso Usuario,200,OK,Ingreso-usuarios-muebles 1-92,text,true,,538,336,200,200,https://compumuebles-sabana-api.cyk.com.co/api/auth/login,14531,0,169
1781509198663,14582,Ingreso Usuario,200,OK,Ingreso-usuarios-muebles 1-87,text,true,,538,336,200,200,https://compumuebles-sabana-api.cyk.com.co/api/auth/login,14582,0,160
1781509198744,14504,Ingreso Usuario,200,OK,Ingreso-usuarios-muebles 1-95,text,true,,538,336,200,200,https://compumuebles-sabana-api.cyk.com.co/api/auth/login,14504,0,168
1781509198829,14424,Ingreso Usuario,200,OK,Ingreso-usuarios-muebles 1-103,text,true,,538,336,200,200,https://compumuebles-sabana-api.cyk.com.co/api/auth/login,14424,0,175
1781509198863,14391,Ingreso Usuario,200,OK,Ingreso-usuarios-muebles 1-107,text,true,,538,336,200,200,https://compumuebles-sabana-api.cyk.com.co/api/auth/login,14391,0,169
1781509198793,14461,Ingreso Usuario,200,OK,Ingreso-usuarios-muebles 1-100,text,true,,538,336,200,200,https://compumuebles-sabana-api.cyk.com.co/api/auth/login,14461,0,163
1781509198903,14351,Ingreso Usuario,200,OK,Ingreso-usuarios-muebles 1-111,text,true,,538,336,200,200,https://compumuebles-sabana-api.cyk.com.co/api/auth/login,14351,0,173
1781509198973,14283,Ingreso Usuario,200,OK,Ingreso-usuarios-muebles 1-118,text,true,,538,336,200,200,https://compumuebles-sabana-api.cyk.com.co/api/auth/login,14283,0,175
1781509199024,14234,Ingreso Usuario,200,OK,Ingreso-usuarios-muebles 1-123,text,true,,538,336,200,200,https://compumuebles-sabana-api.cyk.com.co/api/auth/login,14234,0,181
1781509198943,14315,Ingreso Usuario,200,OK,Ingreso-usuarios-muebles 1-115,text,true,,538,336,200,200,https://compumuebles-sabana-api.cyk.com.co/api/auth/login,14315,0,180
1781509199064,14196,Ingreso Usuario,200,OK,Ingreso-usuarios-muebles 1-127,text,true,,538,336,200,200,https://compumuebles-sabana-api.cyk.com.co/api/auth/login,14196,0,174
1781509199104,14165,Ingreso Usuario,200,OK,Ingreso-usuarios-muebles 1-131,text,true,,538,336,200,200,https://compumuebles-sabana-api.cyk.com.co/api/auth/login,14165,0,174
1781509199213,14059,Ingreso Usuario,200,OK,Ingreso-usuarios-muebles 1-142,text,true,,538,336,200,200,https://compumuebles-sabana-api.cyk.com.co/api/auth/login,14059,0,170
1781509199174,14098,Ingreso Usuario,200,OK,Ingreso-usuarios-muebles 1-138,text,true,,538,336,200,200,https://compumuebles-sabana-api.cyk.com.co/api/auth/login,14098,0,173
1781509199143,14129,Ingreso Usuario,200,OK,Ingreso-usuarios-muebles 1-135,text,true,,538,336,200,200,https://compumuebles-sabana-api.cyk.com.co/api/auth/login,14129,0,169
1781509199285,13987,Ingreso Usuario,200,OK,Ingreso-usuarios-muebles 1-149,text,true,,538,336,200,200,https://compumuebles-sabana-api.cyk.com.co/api/auth/login,13987,0,166
1781509199354,13923,Ingreso Usuario,200,OK,Ingreso-usuarios-muebles 1-156,text,true,,538,336,200,200,https://compumuebles-sabana-api.cyk.com.co/api/auth/login,13923,0,170
1781509199313,13964,Ingreso Usuario,200,OK,Ingreso-usuarios-muebles 1-152,text,true,,538,336,200,200,https://compumuebles-sabana-api.cyk.com.co/api/auth/login,13964,0,192
1781509199394,13883,Ingreso Usuario,200,OK,Ingreso-usuarios-muebles 1-160,text,true,,538,336,200,200,https://compumuebles-sabana-api.cyk.com.co/api/auth/login,13883,0,165
1781509199423,13866,Ingreso Usuario,200,OK,Ingreso-usuarios-muebles 1-163,text,true,,538,336,200,200,https://compumuebles-sabana-api.cyk.com.co/api/auth/login,13866,0,175
1781509199475,13817,Ingreso Usuario,200,OK,Ingreso-usuarios-muebles 1-168,text,true,,538,336,200,200,https://compumuebles-sabana-api.cyk.com.co/api/auth/login,13817,0,161
1781509199513,13779,Ingreso Usuario,200,OK,Ingreso-usuarios-muebles 1-172,text,true,,538,336,200,200,https://compumuebles-sabana-api.cyk.com.co/api/auth/login,13779,0,160
1781509199553,13741,Ingreso Usuario,200,OK,Ingreso-usuarios-muebles 1-176,text,true,,538,336,200,200,https://compumuebles-sabana-api.cyk.com.co/api/auth/login,13741,0,163
1781509199585,13709,Ingreso Usuario,200,OK,Ingreso-usuarios-muebles 1-179,text,true,,538,336,200,200,https://compumuebles-sabana-api.cyk.com.co/api/auth/login,13709,0,161
1781509199623,13685,Ingreso Usuario,200,OK,Ingreso-usuarios-muebles 1-183,text,true,,538,336,200,200,https://compumuebles-sabana-api.cyk.com.co/api/auth/login,13685,0,203
1781509199663,13647,Ingreso Usuario,200,OK,Ingreso-usuarios-muebles 1-187,text,true,,538,336,200,200,https://compumuebles-sabana-api.cyk.com.co/api/auth/login,13647,0,183
1781509199713,13598,Ingreso Usuario,200,OK,Ingreso-usuarios-muebles 1-192,text,true,,538,336,200,200,https://compumuebles-sabana-api.cyk.com.co/api/auth/login,13598,0,161
1781509199754,13558,Ingreso Usuario,200,OK,Ingreso-usuarios-muebles 1-196,text,true,,538,336,200,200,https://compumuebles-sabana-api.cyk.com.co/api/auth/login,13558,0,172
1781509198304,15008,Ingreso Usuario,200,OK,Ingreso-usuarios-muebles 1-51,text,true,,538,336,200,200,https://compumuebles-sabana-api.cyk.com.co/api/auth/login,15008,0,179
1781509198323,14990,Ingreso Usuario,200,OK,Ingreso-usuarios-muebles 1-53,text,true,,538,336,200,200,https://compumuebles-sabana-api.cyk.com.co/api/auth/login,14990,0,216
1781509198314,15011,Ingreso Usuario,200,OK,Ingreso-usuarios-muebles 1-52,text,true,,538,336,200,200,https://compumuebles-sabana-api.cyk.com.co/api/auth/login,15011,0,241
1781509198444,14884,Ingreso Usuario,200,OK,Ingreso-usuarios-muebles 1-65,text,true,,538,336,200,200,https://compumuebles-sabana-api.cyk.com.co/api/auth/login,14884,0,194
1781509198625,14706,Ingreso Usuario,200,OK,Ingreso-usuarios-muebles 1-1,text,true,,538,336,200,200,https://compumuebles-sabana-api.cyk.com.co/api/auth/login,14706,0,0
1781509198483,14849,Ingreso Usuario,200,OK,Ingreso-usuarios-muebles 1-69,text,true,,538,336,200,200,https://compumuebles-sabana-api.cyk.com.co/api/auth/login,14849,0,180
1781509198335,15000,Ingreso Usuario,200,OK,Ingreso-usuarios-muebles 1-54,text,true,,538,336,200,200,https://compumuebles-sabana-api.cyk.com.co/api/auth/login,15000,0,220
1781509198514,14837,Ingreso Usuario,200,OK,Ingreso-usuarios-muebles 1-72,text,true,,538,336,200,200,https://compumuebles-sabana-api.cyk.com.co/api/auth/login,14837,0,189
1781509198572,14780,Ingreso Usuario,200,OK,Ingreso-usuarios-muebles 1-78,text,true,,538,336,200,200,https://compumuebles-sabana-api.cyk.com.co/api/auth/login,14780,0,162
1781509198283,15070,Ingreso Usuario,200,OK,Ingreso-usuarios-muebles 1-49,text,true,,538,336,200,200,https://compumuebles-sabana-api.cyk.com.co/api/auth/login,15070,0,199
1781509198383,14977,Ingreso Usuario,200,OK,Ingreso-usuarios-muebles 1-59,text,true,,538,336,200,200,https://compumuebles-sabana-api.cyk.com.co/api/auth/login,14977,0,172
1781509198354,15009,Ingreso Usuario,200,OK,Ingreso-usuarios-muebles 1-56,text,true,,538,336,200,200,https://compumuebles-sabana-api.cyk.com.co/api/auth/login,15009,0,201
1781509198624,14741,Ingreso Usuario,200,OK,Ingreso-usuarios-muebles 1-83,text,true,,538,336,200,200,https://compumuebles-sabana-api.cyk.com.co/api/auth/login,14741,0,165
1781509198563,14803,Ingreso Usuario,200,OK,Ingreso-usuarios-muebles 1-77,text,true,,538,336,200,200,https://compumuebles-sabana-api.cyk.com.co/api/auth/login,14803,0,161
1781509198524,14843,Ingreso Usuario,200,OK,Ingreso-usuarios-muebles 1-73,text,true,,538,336,200,200,https://compumuebles-sabana-api.cyk.com.co/api/auth/login,14843,0,181
1781509198473,14895,Ingreso Usuario,200,OK,Ingreso-usuarios-muebles 1-68,text,true,,538,336,200,200,https://compumuebles-sabana-api.cyk.com.co/api/auth/login,14895,0,190
1781509198453,14919,Ingreso Usuario,200,OK,Ingreso-usuarios-muebles 1-66,text,true,,538,336,200,200,https://compumuebles-sabana-api.cyk.com.co/api/auth/login,14919,0,183
1781509198413,14961,Ingreso Usuario,200,OK,Ingreso-usuarios-muebles 1-62,text,true,,538,336,200,200,https://compumuebles-sabana-api.cyk.com.co/api/auth/login,14961,0,167
1781509198644,14732,Ingreso Usuario,200,OK,Ingreso-usuarios-muebles 1-85,text,true,,538,336,200,200,https://compumuebles-sabana-api.cyk.com.co/api/auth/login,14732,0,164
1781509198692,14688,Ingreso Usuario,200,OK,Ingreso-usuarios-muebles 1-90,text,true,,538,336,200,200,https://compumuebles-sabana-api.cyk.com.co/api/auth/login,14688,0,183
1781509198724,14659,Ingreso Usuario,200,OK,Ingreso-usuarios-muebles 1-93,text,true,,538,336,200,200,https://compumuebles-sabana-api.cyk.com.co/api/auth/login,14659,0,159
1781509198763,14621,Ingreso Usuario,200,OK,Ingreso-usuarios-muebles 1-97,text,true,,538,336,200,200,https://compumuebles-sabana-api.cyk.com.co/api/auth/login,14621,0,183
1781509198783,14602,Ingreso Usuario,200,OK,Ingreso-usuarios-muebles 1-99,text,true,,538,336,200,200,https://compumuebles-sabana-api.cyk.com.co/api/auth/login,14602,0,170
1781509198853,14534,Ingreso Usuario,200,OK,Ingreso-usuarios-muebles 1-106,text,true,,538,336,200,200,https://compumuebles-sabana-api.cyk.com.co/api/auth/login,14534,0,179
1781509198884,14503,Ingreso Usuario,200,OK,Ingreso-usuarios-muebles 1-109,text,true,,538,336,200,200,https://compumuebles-sabana-api.cyk.com.co/api/auth/login,14503,0,177
1781509198925,14474,Ingreso Usuario,200,OK,Ingreso-usuarios-muebles 1-113,text,true,,538,336,200,200,https://compumuebles-sabana-api.cyk.com.co/api/auth/login,14474,0,181
1781509199014,14391,Ingreso Usuario,200,OK,Ingreso-usuarios-muebles 1-122,text,true,,538,336,200,200,https://compumuebles-sabana-api.cyk.com.co/api/auth/login,14391,0,162
1781509199045,14361,Ingreso Usuario,200,OK,Ingreso-usuarios-muebles 1-125,text,true,,538,336,200,200,https://compumuebles-sabana-api.cyk.com.co/api/auth/login,14361,0,173
1781509198983,14425,Ingreso Usuario,200,OK,Ingreso-usuarios-muebles 1-119,text,true,,538,336,200,200,https://compumuebles-sabana-api.cyk.com.co/api/auth/login,14425,0,165
1781509199083,14327,Ingreso Usuario,200,OK,Ingreso-usuarios-muebles 1-129,text,true,,538,336,200,200,https://compumuebles-sabana-api.cyk.com.co/api/auth/login,14327,0,171
1781509199124,14287,Ingreso Usuario,200,OK,Ingreso-usuarios-muebles 1-133,text,true,,538,336,200,200,https://compumuebles-sabana-api.cyk.com.co/api/auth/login,14287,0,165
1781509199164,14248,Ingreso Usuario,200,OK,Ingreso-usuarios-muebles 1-137,text,true,,538,336,200,200,https://compumuebles-sabana-api.cyk.com.co/api/auth/login,14248,0,169
1781509199203,14209,Ingreso Usuario,200,OK,Ingreso-usuarios-muebles 1-141,text,true,,538,336,200,200,https://compumuebles-sabana-api.cyk.com.co/api/auth/login,14209,0,164
1781509199234,14178,Ingreso Usuario,200,OK,Ingreso-usuarios-muebles 1-144,text,true,,538,336,200,200,https://compumuebles-sabana-api.cyk.com.co/api/auth/login,14178,0,165
1781509199274,14144,Ingreso Usuario,200,OK,Ingreso-usuarios-muebles 1-148,text,true,,538,336,200,200,https://compumuebles-sabana-api.cyk.com.co/api/auth/login,14144,0,181
1781509199323,14100,Ingreso Usuario,200,OK,Ingreso-usuarios-muebles 1-153,text,true,,538,336,200,200,https://compumuebles-sabana-api.cyk.com.co/api/auth/login,14100,0,194
1781509199364,14059,Ingreso Usuario,200,OK,Ingreso-usuarios-muebles 1-157,text,true,,538,336,200,200,https://compumuebles-sabana-api.cyk.com.co/api/auth/login,14059,0,166
1781509199384,14041,Ingreso Usuario,200,OK,Ingreso-usuarios-muebles 1-159,text,true,,538,336,200,200,https://compumuebles-sabana-api.cyk.com.co/api/auth/login,14041,0,185
1781509199444,13983,Ingreso Usuario,200,OK,Ingreso-usuarios-muebles 1-165,text,true,,538,336,200,200,https://compumuebles-sabana-api.cyk.com.co/api/auth/login,13983,0,186
1781509198592,14836,Ingreso Usuario,200,OK,Ingreso-usuarios-muebles 1-80,text,true,,538,336,200,200,https://compumuebles-sabana-api.cyk.com.co/api/auth/login,14836,0,190
1781509198653,14777,Ingreso Usuario,200,OK,Ingreso-usuarios-muebles 1-86,text,true,,538,336,200,200,https://compumuebles-sabana-api.cyk.com.co/api/auth/login,14777,0,158
1781509198682,14748,Ingreso Usuario,200,OK,Ingreso-usuarios-muebles 1-89,text,true,,538,336,200,200,https://compumuebles-sabana-api.cyk.com.co/api/auth/login,14748,0,194
1781509198734,14703,Ingreso Usuario,200,OK,Ingreso-usuarios-muebles 1-94,text,true,,538,336,200,200,https://compumuebles-sabana-api.cyk.com.co/api/auth/login,14703,0,170
1781509198773,14667,Ingreso Usuario,200,OK,Ingreso-usuarios-muebles 1-98,text,true,,538,336,200,200,https://compumuebles-sabana-api.cyk.com.co/api/auth/login,14667,0,182
1781509198813,14629,Ingreso Usuario,200,OK,Ingreso-usuarios-muebles 1-102,text,true,,538,336,200,200,https://compumuebles-sabana-api.cyk.com.co/api/auth/login,14629,0,165
1781509198844,14601,Ingreso Usuario,200,OK,Ingreso-usuarios-muebles 1-105,text,true,,538,336,200,200,https://compumuebles-sabana-api.cyk.com.co/api/auth/login,14601,0,187
1781509198894,14552,Ingreso Usuario,200,OK,Ingreso-usuarios-muebles 1-110,text,true,,538,336,200,200,https://compumuebles-sabana-api.cyk.com.co/api/auth/login,14552,0,167
1781509198954,14501,Ingreso Usuario,200,OK,Ingreso-usuarios-muebles 1-116,text,true,,538,336,200,200,https://compumuebles-sabana-api.cyk.com.co/api/auth/login,14501,0,168
1781509198963,14494,Ingreso Usuario,200,OK,Ingreso-usuarios-muebles 1-117,text,true,,538,336,200,200,https://compumuebles-sabana-api.cyk.com.co/api/auth/login,14494,0,185
1781509199093,14368,Ingreso Usuario,200,OK,Ingreso-usuarios-muebles 1-130,text,true,,538,336,200,200,https://compumuebles-sabana-api.cyk.com.co/api/auth/login,14368,0,162
1781509199004,14457,Ingreso Usuario,200,OK,Ingreso-usuarios-muebles 1-121,text,true,,538,336,200,200,https://compumuebles-sabana-api.cyk.com.co/api/auth/login,14457,0,173
1781509199054,14409,Ingreso Usuario,200,OK,Ingreso-usuarios-muebles 1-126,text,true,,538,336,200,200,https://compumuebles-sabana-api.cyk.com.co/api/auth/login,14409,0,184
1781509199133,14332,Ingreso Usuario,200,OK,Ingreso-usuarios-muebles 1-134,text,true,,538,336,200,200,https://compumuebles-sabana-api.cyk.com.co/api/auth/login,14332,0,167
1781509199185,14282,Ingreso Usuario,200,OK,Ingreso-usuarios-muebles 1-139,text,true,,538,336,200,200,https://compumuebles-sabana-api.cyk.com.co/api/auth/login,14282,0,164
1781509199224,14253,Ingreso Usuario,200,OK,Ingreso-usuarios-muebles 1-143,text,true,,538,336,200,200,https://compumuebles-sabana-api.cyk.com.co/api/auth/login,14253,0,165
1781509199254,14224,Ingreso Usuario,200,OK,Ingreso-usuarios-muebles 1-146,text,true,,538,336,200,200,https://compumuebles-sabana-api.cyk.com.co/api/auth/login,14224,0,192
1781509199293,14185,Ingreso Usuario,200,OK,Ingreso-usuarios-muebles 1-150,text,true,,538,336,200,200,https://compumuebles-sabana-api.cyk.com.co/api/auth/login,14185,0,177
1781509199333,14149,Ingreso Usuario,200,OK,Ingreso-usuarios-muebles 1-154,text,true,,538,336,200,200,https://compumuebles-sabana-api.cyk.com.co/api/auth/login,14149,0,183
1781509199374,14108,Ingreso Usuario,200,OK,Ingreso-usuarios-muebles 1-158,text,true,,538,336,200,200,https://compumuebles-sabana-api.cyk.com.co/api/auth/login,14108,0,165
1781509199403,14081,Ingreso Usuario,200,OK,Ingreso-usuarios-muebles 1-161,text,true,,538,336,200,200,https://compumuebles-sabana-api.cyk.com.co/api/auth/login,14081,0,172
1781509199494,14008,Ingreso Usuario,200,OK,Ingreso-usuarios-muebles 1-170,text,true,,538,336,200,200,https://compumuebles-sabana-api.cyk.com.co/api/auth/login,14008,0,171
1781509199454,14049,Ingreso Usuario,200,OK,Ingreso-usuarios-muebles 1-166,text,true,,538,336,200,200,https://compumuebles-sabana-api.cyk.com.co/api/auth/login,14049,0,175
1781509199523,13981,Ingreso Usuario,200,OK,Ingreso-usuarios-muebles 1-173,text,true,,538,336,200,200,https://compumuebles-sabana-api.cyk.com.co/api/auth/login,13981,0,165
1781509199564,13946,Ingreso Usuario,200,OK,Ingreso-usuarios-muebles 1-177,text,true,,538,336,200,200,https://compumuebles-sabana-api.cyk.com.co/api/auth/login,13946,0,167
1781509199613,13913,Ingreso Usuario,200,OK,Ingreso-usuarios-muebles 1-182,text,true,,538,336,200,200,https://compumuebles-sabana-api.cyk.com.co/api/auth/login,13913,0,188
1781509199684,13851,Ingreso Usuario,200,OK,Ingreso-usuarios-muebles 1-189,text,true,,538,336,200,200,https://compumuebles-sabana-api.cyk.com.co/api/auth/login,13851,0,186
1781509199645,13890,Ingreso Usuario,200,OK,Ingreso-usuarios-muebles 1-185,text,true,,538,336,200,200,https://compumuebles-sabana-api.cyk.com.co/api/auth/login,13890,0,196
1781509199484,14053,Ingreso Usuario,200,OK,Ingreso-usuarios-muebles 1-169,text,true,,538,336,200,200,https://compumuebles-sabana-api.cyk.com.co/api/auth/login,14053,0,180
1781509199734,13803,Ingreso Usuario,200,OK,Ingreso-usuarios-muebles 1-194,text,true,,538,336,200,200,https://compumuebles-sabana-api.cyk.com.co/api/auth/login,13803,0,166
1781509199533,14008,Ingreso Usuario,200,OK,Ingreso-usuarios-muebles 1-174,text,true,,538,336,200,200,https://compumuebles-sabana-api.cyk.com.co/api/auth/login,14008,0,165
1781509199575,13973,Ingreso Usuario,200,OK,Ingreso-usuarios-muebles 1-178,text,true,,538,336,200,200,https://compumuebles-sabana-api.cyk.com.co/api/auth/login,13973,0,162
1781509199604,13950,Ingreso Usuario,200,OK,Ingreso-usuarios-muebles 1-181,text,true,,538,336,200,200,https://compumuebles-sabana-api.cyk.com.co/api/auth/login,13950,0,196
1781509199655,13905,Ingreso Usuario,200,OK,Ingreso-usuarios-muebles 1-186,text,true,,538,336,200,200,https://compumuebles-sabana-api.cyk.com.co/api/auth/login,13905,0,185
1781509199693,13876,Ingreso Usuario,200,OK,Ingreso-usuarios-muebles 1-190,text,true,,538,336,200,200,https://compumuebles-sabana-api.cyk.com.co/api/auth/login,13876,0,176
1781509199723,13848,Ingreso Usuario,200,OK,Ingreso-usuarios-muebles 1-193,text,true,,538,336,200,200,https://compumuebles-sabana-api.cyk.com.co/api/auth/login,13848,0,163
1781509199763,13810,Ingreso Usuario,200,OK,Ingreso-usuarios-muebles 1-197,text,true,,538,336,200,200,https://compumuebles-sabana-api.cyk.com.co/api/auth/login,13810,0,170
1781509202276,14413,Ingreso Usuario,200,OK,Ingreso-usuarios-muebles 1-16,text,true,,538,336,200,200,https://compumuebles-sabana-api.cyk.com.co/api/auth/login,14413,0,0
1781509202280,14411,Ingreso Usuario,200,OK,Ingreso-usuarios-muebles 1-30,text,true,,538,336,200,200,https://compumuebles-sabana-api.cyk.com.co/api/auth/login,14411,0,0
1781509202288,14403,Ingreso Usuario,200,OK,Ingreso-usuarios-muebles 1-3,text,true,,538,336,200,200,https://compumuebles-sabana-api.cyk.com.co/api/auth/login,14403,0,0
1781509202294,14398,Ingreso Usuario,200,OK,Ingreso-usuarios-muebles 1-12,text,true,,538,336,200,200,https://compumuebles-sabana-api.cyk.com.co/api/auth/login,14398,0,0
1781509202313,14380,Ingreso Usuario,200,OK,Ingreso-usuarios-muebles 1-4,text,true,,538,336,200,200,https://compumuebles-sabana-api.cyk.com.co/api/auth/login,14380,0,0
1781509199774,16919,Ingreso Usuario,200,OK,Ingreso-usuarios-muebles 1-198,text,true,,538,336,200,200,https://compumuebles-sabana-api.cyk.com.co/api/auth/login,16919,0,163
1781509202313,14381,Ingreso Usuario,200,OK,Ingreso-usuarios-muebles 1-45,text,true,,538,336,200,200,https://compumuebles-sabana-api.cyk.com.co/api/auth/login,14381,0,0
1781509202320,14375,Ingreso Usuario,200,OK,Ingreso-usuarios-muebles 1-28,text,true,,538,336,200,200,https://compumuebles-sabana-api.cyk.com.co/api/auth/login,14375,0,0
1781509202318,14377,Ingreso Usuario,200,OK,Ingreso-usuarios-muebles 1-23,text,true,,538,336,200,200,https://compumuebles-sabana-api.cyk.com.co/api/auth/login,14377,0,0
1781509202336,14361,Ingreso Usuario,200,OK,Ingreso-usuarios-muebles 1-13,text,true,,538,336,200,200,https://compumuebles-sabana-api.cyk.com.co/api/auth/login,14361,0,0
1781509199784,16914,Ingreso Usuario,200,OK,Ingreso-usuarios-muebles 1-199,text,true,,538,336,200,200,https://compumuebles-sabana-api.cyk.com.co/api/auth/login,16914,0,164
1781509202278,14423,Ingreso Usuario,200,OK,Ingreso-usuarios-muebles 1-20,text,true,,538,336,200,200,https://compumuebles-sabana-api.cyk.com.co/api/auth/login,14423,0,0
1781509202273,14430,Ingreso Usuario,200,OK,Ingreso-usuarios-muebles 1-8,text,true,,538,336,200,200,https://compumuebles-sabana-api.cyk.com.co/api/auth/login,14430,0,0
1781509202285,14421,Ingreso Usuario,200,OK,Ingreso-usuarios-muebles 1-40,text,true,,538,336,200,200,https://compumuebles-sabana-api.cyk.com.co/api/auth/login,14421,0,0
1781509202297,14412,Ingreso Usuario,200,OK,Ingreso-usuarios-muebles 1-14,text,true,,538,336,200,200,https://compumuebles-sabana-api.cyk.com.co/api/auth/login,14412,0,0
1781509202309,14401,Ingreso Usuario,200,OK,Ingreso-usuarios-muebles 1-29,text,true,,538,336,200,200,https://compumuebles-sabana-api.cyk.com.co/api/auth/login,14401,0,0
1781509202313,14401,Ingreso Usuario,200,OK,Ingreso-usuarios-muebles 1-38,text,true,,538,336,200,200,https://compumuebles-sabana-api.cyk.com.co/api/auth/login,14401,0,0
1781509202315,14399,Ingreso Usuario,200,OK,Ingreso-usuarios-muebles 1-15,text,true,,538,336,200,200,https://compumuebles-sabana-api.cyk.com.co/api/auth/login,14399,0,0
1781509202329,14385,Ingreso Usuario,200,OK,Ingreso-usuarios-muebles 1-46,text,true,,538,336,200,200,https://compumuebles-sabana-api.cyk.com.co/api/auth/login,14385,0,0
1781509202326,14390,Ingreso Usuario,200,OK,Ingreso-usuarios-muebles 1-31,text,true,,538,336,200,200,https://compumuebles-sabana-api.cyk.com.co/api/auth/login,14390,0,0
1781509202340,14383,Ingreso Usuario,200,OK,Ingreso-usuarios-muebles 1-22,text,true,,538,336,200,200,https://compumuebles-sabana-api.cyk.com.co/api/auth/login,14383,0,0
1781509199794,16931,Ingreso Usuario,200,OK,Ingreso-usuarios-muebles 1-200,text,true,,538,336,200,200,https://compumuebles-sabana-api.cyk.com.co/api/auth/login,16931,0,163
1781509202273,14454,Ingreso Usuario,200,OK,Ingreso-usuarios-muebles 1-2,text,true,,538,336,200,200,https://compumuebles-sabana-api.cyk.com.co/api/auth/login,14454,0,0
1781509202278,14450,Ingreso Usuario,200,OK,Ingreso-usuarios-muebles 1-24,text,true,,538,336,200,200,https://compumuebles-sabana-api.cyk.com.co/api/auth/login,14450,0,0
1781509202287,14442,Ingreso Usuario,200,OK,Ingreso-usuarios-muebles 1-43,text,true,,538,336,200,200,https://compumuebles-sabana-api.cyk.com.co/api/auth/login,14441,0,0
1781509202306,14424,Ingreso Usuario,200,OK,Ingreso-usuarios-muebles 1-25,text,true,,538,336,200,200,https://compumuebles-sabana-api.cyk.com.co/api/auth/login,14424,0,0
1781509202302,14428,Ingreso Usuario,200,OK,Ingreso-usuarios-muebles 1-21,text,true,,538,336,200,200,https://compumuebles-sabana-api.cyk.com.co/api/auth/login,14428,0,0
1781509202310,14423,Ingreso Usuario,200,OK,Ingreso-usuarios-muebles 1-33,text,true,,538,336,200,200,https://compumuebles-sabana-api.cyk.com.co/api/auth/login,14423,0,0
1781509202314,14421,Ingreso Usuario,200,OK,Ingreso-usuarios-muebles 1-11,text,true,,538,336,200,200,https://compumuebles-sabana-api.cyk.com.co/api/auth/login,14421,0,0
1781509202330,14407,Ingreso Usuario,200,OK,Ingreso-usuarios-muebles 1-7,text,true,,538,336,200,200,https://compumuebles-sabana-api.cyk.com.co/api/auth/login,14407,0,0
1781509202334,14406,Ingreso Usuario,200,OK,Ingreso-usuarios-muebles 1-9,text,true,,538,336,200,200,https://compumuebles-sabana-api.cyk.com.co/api/auth/login,14406,0,0
1781509202272,14468,Ingreso Usuario,200,OK,Ingreso-usuarios-muebles 1-6,text,true,,538,336,200,200,https://compumuebles-sabana-api.cyk.com.co/api/auth/login,14468,0,0
1781509202277,14465,Ingreso Usuario,200,OK,Ingreso-usuarios-muebles 1-17,text,true,,538,336,200,200,https://compumuebles-sabana-api.cyk.com.co/api/auth/login,14465,0,0
1781509202284,14460,Ingreso Usuario,200,OK,Ingreso-usuarios-muebles 1-36,text,true,,538,336,200,200,https://compumuebles-sabana-api.cyk.com.co/api/auth/login,14460,0,0
1781509202287,14457,Ingreso Usuario,200,OK,Ingreso-usuarios-muebles 1-41,text,true,,538,336,200,200,https://compumuebles-sabana-api.cyk.com.co/api/auth/login,14457,0,0
1781509202292,14455,Ingreso Usuario,200,OK,Ingreso-usuarios-muebles 1-10,text,true,,538,336,200,200,https://compumuebles-sabana-api.cyk.com.co/api/auth/login,14455,0,0
1781509202311,14442,Ingreso Usuario,200,OK,Ingreso-usuarios-muebles 1-5,text,true,,538,336,200,200,https://compumuebles-sabana-api.cyk.com.co/api/auth/login,14442,0,0
1781509202311,14445,Ingreso Usuario,200,OK,Ingreso-usuarios-muebles 1-34,text,true,,538,336,200,200,https://compumuebles-sabana-api.cyk.com.co/api/auth/login,14445,0,0
1781509202316,14442,Ingreso Usuario,200,OK,Ingreso-usuarios-muebles 1-18,text,true,,538,336,200,200,https://compumuebles-sabana-api.cyk.com.co/api/auth/login,14441,0,0
1781509202326,14434,Ingreso Usuario,200,OK,Ingreso-usuarios-muebles 1-35,text,true,,538,336,200,200,https://compumuebles-sabana-api.cyk.com.co/api/auth/login,14434,0,0
1781509202329,14432,Ingreso Usuario,200,OK,Ingreso-usuarios-muebles 1-37,text,true,,538,336,200,200,https://compumuebles-sabana-api.cyk.com.co/api/auth/login,14432,0,0
1781509202342,14420,Ingreso Usuario,200,OK,Ingreso-usuarios-muebles 1-26,text,true,,538,336,200,200,https://compumuebles-sabana-api.cyk.com.co/api/auth/login,14420,0,0
1781509202346,25050,Ingreso Usuario,200,OK,Ingreso-usuarios-muebles 1-32,text,true,,538,336,200,200,https://compumuebles-sabana-api.cyk.com.co/api/auth/login,25050,0,0
1781509202364,25037,Ingreso Usuario,200,OK,Ingreso-usuarios-muebles 1-48,text,true,,538,336,200,200,https://compumuebles-sabana-api.cyk.com.co/api/auth/login,25037,0,0
1781509213101,14303,Ingreso Usuario,200,OK,Ingreso-usuarios-muebles 1-84,text,true,,538,336,200,200,https://compumuebles-sabana-api.cyk.com.co/api/auth/login,14303,0,0
1781509213063,14341,Ingreso Usuario,200,OK,Ingreso-usuarios-muebles 1-44,text,true,,538,336,200,200,https://compumuebles-sabana-api.cyk.com.co/api/auth/login,14341,0,0
1781509213080,14324,Ingreso Usuario,200,OK,Ingreso-usuarios-muebles 1-61,text,true,,538,336,200,200,https://compumuebles-sabana-api.cyk.com.co/api/auth/login,14324,0,0
1781509213103,14302,Ingreso Usuario,200,OK,Ingreso-usuarios-muebles 1-91,text,true,,538,336,200,200,https://compumuebles-sabana-api.cyk.com.co/api/auth/login,14302,0,0
1781509213127,14282,Ingreso Usuario,200,OK,Ingreso-usuarios-muebles 1-128,text,true,,538,336,200,200,https://compumuebles-sabana-api.cyk.com.co/api/auth/login,14282,0,0
1781509213113,14296,Ingreso Usuario,200,OK,Ingreso-usuarios-muebles 1-112,text,true,,538,336,200,200,https://compumuebles-sabana-api.cyk.com.co/api/auth/login,14296,0,0
1781509213134,14282,Ingreso Usuario,200,OK,Ingreso-usuarios-muebles 1-145,text,true,,538,336,200,200,https://compumuebles-sabana-api.cyk.com.co/api/auth/login,14282,0,0
1781509213183,14235,Ingreso Usuario,200,OK,Ingreso-usuarios-muebles 1-171,text,true,,538,336,200,200,https://compumuebles-sabana-api.cyk.com.co/api/auth/login,14235,0,0
1781509213150,14268,Ingreso Usuario,200,OK,Ingreso-usuarios-muebles 1-155,text,true,,538,336,200,200,https://compumuebles-sabana-api.cyk.com.co/api/auth/login,14268,0,0
1781509213184,14237,Ingreso Usuario,200,OK,Ingreso-usuarios-muebles 1-184,text,true,,538,336,200,200,https://compumuebles-sabana-api.cyk.com.co/api/auth/login,14237,0,0
1781509213217,14205,Ingreso Usuario,200,OK,Ingreso-usuarios-muebles 1-50,text,true,,538,336,200,200,https://compumuebles-sabana-api.cyk.com.co/api/auth/login,14205,0,0
1781509213236,14187,Ingreso Usuario,200,OK,Ingreso-usuarios-muebles 1-71,text,true,,538,336,200,200,https://compumuebles-sabana-api.cyk.com.co/api/auth/login,14187,0,0
1781509213247,14180,Ingreso Usuario,200,OK,Ingreso-usuarios-muebles 1-87,text,true,,538,336,200,200,https://compumuebles-sabana-api.cyk.com.co/api/auth/login,14180,0,0
1781509213256,14173,Ingreso Usuario,200,OK,Ingreso-usuarios-muebles 1-118,text,true,,538,336,200,200,https://compumuebles-sabana-api.cyk.com.co/api/auth/login,14173,0,0
1781509213258,14175,Ingreso Usuario,200,OK,Ingreso-usuarios-muebles 1-115,text,true,,538,336,200,200,https://compumuebles-sabana-api.cyk.com.co/api/auth/login,14175,0,0
1781509213272,14164,Ingreso Usuario,200,OK,Ingreso-usuarios-muebles 1-135,text,true,,538,336,200,200,https://compumuebles-sabana-api.cyk.com.co/api/auth/login,14164,0,0
1781509213277,14159,Ingreso Usuario,200,OK,Ingreso-usuarios-muebles 1-152,text,true,,538,336,200,200,https://compumuebles-sabana-api.cyk.com.co/api/auth/login,14159,0,0
1781509213294,14143,Ingreso Usuario,200,OK,Ingreso-usuarios-muebles 1-176,text,true,,538,336,200,200,https://compumuebles-sabana-api.cyk.com.co/api/auth/login,14143,0,0
1781509213308,14131,Ingreso Usuario,200,OK,Ingreso-usuarios-muebles 1-183,text,true,,538,336,200,200,https://compumuebles-sabana-api.cyk.com.co/api/auth/login,14131,0,0
1781509213313,14127,Ingreso Usuario,200,OK,Ingreso-usuarios-muebles 1-53,text,true,,538,336,200,200,https://compumuebles-sabana-api.cyk.com.co/api/auth/login,14127,0,0
1781509213332,14108,Ingreso Usuario,200,OK,Ingreso-usuarios-muebles 1-1,text,true,,538,336,200,200,https://compumuebles-sabana-api.cyk.com.co/api/auth/login,14108,0,0
1781509213353,14090,Ingreso Usuario,200,OK,Ingreso-usuarios-muebles 1-49,text,true,,538,336,200,200,https://compumuebles-sabana-api.cyk.com.co/api/auth/login,14090,0,0
1781509213367,14078,Ingreso Usuario,200,OK,Ingreso-usuarios-muebles 1-73,text,true,,538,336,200,200,https://compumuebles-sabana-api.cyk.com.co/api/auth/login,14078,0,0
1781509213374,14073,Ingreso Usuario,200,OK,Ingreso-usuarios-muebles 1-62,text,true,,538,336,200,200,https://compumuebles-sabana-api.cyk.com.co/api/auth/login,14073,0,0
1781509213384,14064,Ingreso Usuario,200,OK,Ingreso-usuarios-muebles 1-93,text,true,,538,336,200,200,https://compumuebles-sabana-api.cyk.com.co/api/auth/login,14064,0,0
1781509213387,14066,Ingreso Usuario,200,OK,Ingreso-usuarios-muebles 1-106,text,true,,538,336,200,200,https://compumuebles-sabana-api.cyk.com.co/api/auth/login,14066,0,0
1781509213412,14041,Ingreso Usuario,200,OK,Ingreso-usuarios-muebles 1-141,text,true,,538,336,200,200,https://compumuebles-sabana-api.cyk.com.co/api/auth/login,14041,0,0
1781509213427,14027,Ingreso Usuario,200,OK,Ingreso-usuarios-muebles 1-165,text,true,,538,336,200,200,https://compumuebles-sabana-api.cyk.com.co/api/auth/login,14027,0,0
1781509213406,14049,Ingreso Usuario,200,OK,Ingreso-usuarios-muebles 1-125,text,true,,538,336,200,200,https://compumuebles-sabana-api.cyk.com.co/api/auth/login,14049,0,0
1781509213430,14027,Ingreso Usuario,200,OK,Ingreso-usuarios-muebles 1-86,text,true,,538,336,200,200,https://compumuebles-sabana-api.cyk.com.co/api/auth/login,14027,0,0
1781509213441,14016,Ingreso Usuario,200,OK,Ingreso-usuarios-muebles 1-98,text,true,,538,336,200,200,https://compumuebles-sabana-api.cyk.com.co/api/auth/login,14016,0,0
1781509213457,14002,Ingreso Usuario,200,OK,Ingreso-usuarios-muebles 1-117,text,true,,538,336,200,200,https://compumuebles-sabana-api.cyk.com.co/api/auth/login,14002,0,0
1781509213477,13985,Ingreso Usuario,200,OK,Ingreso-usuarios-muebles 1-143,text,true,,538,336,200,200,https://compumuebles-sabana-api.cyk.com.co/api/auth/login,13985,0,0
1781509213503,13961,Ingreso Usuario,200,OK,Ingreso-usuarios-muebles 1-166,text,true,,538,336,200,200,https://compumuebles-sabana-api.cyk.com.co/api/auth/login,13961,0,0
1781509213478,13989,Ingreso Usuario,200,OK,Ingreso-usuarios-muebles 1-146,text,true,,538,336,200,200,https://compumuebles-sabana-api.cyk.com.co/api/auth/login,13989,0,0
1781509213526,13943,Ingreso Usuario,200,OK,Ingreso-usuarios-muebles 1-182,text,true,,538,336,200,200,https://compumuebles-sabana-api.cyk.com.co/api/auth/login,13943,0,0
1781509213537,13937,Ingreso Usuario,200,OK,Ingreso-usuarios-muebles 1-169,text,true,,538,336,200,200,https://compumuebles-sabana-api.cyk.com.co/api/auth/login,13937,0,0
1781509202338,25137,Ingreso Usuario,200,OK,Ingreso-usuarios-muebles 1-19,text,true,,538,336,200,200,https://compumuebles-sabana-api.cyk.com.co/api/auth/login,25137,0,0
1781509202357,25120,Ingreso Usuario,200,OK,Ingreso-usuarios-muebles 1-42,text,true,,538,336,200,200,https://compumuebles-sabana-api.cyk.com.co/api/auth/login,25120,0,0
1781509213074,14414,Ingreso Usuario,200,OK,Ingreso-usuarios-muebles 1-55,text,true,,538,336,200,200,https://compumuebles-sabana-api.cyk.com.co/api/auth/login,14414,0,0
1781509213101,14396,Ingreso Usuario,200,OK,Ingreso-usuarios-muebles 1-88,text,true,,538,336,200,200,https://compumuebles-sabana-api.cyk.com.co/api/auth/login,14396,0,0
1781509213087,14410,Ingreso Usuario,200,OK,Ingreso-usuarios-muebles 1-75,text,true,,538,336,200,200,https://compumuebles-sabana-api.cyk.com.co/api/auth/login,14410,0,0
1781509213110,14397,Ingreso Usuario,200,OK,Ingreso-usuarios-muebles 1-108,text,true,,538,336,200,200,https://compumuebles-sabana-api.cyk.com.co/api/auth/login,14397,0,0
1781509213121,14388,Ingreso Usuario,200,OK,Ingreso-usuarios-muebles 1-120,text,true,,538,336,200,200,https://compumuebles-sabana-api.cyk.com.co/api/auth/login,14388,0,0
1781509213130,14379,Ingreso Usuario,200,OK,Ingreso-usuarios-muebles 1-136,text,true,,538,336,200,200,https://compumuebles-sabana-api.cyk.com.co/api/auth/login,14379,0,0
1781509213166,14347,Ingreso Usuario,200,OK,Ingreso-usuarios-muebles 1-164,text,true,,538,336,200,200,https://compumuebles-sabana-api.cyk.com.co/api/auth/login,14347,0,0
1781509213147,14368,Ingreso Usuario,200,OK,Ingreso-usuarios-muebles 1-151,text,true,,538,336,200,200,https://compumuebles-sabana-api.cyk.com.co/api/auth/login,14368,0,0
1781509213205,14310,Ingreso Usuario,200,OK,Ingreso-usuarios-muebles 1-47,text,true,,538,336,200,200,https://compumuebles-sabana-api.cyk.com.co/api/auth/login,14310,0,0
1781509213184,14334,Ingreso Usuario,200,OK,Ingreso-usuarios-muebles 1-175,text,true,,538,336,200,200,https://compumuebles-sabana-api.cyk.com.co/api/auth/login,14334,0,0
1781509213236,14283,Ingreso Usuario,200,OK,Ingreso-usuarios-muebles 1-67,text,true,,538,336,200,200,https://compumuebles-sabana-api.cyk.com.co/api/auth/login,14283,0,0
1781509213238,14281,Ingreso Usuario,200,OK,Ingreso-usuarios-muebles 1-74,text,true,,538,336,200,200,https://compumuebles-sabana-api.cyk.com.co/api/auth/login,14281,0,0
1781509213240,14289,Ingreso Usuario,200,OK,Ingreso-usuarios-muebles 1-82,text,true,,538,336,200,200,https://compumuebles-sabana-api.cyk.com.co/api/auth/login,14289,0,0
1781509213254,14275,Ingreso Usuario,200,OK,Ingreso-usuarios-muebles 1-111,text,true,,538,336,200,200,https://compumuebles-sabana-api.cyk.com.co/api/auth/login,14275,0,0
1781509213260,14298,Ingreso Usuario,200,OK,Ingreso-usuarios-muebles 1-127,text,true,,538,336,200,200,https://compumuebles-sabana-api.cyk.com.co/api/auth/login,14298,0,0
1781509213277,14283,Ingreso Usuario,200,OK,Ingreso-usuarios-muebles 1-156,text,true,,538,336,200,200,https://compumuebles-sabana-api.cyk.com.co/api/auth/login,14283,0,0
1781509213294,14272,Ingreso Usuario,200,OK,Ingreso-usuarios-muebles 1-179,text,true,,538,336,200,200,https://compumuebles-sabana-api.cyk.com.co/api/auth/login,14272,0,0
1781509213376,14204,Ingreso Usuario,200,OK,Ingreso-usuarios-muebles 1-85,text,true,,538,336,200,200,https://compumuebles-sabana-api.cyk.com.co/api/auth/login,14204,0,0
1781509213279,14301,Ingreso Usuario,200,OK,Ingreso-usuarios-muebles 1-160,text,true,,538,336,200,200,https://compumuebles-sabana-api.cyk.com.co/api/auth/login,14301,0,0
1781509213408,14172,Ingreso Usuario,200,OK,Ingreso-usuarios-muebles 1-119,text,true,,538,336,200,200,https://compumuebles-sabana-api.cyk.com.co/api/auth/login,14172,0,0
1781509213311,14269,Ingreso Usuario,200,OK,Ingreso-usuarios-muebles 1-192,text,true,,538,336,200,200,https://compumuebles-sabana-api.cyk.com.co/api/auth/login,14269,0,0
1781509213328,14252,Ingreso Usuario,200,OK,Ingreso-usuarios-muebles 1-65,text,true,,538,336,200,200,https://compumuebles-sabana-api.cyk.com.co/api/auth/login,14252,0,0
1781509213381,14200,Ingreso Usuario,200,OK,Ingreso-usuarios-muebles 1-90,text,true,,538,336,200,200,https://compumuebles-sabana-api.cyk.com.co/api/auth/login,14199,0,0
1781509213365,14216,Ingreso Usuario,200,OK,Ingreso-usuarios-muebles 1-83,text,true,,538,336,200,200,https://compumuebles-sabana-api.cyk.com.co/api/auth/login,14215,0,0
1781509213361,14220,Ingreso Usuario,200,OK,Ingreso-usuarios-muebles 1-59,text,true,,538,336,200,200,https://compumuebles-sabana-api.cyk.com.co/api/auth/login,14220,0,0
1781509213335,14254,Ingreso Usuario,200,OK,Ingreso-usuarios-muebles 1-54,text,true,,538,336,200,200,https://compumuebles-sabana-api.cyk.com.co/api/auth/login,14254,0,0
1781509213425,14164,Ingreso Usuario,200,OK,Ingreso-usuarios-muebles 1-159,text,true,,538,336,200,200,https://compumuebles-sabana-api.cyk.com.co/api/auth/login,14164,0,0
1781509213411,14178,Ingreso Usuario,200,OK,Ingreso-usuarios-muebles 1-133,text,true,,538,336,200,200,https://compumuebles-sabana-api.cyk.com.co/api/auth/login,14178,0,0
1781509213418,14171,Ingreso Usuario,200,OK,Ingreso-usuarios-muebles 1-148,text,true,,538,336,200,200,https://compumuebles-sabana-api.cyk.com.co/api/auth/login,14171,0,0
1781509213430,14159,Ingreso Usuario,200,OK,Ingreso-usuarios-muebles 1-89,text,true,,538,336,200,200,https://compumuebles-sabana-api.cyk.com.co/api/auth/login,14159,0,0
1781509213465,14130,Ingreso Usuario,200,OK,Ingreso-usuarios-muebles 1-134,text,true,,538,336,200,200,https://compumuebles-sabana-api.cyk.com.co/api/auth/login,14130,0,0
1781509213463,14133,Ingreso Usuario,200,OK,Ingreso-usuarios-muebles 1-126,text,true,,538,336,200,200,https://compumuebles-sabana-api.cyk.com.co/api/auth/login,14133,0,0
1781509213446,14150,Ingreso Usuario,200,OK,Ingreso-usuarios-muebles 1-110,text,true,,538,336,200,200,https://compumuebles-sabana-api.cyk.com.co/api/auth/login,14150,0,0
1781509213504,14095,Ingreso Usuario,200,OK,Ingreso-usuarios-muebles 1-173,text,true,,538,336,200,200,https://compumuebles-sabana-api.cyk.com.co/api/auth/login,14095,0,0
1781509213535,14064,Ingreso Usuario,200,OK,Ingreso-usuarios-muebles 1-185,text,true,,538,336,200,200,https://compumuebles-sabana-api.cyk.com.co/api/auth/login,14064,0,0
1781509213482,14118,Ingreso Usuario,200,OK,Ingreso-usuarios-muebles 1-158,text,true,,538,336,200,200,https://compumuebles-sabana-api.cyk.com.co/api/auth/login,14118,0,0
1781509202342,25258,Ingreso Usuario,200,OK,Ingreso-usuarios-muebles 1-27,text,true,,538,336,200,200,https://compumuebles-sabana-api.cyk.com.co/api/auth/login,25258,0,0
1781509213069,14534,Ingreso Usuario,200,OK,Ingreso-usuarios-muebles 1-57,text,true,,538,336,200,200,https://compumuebles-sabana-api.cyk.com.co/api/auth/login,14534,0,0
1781509213087,14516,Ingreso Usuario,200,OK,Ingreso-usuarios-muebles 1-70,text,true,,538,336,200,200,https://compumuebles-sabana-api.cyk.com.co/api/auth/login,14516,0,0
1781509213108,14512,Ingreso Usuario,200,OK,Ingreso-usuarios-muebles 1-104,text,true,,538,336,200,200,https://compumuebles-sabana-api.cyk.com.co/api/auth/login,14512,0,0
1781509213102,14518,Ingreso Usuario,200,OK,Ingreso-usuarios-muebles 1-96,text,true,,538,336,200,200,https://compumuebles-sabana-api.cyk.com.co/api/auth/login,14518,0,0
1781509213117,14508,Ingreso Usuario,200,OK,Ingreso-usuarios-muebles 1-114,text,true,,538,336,200,200,https://compumuebles-sabana-api.cyk.com.co/api/auth/login,14508,0,0
1781509213131,14496,Ingreso Usuario,200,OK,Ingreso-usuarios-muebles 1-140,text,true,,538,336,200,200,https://compumuebles-sabana-api.cyk.com.co/api/auth/login,14496,0,0
1781509213139,14491,Ingreso Usuario,200,OK,Ingreso-usuarios-muebles 1-147,text,true,,538,336,200,200,https://compumuebles-sabana-api.cyk.com.co/api/auth/login,14491,0,0
1781509213166,14474,Ingreso Usuario,200,OK,Ingreso-usuarios-muebles 1-167,text,true,,538,336,200,200,https://compumuebles-sabana-api.cyk.com.co/api/auth/login,14474,0,0
1781509213184,14462,Ingreso Usuario,200,OK,Ingreso-usuarios-muebles 1-188,text,true,,538,336,200,200,https://compumuebles-sabana-api.cyk.com.co/api/auth/login,14462,0,0
1781509213219,14428,Ingreso Usuario,200,OK,Ingreso-usuarios-muebles 1-58,text,true,,538,336,200,200,https://compumuebles-sabana-api.cyk.com.co/api/auth/login,14428,0,0
1781509213204,14443,Ingreso Usuario,200,OK,Ingreso-usuarios-muebles 1-191,text,true,,538,336,200,200,https://compumuebles-sabana-api.cyk.com.co/api/auth/login,14443,0,0
1781509213238,14421,Ingreso Usuario,200,OK,Ingreso-usuarios-muebles 1-79,text,true,,538,336,200,200,https://compumuebles-sabana-api.cyk.com.co/api/auth/login,14421,0,0
1781509213248,14411,Ingreso Usuario,200,OK,Ingreso-usuarios-muebles 1-95,text,true,,538,336,200,200,https://compumuebles-sabana-api.cyk.com.co/api/auth/login,14411,0,0
1781509213258,14401,Ingreso Usuario,200,OK,Ingreso-usuarios-muebles 1-123,text,true,,538,336,200,200,https://compumuebles-sabana-api.cyk.com.co/api/auth/login,14401,0,0
1781509213254,14405,Ingreso Usuario,200,OK,Ingreso-usuarios-muebles 1-100,text,true,,538,336,200,200,https://compumuebles-sabana-api.cyk.com.co/api/auth/login,14405,0,0
1781509213272,14396,Ingreso Usuario,200,OK,Ingreso-usuarios-muebles 1-142,text,true,,538,336,200,200,https://compumuebles-sabana-api.cyk.com.co/api/auth/login,14396,0,0
1781509213292,14376,Ingreso Usuario,200,OK,Ingreso-usuarios-muebles 1-168,text,true,,538,336,200,200,https://compumuebles-sabana-api.cyk.com.co/api/auth/login,14376,0,0
1781509213273,14395,Ingreso Usuario,200,OK,Ingreso-usuarios-muebles 1-149,text,true,,538,336,200,200,https://compumuebles-sabana-api.cyk.com.co/api/auth/login,14395,0,0
1781509213310,14358,Ingreso Usuario,200,OK,Ingreso-usuarios-muebles 1-187,text,true,,538,336,200,200,https://compumuebles-sabana-api.cyk.com.co/api/auth/login,14358,0,0
1781509213312,14356,Ingreso Usuario,200,OK,Ingreso-usuarios-muebles 1-196,text,true,,538,336,200,200,https://compumuebles-sabana-api.cyk.com.co/api/auth/login,14356,0,0
1781509213332,14344,Ingreso Usuario,200,OK,Ingreso-usuarios-muebles 1-69,text,true,,538,336,200,200,https://compumuebles-sabana-api.cyk.com.co/api/auth/login,14344,0,0
1781509213351,14329,Ingreso Usuario,200,OK,Ingreso-usuarios-muebles 1-72,text,true,,538,336,200,200,https://compumuebles-sabana-api.cyk.com.co/api/auth/login,14329,0,0
1781509213372,14325,Ingreso Usuario,200,OK,Ingreso-usuarios-muebles 1-66,text,true,,538,336,200,200,https://compumuebles-sabana-api.cyk.com.co/api/auth/login,14325,0,0
1781509213366,14332,Ingreso Usuario,200,OK,Ingreso-usuarios-muebles 1-77,text,true,,538,336,200,200,https://compumuebles-sabana-api.cyk.com.co/api/auth/login,14332,0,0
1781509213385,14313,Ingreso Usuario,200,OK,Ingreso-usuarios-muebles 1-99,text,true,,538,336,200,200,https://compumuebles-sabana-api.cyk.com.co/api/auth/login,14313,0,0
1781509213399,14300,Ingreso Usuario,200,OK,Ingreso-usuarios-muebles 1-113,text,true,,538,336,200,200,https://compumuebles-sabana-api.cyk.com.co/api/auth/login,14300,0,0
1781509213423,14281,Ingreso Usuario,200,OK,Ingreso-usuarios-muebles 1-157,text,true,,538,336,200,200,https://compumuebles-sabana-api.cyk.com.co/api/auth/login,14281,0,0
1781509213412,14292,Ingreso Usuario,200,OK,Ingreso-usuarios-muebles 1-144,text,true,,538,336,200,200,https://compumuebles-sabana-api.cyk.com.co/api/auth/login,14292,0,0
1781509213412,14292,Ingreso Usuario,200,OK,Ingreso-usuarios-muebles 1-137,text,true,,538,336,200,200,https://compumuebles-sabana-api.cyk.com.co/api/auth/login,14292,0,0
1781509213445,14269,Ingreso Usuario,200,OK,Ingreso-usuarios-muebles 1-105,text,true,,538,336,200,200,https://compumuebles-sabana-api.cyk.com.co/api/auth/login,14269,0,0
1781509213467,14247,Ingreso Usuario,200,OK,Ingreso-usuarios-muebles 1-139,text,true,,538,336,200,200,https://compumuebles-sabana-api.cyk.com.co/api/auth/login,14247,0,0
1781509213461,14253,Ingreso Usuario,200,OK,Ingreso-usuarios-muebles 1-121,text,true,,538,336,200,200,https://compumuebles-sabana-api.cyk.com.co/api/auth/login,14253,0,0
1781509213478,14236,Ingreso Usuario,200,OK,Ingreso-usuarios-muebles 1-150,text,true,,538,336,200,200,https://compumuebles-sabana-api.cyk.com.co/api/auth/login,14236,0,0
1781509213437,14277,Ingreso Usuario,200,OK,Ingreso-usuarios-muebles 1-94,text,true,,538,336,200,200,https://compumuebles-sabana-api.cyk.com.co/api/auth/login,14277,0,0
1781509213502,14217,Ingreso Usuario,200,OK,Ingreso-usuarios-muebles 1-170,text,true,,538,336,200,200,https://compumuebles-sabana-api.cyk.com.co/api/auth/login,14217,0,0
1781509213535,14184,Ingreso Usuario,200,OK,Ingreso-usuarios-muebles 1-189,text,true,,538,336,200,200,https://compumuebles-sabana-api.cyk.com.co/api/auth/login,14184,0,0
1781509213089,14650,Ingreso Usuario,200,OK,Ingreso-usuarios-muebles 1-76,text,true,,538,336,200,200,https://compumuebles-sabana-api.cyk.com.co/api/auth/login,14650,0,0
1781509213083,14656,Ingreso Usuario,200,OK,Ingreso-usuarios-muebles 1-63,text,true,,538,336,200,200,https://compumuebles-sabana-api.cyk.com.co/api/auth/login,14656,0,0
1781509202349,25390,Ingreso Usuario,200,OK,Ingreso-usuarios-muebles 1-39,text,true,,538,336,200,200,https://compumuebles-sabana-api.cyk.com.co/api/auth/login,25390,0,0
1781509213101,14646,Ingreso Usuario,200,OK,Ingreso-usuarios-muebles 1-81,text,true,,538,336,200,200,https://compumuebles-sabana-api.cyk.com.co/api/auth/login,14646,0,0
1781509213109,14638,Ingreso Usuario,200,OK,Ingreso-usuarios-muebles 1-101,text,true,,538,336,200,200,https://compumuebles-sabana-api.cyk.com.co/api/auth/login,14638,0,0
1781509213123,14648,Ingreso Usuario,200,OK,Ingreso-usuarios-muebles 1-124,text,true,,538,336,200,200,https://compumuebles-sabana-api.cyk.com.co/api/auth/login,14648,0,0
1781509213160,14614,Ingreso Usuario,200,OK,Ingreso-usuarios-muebles 1-162,text,true,,538,336,200,200,https://compumuebles-sabana-api.cyk.com.co/api/auth/login,14614,0,0
1781509213128,14646,Ingreso Usuario,200,OK,Ingreso-usuarios-muebles 1-132,text,true,,538,336,200,200,https://compumuebles-sabana-api.cyk.com.co/api/auth/login,14646,0,0
1781509213183,14602,Ingreso Usuario,200,OK,Ingreso-usuarios-muebles 1-180,text,true,,538,336,200,200,https://compumuebles-sabana-api.cyk.com.co/api/auth/login,14602,0,0
1781509213204,14591,Ingreso Usuario,200,OK,Ingreso-usuarios-muebles 1-195,text,true,,538,336,200,200,https://compumuebles-sabana-api.cyk.com.co/api/auth/login,14591,0,0
1781509213219,14576,Ingreso Usuario,200,OK,Ingreso-usuarios-muebles 1-60,text,true,,538,336,200,200,https://compumuebles-sabana-api.cyk.com.co/api/auth/login,14576,0,0
1781509213245,14559,Ingreso Usuario,200,OK,Ingreso-usuarios-muebles 1-92,text,true,,538,336,200,200,https://compumuebles-sabana-api.cyk.com.co/api/auth/login,14559,0,0
1781509213254,14550,Ingreso Usuario,200,OK,Ingreso-usuarios-muebles 1-107,text,true,,538,336,200,200,https://compumuebles-sabana-api.cyk.com.co/api/auth/login,14550,0,0
1781509213224,14582,Ingreso Usuario,200,OK,Ingreso-usuarios-muebles 1-64,text,true,,538,336,200,200,https://compumuebles-sabana-api.cyk.com.co/api/auth/login,14582,0,0
1781509213253,14553,Ingreso Usuario,200,OK,Ingreso-usuarios-muebles 1-103,text,true,,538,336,200,200,https://compumuebles-sabana-api.cyk.com.co/api/auth/login,14553,0,0
1781509213272,14534,Ingreso Usuario,200,OK,Ingreso-usuarios-muebles 1-138,text,true,,538,336,200,200,https://compumuebles-sabana-api.cyk.com.co/api/auth/login,14534,0,0
1781509213269,14538,Ingreso Usuario,200,OK,Ingreso-usuarios-muebles 1-131,text,true,,538,336,200,200,https://compumuebles-sabana-api.cyk.com.co/api/auth/login,14538,0,0
1781509213312,14506,Ingreso Usuario,200,OK,Ingreso-usuarios-muebles 1-51,text,true,,538,336,200,200,https://compumuebles-sabana-api.cyk.com.co/api/auth/login,14506,0,0
1781509213292,14526,Ingreso Usuario,200,OK,Ingreso-usuarios-muebles 1-172,text,true,,538,336,200,200,https://compumuebles-sabana-api.cyk.com.co/api/auth/login,14526,0,0
1781509213289,14529,Ingreso Usuario,200,OK,Ingreso-usuarios-muebles 1-163,text,true,,538,336,200,200,https://compumuebles-sabana-api.cyk.com.co/api/auth/login,14529,0,0
1781509213325,14493,Ingreso Usuario,200,OK,Ingreso-usuarios-muebles 1-52,text,true,,538,336,200,200,https://compumuebles-sabana-api.cyk.com.co/api/auth/login,14493,0,0
1781509213352,14476,Ingreso Usuario,200,OK,Ingreso-usuarios-muebles 1-78,text,true,,538,336,200,200,https://compumuebles-sabana-api.cyk.com.co/api/auth/login,14476,0,0
1781509213387,14442,Ingreso Usuario,200,OK,Ingreso-usuarios-muebles 1-109,text,true,,538,336,200,200,https://compumuebles-sabana-api.cyk.com.co/api/auth/login,14441,0,0
1781509213363,14465,Ingreso Usuario,200,OK,Ingreso-usuarios-muebles 1-56,text,true,,538,336,200,200,https://compumuebles-sabana-api.cyk.com.co/api/auth/login,14465,0,0
1781509213384,14445,Ingreso Usuario,200,OK,Ingreso-usuarios-muebles 1-97,text,true,,538,336,200,200,https://compumuebles-sabana-api.cyk.com.co/api/auth/login,14445,0,0
1781509213368,14461,Ingreso Usuario,200,OK,Ingreso-usuarios-muebles 1-68,text,true,,538,336,200,200,https://compumuebles-sabana-api.cyk.com.co/api/auth/login,14460,0,0
1781509213405,14431,Ingreso Usuario,200,OK,Ingreso-usuarios-muebles 1-122,text,true,,538,336,200,200,https://compumuebles-sabana-api.cyk.com.co/api/auth/login,14431,0,0
1781509213410,14428,Ingreso Usuario,200,OK,Ingreso-usuarios-muebles 1-129,text,true,,538,336,200,200,https://compumuebles-sabana-api.cyk.com.co/api/auth/login,14428,0,0
1781509213423,14417,Ingreso Usuario,200,OK,Ingreso-usuarios-muebles 1-153,text,true,,538,336,200,200,https://compumuebles-sabana-api.cyk.com.co/api/auth/login,14417,0,0
1781509213428,14412,Ingreso Usuario,200,OK,Ingreso-usuarios-muebles 1-80,text,true,,538,336,200,200,https://compumuebles-sabana-api.cyk.com.co/api/auth/login,14412,0,0
1781509213442,14400,Ingreso Usuario,200,OK,Ingreso-usuarios-muebles 1-102,text,true,,538,336,200,200,https://compumuebles-sabana-api.cyk.com.co/api/auth/login,14400,0,0
1781509213456,14386,Ingreso Usuario,200,OK,Ingreso-usuarios-muebles 1-116,text,true,,538,336,200,200,https://compumuebles-sabana-api.cyk.com.co/api/auth/login,14386,0,0
1781509213482,14363,Ingreso Usuario,200,OK,Ingreso-usuarios-muebles 1-154,text,true,,538,336,200,200,https://compumuebles-sabana-api.cyk.com.co/api/auth/login,14363,0,0
1781509213461,14384,Ingreso Usuario,200,OK,Ingreso-usuarios-muebles 1-130,text,true,,538,336,200,200,https://compumuebles-sabana-api.cyk.com.co/api/auth/login,14384,0,0
1781509213484,14364,Ingreso Usuario,200,OK,Ingreso-usuarios-muebles 1-161,text,true,,538,336,200,200,https://compumuebles-sabana-api.cyk.com.co/api/auth/login,14364,0,0
1781509213510,14362,Ingreso Usuario,200,OK,Ingreso-usuarios-muebles 1-177,text,true,,538,336,200,200,https://compumuebles-sabana-api.cyk.com.co/api/auth/login,14362,0,0
1781509213537,14336,Ingreso Usuario,200,OK,Ingreso-usuarios-muebles 1-194,text,true,,538,336,200,200,https://compumuebles-sabana-api.cyk.com.co/api/auth/login,14336,0,0
1781509213541,17706,Ingreso Usuario,200,OK,Ingreso-usuarios-muebles 1-174,text,true,,538,336,200,200,https://compumuebles-sabana-api.cyk.com.co/api/auth/login,17706,0,0
1781509213560,17688,Ingreso Usuario,200,OK,Ingreso-usuarios-muebles 1-186,text,true,,538,336,200,200,https://compumuebles-sabana-api.cyk.com.co/api/auth/login,17688,0,0
1781509216691,14560,Ingreso Usuario,200,OK,Ingreso-usuarios-muebles 1-3,text,true,,538,336,200,200,https://compumuebles-sabana-api.cyk.com.co/api/auth/login,14560,0,0
1781509216697,14554,Ingreso Usuario,200,OK,Ingreso-usuarios-muebles 1-13,text,true,,538,336,200,200,https://compumuebles-sabana-api.cyk.com.co/api/auth/login,14554,0,0
1781509216694,14557,Ingreso Usuario,200,OK,Ingreso-usuarios-muebles 1-45,text,true,,538,336,200,200,https://compumuebles-sabana-api.cyk.com.co/api/auth/login,14557,0,0
1781509216714,14539,Ingreso Usuario,200,OK,Ingreso-usuarios-muebles 1-38,text,true,,538,336,200,200,https://compumuebles-sabana-api.cyk.com.co/api/auth/login,14539,0,0
1781509216714,14540,Ingreso Usuario,200,OK,Ingreso-usuarios-muebles 1-46,text,true,,538,336,200,200,https://compumuebles-sabana-api.cyk.com.co/api/auth/login,14540,0,0
1781509216725,14529,Ingreso Usuario,200,OK,Ingreso-usuarios-muebles 1-200,text,true,,538,336,200,200,https://compumuebles-sabana-api.cyk.com.co/api/auth/login,14529,0,0
1781509216737,14519,Ingreso Usuario,200,OK,Ingreso-usuarios-muebles 1-7,text,true,,538,336,200,200,https://compumuebles-sabana-api.cyk.com.co/api/auth/login,14519,0,0
1781509216744,14513,Ingreso Usuario,200,OK,Ingreso-usuarios-muebles 1-36,text,true,,538,336,200,200,https://compumuebles-sabana-api.cyk.com.co/api/auth/login,14513,0,0
1781509216727,14530,Ingreso Usuario,200,OK,Ingreso-usuarios-muebles 1-2,text,true,,538,336,200,200,https://compumuebles-sabana-api.cyk.com.co/api/auth/login,14530,0,0
1781509216762,14497,Ingreso Usuario,200,OK,Ingreso-usuarios-muebles 1-26,text,true,,538,336,200,200,https://compumuebles-sabana-api.cyk.com.co/api/auth/login,14497,0,0
1781509213548,17713,Ingreso Usuario,200,OK,Ingreso-usuarios-muebles 1-178,text,true,,538,336,200,200,https://compumuebles-sabana-api.cyk.com.co/api/auth/login,17713,0,0
1781509213571,17698,Ingreso Usuario,200,OK,Ingreso-usuarios-muebles 1-193,text,true,,538,336,200,200,https://compumuebles-sabana-api.cyk.com.co/api/auth/login,17698,0,0
1781509216699,14572,Ingreso Usuario,200,OK,Ingreso-usuarios-muebles 1-199,text,true,,538,336,200,200,https://compumuebles-sabana-api.cyk.com.co/api/auth/login,14572,0,0
1781509216689,14582,Ingreso Usuario,200,OK,Ingreso-usuarios-muebles 1-16,text,true,,538,336,200,200,https://compumuebles-sabana-api.cyk.com.co/api/auth/login,14582,0,0
1781509216695,14579,Ingreso Usuario,200,OK,Ingreso-usuarios-muebles 1-28,text,true,,538,336,200,200,https://compumuebles-sabana-api.cyk.com.co/api/auth/login,14579,0,0
1781509216706,14568,Ingreso Usuario,200,OK,Ingreso-usuarios-muebles 1-40,text,true,,538,336,200,200,https://compumuebles-sabana-api.cyk.com.co/api/auth/login,14568,0,0
1781509216709,14565,Ingreso Usuario,200,OK,Ingreso-usuarios-muebles 1-14,text,true,,538,336,200,200,https://compumuebles-sabana-api.cyk.com.co/api/auth/login,14565,0,0
1781509216730,14545,Ingreso Usuario,200,OK,Ingreso-usuarios-muebles 1-21,text,true,,538,336,200,200,https://compumuebles-sabana-api.cyk.com.co/api/auth/login,14545,0,0
1781509216730,14547,Ingreso Usuario,200,OK,Ingreso-usuarios-muebles 1-25,text,true,,538,336,200,200,https://compumuebles-sabana-api.cyk.com.co/api/auth/login,14547,0,0
1781509213554,17733,Ingreso Usuario,200,OK,Ingreso-usuarios-muebles 1-181,text,true,,538,336,200,200,https://compumuebles-sabana-api.cyk.com.co/api/auth/login,17733,0,0
1781509216742,14545,Ingreso Usuario,200,OK,Ingreso-usuarios-muebles 1-17,text,true,,538,336,200,200,https://compumuebles-sabana-api.cyk.com.co/api/auth/login,14545,0,0
1781509216691,14598,Ingreso Usuario,200,OK,Ingreso-usuarios-muebles 1-30,text,true,,538,336,200,200,https://compumuebles-sabana-api.cyk.com.co/api/auth/login,14598,0,0
1781509216744,14546,Ingreso Usuario,200,OK,Ingreso-usuarios-muebles 1-41,text,true,,538,336,200,200,https://compumuebles-sabana-api.cyk.com.co/api/auth/login,14546,0,0
1781509216692,14599,Ingreso Usuario,200,OK,Ingreso-usuarios-muebles 1-12,text,true,,538,336,200,200,https://compumuebles-sabana-api.cyk.com.co/api/auth/login,14599,0,0
1781509216695,14596,Ingreso Usuario,200,OK,Ingreso-usuarios-muebles 1-23,text,true,,538,336,200,200,https://compumuebles-sabana-api.cyk.com.co/api/auth/login,14596,0,0
1781509213569,17722,Ingreso Usuario,200,OK,Ingreso-usuarios-muebles 1-190,text,true,,538,336,200,200,https://compumuebles-sabana-api.cyk.com.co/api/auth/login,17722,0,0
1781509216701,14594,Ingreso Usuario,200,OK,Ingreso-usuarios-muebles 1-20,text,true,,538,336,200,200,https://compumuebles-sabana-api.cyk.com.co/api/auth/login,14594,0,0
1781509216714,14585,Ingreso Usuario,200,OK,Ingreso-usuarios-muebles 1-15,text,true,,538,336,200,200,https://compumuebles-sabana-api.cyk.com.co/api/auth/login,14585,0,0
1781509216716,14585,Ingreso Usuario,200,OK,Ingreso-usuarios-muebles 1-31,text,true,,538,336,200,200,https://compumuebles-sabana-api.cyk.com.co/api/auth/login,14585,0,0
1781509216733,14572,Ingreso Usuario,200,OK,Ingreso-usuarios-muebles 1-33,text,true,,538,336,200,200,https://compumuebles-sabana-api.cyk.com.co/api/auth/login,14572,0,0
1781509216741,14564,Ingreso Usuario,200,OK,Ingreso-usuarios-muebles 1-6,text,true,,538,336,200,200,https://compumuebles-sabana-api.cyk.com.co/api/auth/login,14564,0,0
1781509216729,14576,Ingreso Usuario,200,OK,Ingreso-usuarios-muebles 1-43,text,true,,538,336,200,200,https://compumuebles-sabana-api.cyk.com.co/api/auth/login,14576,0,0
1781509216747,14560,Ingreso Usuario,200,OK,Ingreso-usuarios-muebles 1-10,text,true,,538,336,200,200,https://compumuebles-sabana-api.cyk.com.co/api/auth/login,14560,0,0
1781509216756,14553,Ingreso Usuario,200,OK,Ingreso-usuarios-muebles 1-34,text,true,,538,336,200,200,https://compumuebles-sabana-api.cyk.com.co/api/auth/login,14553,0,0
1781509213573,17739,Ingreso Usuario,200,OK,Ingreso-usuarios-muebles 1-197,text,true,,538,336,200,200,https://compumuebles-sabana-api.cyk.com.co/api/auth/login,17739,0,0
1781509216693,14621,Ingreso Usuario,200,OK,Ingreso-usuarios-muebles 1-4,text,true,,538,336,200,200,https://compumuebles-sabana-api.cyk.com.co/api/auth/login,14621,0,0
1781509216693,14625,Ingreso Usuario,200,OK,Ingreso-usuarios-muebles 1-198,text,true,,538,336,200,200,https://compumuebles-sabana-api.cyk.com.co/api/auth/login,14625,0,0
1781509216703,14617,Ingreso Usuario,200,OK,Ingreso-usuarios-muebles 1-8,text,true,,538,336,200,200,https://compumuebles-sabana-api.cyk.com.co/api/auth/login,14617,0,0
1781509216710,14612,Ingreso Usuario,200,OK,Ingreso-usuarios-muebles 1-29,text,true,,538,336,200,200,https://compumuebles-sabana-api.cyk.com.co/api/auth/login,14612,0,0
1781509216728,14625,Ingreso Usuario,200,OK,Ingreso-usuarios-muebles 1-24,text,true,,538,336,200,200,https://compumuebles-sabana-api.cyk.com.co/api/auth/login,14625,0,0
1781509216724,14632,Ingreso Usuario,200,OK,Ingreso-usuarios-muebles 1-22,text,true,,538,336,200,200,https://compumuebles-sabana-api.cyk.com.co/api/auth/login,14632,0,0
1781509216735,14621,Ingreso Usuario,200,OK,Ingreso-usuarios-muebles 1-11,text,true,,538,336,200,200,https://compumuebles-sabana-api.cyk.com.co/api/auth/login,14621,0,0
1781509216740,14626,Ingreso Usuario,200,OK,Ingreso-usuarios-muebles 1-9,text,true,,538,336,200,200,https://compumuebles-sabana-api.cyk.com.co/api/auth/login,14626,0,0
1781509216753,14627,Ingreso Usuario,200,OK,Ingreso-usuarios-muebles 1-5,text,true,,538,336,200,200,https://compumuebles-sabana-api.cyk.com.co/api/auth/login,14627,0,0
1781509216760,25128,Ingreso Usuario,200,OK,Ingreso-usuarios-muebles 1-35,text,true,,538,336,200,200,https://compumuebles-sabana-api.cyk.com.co/api/auth/login,25128,0,0
1781509227404,14486,Ingreso Usuario,200,OK,Ingreso-usuarios-muebles 1-84,text,true,,538,336,200,200,https://compumuebles-sabana-api.cyk.com.co/api/auth/login,14486,0,0
1781509227396,14495,Ingreso Usuario,200,OK,Ingreso-usuarios-muebles 1-32,text,true,,538,336,200,200,https://compumuebles-sabana-api.cyk.com.co/api/auth/login,14495,0,0
1781509227409,14483,Ingreso Usuario,200,OK,Ingreso-usuarios-muebles 1-112,text,true,,538,336,200,200,https://compumuebles-sabana-api.cyk.com.co/api/auth/login,14483,0,0
1781509227421,14474,Ingreso Usuario,200,OK,Ingreso-usuarios-muebles 1-184,text,true,,538,336,200,200,https://compumuebles-sabana-api.cyk.com.co/api/auth/login,14474,0,0
1781509227427,14472,Ingreso Usuario,200,OK,Ingreso-usuarios-muebles 1-87,text,true,,538,336,200,200,https://compumuebles-sabana-api.cyk.com.co/api/auth/login,14472,0,0
1781509227440,14461,Ingreso Usuario,200,OK,Ingreso-usuarios-muebles 1-1,text,true,,538,336,200,200,https://compumuebles-sabana-api.cyk.com.co/api/auth/login,14461,0,0
1781509227433,14469,Ingreso Usuario,200,OK,Ingreso-usuarios-muebles 1-115,text,true,,538,336,200,200,https://compumuebles-sabana-api.cyk.com.co/api/auth/login,14469,0,0
1781509227443,14461,Ingreso Usuario,200,OK,Ingreso-usuarios-muebles 1-49,text,true,,538,336,200,200,https://compumuebles-sabana-api.cyk.com.co/api/auth/login,14461,0,0
1781509227453,14458,Ingreso Usuario,200,OK,Ingreso-usuarios-muebles 1-106,text,true,,538,336,200,200,https://compumuebles-sabana-api.cyk.com.co/api/auth/login,14458,0,0
1781509227459,14453,Ingreso Usuario,200,OK,Ingreso-usuarios-muebles 1-117,text,true,,538,336,200,200,https://compumuebles-sabana-api.cyk.com.co/api/auth/login,14453,0,0
1781509227488,14424,Ingreso Usuario,200,OK,Ingreso-usuarios-muebles 1-55,text,true,,538,336,200,200,https://compumuebles-sabana-api.cyk.com.co/api/auth/login,14424,0,0
1781509227475,14437,Ingreso Usuario,200,OK,Ingreso-usuarios-muebles 1-19,text,true,,538,336,200,200,https://compumuebles-sabana-api.cyk.com.co/api/auth/login,14437,0,0
1781509227509,14404,Ingreso Usuario,200,OK,Ingreso-usuarios-muebles 1-120,text,true,,538,336,200,200,https://compumuebles-sabana-api.cyk.com.co/api/auth/login,14404,0,0
1781509227518,14398,Ingreso Usuario,200,OK,Ingreso-usuarios-muebles 1-175,text,true,,538,336,200,200,https://compumuebles-sabana-api.cyk.com.co/api/auth/login,14398,0,0
1781509227529,14389,Ingreso Usuario,200,OK,Ingreso-usuarios-muebles 1-82,text,true,,538,336,200,200,https://compumuebles-sabana-api.cyk.com.co/api/auth/login,14389,0,0
1781509227581,14338,Ingreso Usuario,200,OK,Ingreso-usuarios-muebles 1-83,text,true,,538,336,200,200,https://compumuebles-sabana-api.cyk.com.co/api/auth/login,14338,0,0
1781509227581,14340,Ingreso Usuario,200,OK,Ingreso-usuarios-muebles 1-160,text,true,,538,336,200,200,https://compumuebles-sabana-api.cyk.com.co/api/auth/login,14340,0,0
1781509227589,14335,Ingreso Usuario,200,OK,Ingreso-usuarios-muebles 1-159,text,true,,538,336,200,200,https://compumuebles-sabana-api.cyk.com.co/api/auth/login,14335,0,0
1781509227589,14337,Ingreso Usuario,200,OK,Ingreso-usuarios-muebles 1-89,text,true,,538,336,200,200,https://compumuebles-sabana-api.cyk.com.co/api/auth/login,14337,0,0
1781509227599,14334,Ingreso Usuario,200,OK,Ingreso-usuarios-muebles 1-173,text,true,,538,336,200,200,https://compumuebles-sabana-api.cyk.com.co/api/auth/login,14334,0,0
1781509227600,14335,Ingreso Usuario,200,OK,Ingreso-usuarios-muebles 1-158,text,true,,538,336,200,200,https://compumuebles-sabana-api.cyk.com.co/api/auth/login,14335,0,0
1781509227599,14338,Ingreso Usuario,200,OK,Ingreso-usuarios-muebles 1-185,text,true,,538,336,200,200,https://compumuebles-sabana-api.cyk.com.co/api/auth/login,14338,0,0
1781509227641,14296,Ingreso Usuario,200,OK,Ingreso-usuarios-muebles 1-167,text,true,,538,336,200,200,https://compumuebles-sabana-api.cyk.com.co/api/auth/login,14296,0,0
1781509227668,14271,Ingreso Usuario,200,OK,Ingreso-usuarios-muebles 1-149,text,true,,538,336,200,200,https://compumuebles-sabana-api.cyk.com.co/api/auth/login,14271,0,0
1781509227676,14267,Ingreso Usuario,200,OK,Ingreso-usuarios-muebles 1-69,text,true,,538,336,200,200,https://compumuebles-sabana-api.cyk.com.co/api/auth/login,14267,0,0
1781509227668,14276,Ingreso Usuario,200,OK,Ingreso-usuarios-muebles 1-196,text,true,,538,336,200,200,https://compumuebles-sabana-api.cyk.com.co/api/auth/login,14276,0,0
1781509227697,14247,Ingreso Usuario,200,OK,Ingreso-usuarios-muebles 1-66,text,true,,538,336,200,200,https://compumuebles-sabana-api.cyk.com.co/api/auth/login,14247,0,0
1781509227705,14242,Ingreso Usuario,200,OK,Ingreso-usuarios-muebles 1-144,text,true,,538,336,200,200,https://compumuebles-sabana-api.cyk.com.co/api/auth/login,14242,0,0
1781509227714,14236,Ingreso Usuario,200,OK,Ingreso-usuarios-muebles 1-150,text,true,,538,336,200,200,https://compumuebles-sabana-api.cyk.com.co/api/auth/login,14236,0,0
1781509227739,14213,Ingreso Usuario,200,OK,Ingreso-usuarios-muebles 1-63,text,true,,538,336,200,200,https://compumuebles-sabana-api.cyk.com.co/api/auth/login,14213,0,0
1781509227747,14207,Ingreso Usuario,200,OK,Ingreso-usuarios-muebles 1-101,text,true,,538,336,200,200,https://compumuebles-sabana-api.cyk.com.co/api/auth/login,14207,0,0
1781509227785,14174,Ingreso Usuario,200,OK,Ingreso-usuarios-muebles 1-180,text,true,,538,336,200,200,https://compumuebles-sabana-api.cyk.com.co/api/auth/login,14174,0,0
1781509227795,14166,Ingreso Usuario,200,OK,Ingreso-usuarios-muebles 1-195,text,true,,538,336,200,200,https://compumuebles-sabana-api.cyk.com.co/api/auth/login,14166,0,0
1781509227806,14156,Ingreso Usuario,200,OK,Ingreso-usuarios-muebles 1-138,text,true,,538,336,200,200,https://compumuebles-sabana-api.cyk.com.co/api/auth/login,14156,0,0
1781509227818,14145,Ingreso Usuario,200,OK,Ingreso-usuarios-muebles 1-163,text,true,,538,336,200,200,https://compumuebles-sabana-api.cyk.com.co/api/auth/login,14145,0,0
1781509227842,14125,Ingreso Usuario,200,OK,Ingreso-usuarios-muebles 1-102,text,true,,538,336,200,200,https://compumuebles-sabana-api.cyk.com.co/api/auth/login,14125,0,0
1781509227829,14141,Ingreso Usuario,200,OK,Ingreso-usuarios-muebles 1-56,text,true,,538,336,200,200,https://compumuebles-sabana-api.cyk.com.co/api/auth/login,14141,0,0
1781509216758,25218,Ingreso Usuario,200,OK,Ingreso-usuarios-muebles 1-18,text,true,,538,336,200,200,https://compumuebles-sabana-api.cyk.com.co/api/auth/login,25218,0,0
1781509227401,14585,Ingreso Usuario,200,OK,Ingreso-usuarios-muebles 1-48,text,true,,538,336,200,200,https://compumuebles-sabana-api.cyk.com.co/api/auth/login,14585,0,0
1781509227405,14581,Ingreso Usuario,200,OK,Ingreso-usuarios-muebles 1-91,text,true,,538,336,200,200,https://compumuebles-sabana-api.cyk.com.co/api/auth/login,14581,0,0
1781509227416,14572,Ingreso Usuario,200,OK,Ingreso-usuarios-muebles 1-145,text,true,,538,336,200,200,https://compumuebles-sabana-api.cyk.com.co/api/auth/login,14572,0,0
1781509227423,14566,Ingreso Usuario,200,OK,Ingreso-usuarios-muebles 1-71,text,true,,538,336,200,200,https://compumuebles-sabana-api.cyk.com.co/api/auth/login,14566,0,0
1781509227430,14560,Ingreso Usuario,200,OK,Ingreso-usuarios-muebles 1-118,text,true,,538,336,200,200,https://compumuebles-sabana-api.cyk.com.co/api/auth/login,14560,0,0
1781509227440,14566,Ingreso Usuario,200,OK,Ingreso-usuarios-muebles 1-53,text,true,,538,336,200,200,https://compumuebles-sabana-api.cyk.com.co/api/auth/login,14566,0,0
1781509216761,25245,Ingreso Usuario,200,OK,Ingreso-usuarios-muebles 1-37,text,true,,538,336,200,200,https://compumuebles-sabana-api.cyk.com.co/api/auth/login,25245,0,0
1781509227468,14545,Ingreso Usuario,200,OK,Ingreso-usuarios-muebles 1-146,text,true,,538,336,200,200,https://compumuebles-sabana-api.cyk.com.co/api/auth/login,14545,0,0
1781509227455,14558,Ingreso Usuario,200,OK,Ingreso-usuarios-muebles 1-125,text,true,,538,336,200,200,https://compumuebles-sabana-api.cyk.com.co/api/auth/login,14558,0,0
1781509227447,14568,Ingreso Usuario,200,OK,Ingreso-usuarios-muebles 1-62,text,true,,538,336,200,200,https://compumuebles-sabana-api.cyk.com.co/api/auth/login,14568,0,0
1781509227458,14557,Ingreso Usuario,200,OK,Ingreso-usuarios-muebles 1-98,text,true,,538,336,200,200,https://compumuebles-sabana-api.cyk.com.co/api/auth/login,14557,0,0
1781509227509,14509,Ingreso Usuario,200,OK,Ingreso-usuarios-muebles 1-136,text,true,,538,336,200,200,https://compumuebles-sabana-api.cyk.com.co/api/auth/login,14509,0,0
1781509227566,14453,Ingreso Usuario,200,OK,Ingreso-usuarios-muebles 1-179,text,true,,538,336,200,200,https://compumuebles-sabana-api.cyk.com.co/api/auth/login,14453,0,0
1781509227515,14504,Ingreso Usuario,200,OK,Ingreso-usuarios-muebles 1-151,text,true,,538,336,200,200,https://compumuebles-sabana-api.cyk.com.co/api/auth/login,14504,0,0
1781509227477,14545,Ingreso Usuario,200,OK,Ingreso-usuarios-muebles 1-42,text,true,,538,336,200,200,https://compumuebles-sabana-api.cyk.com.co/api/auth/login,14545,0,0
1781509227581,14478,Ingreso Usuario,200,OK,Ingreso-usuarios-muebles 1-192,text,true,,538,336,200,200,https://compumuebles-sabana-api.cyk.com.co/api/auth/login,14478,0,0
1781509227519,14542,Ingreso Usuario,200,OK,Ingreso-usuarios-muebles 1-74,text,true,,538,336,200,200,https://compumuebles-sabana-api.cyk.com.co/api/auth/login,14542,0,0
1781509227581,14480,Ingreso Usuario,200,OK,Ingreso-usuarios-muebles 1-65,text,true,,538,336,200,200,https://compumuebles-sabana-api.cyk.com.co/api/auth/login,14480,0,0
1781509227596,14479,Ingreso Usuario,200,OK,Ingreso-usuarios-muebles 1-126,text,true,,538,336,200,200,https://compumuebles-sabana-api.cyk.com.co/api/auth/login,14479,0,0
1781509227589,14486,Ingreso Usuario,200,OK,Ingreso-usuarios-muebles 1-54,text,true,,538,336,200,200,https://compumuebles-sabana-api.cyk.com.co/api/auth/login,14486,0,0
1781509227600,14477,Ingreso Usuario,200,OK,Ingreso-usuarios-muebles 1-27,text,true,,538,336,200,200,https://compumuebles-sabana-api.cyk.com.co/api/auth/login,14477,0,0
1781509227646,14461,Ingreso Usuario,200,OK,Ingreso-usuarios-muebles 1-188,text,true,,538,336,200,200,https://compumuebles-sabana-api.cyk.com.co/api/auth/login,14461,0,0
1781509227647,14468,Ingreso Usuario,200,OK,Ingreso-usuarios-muebles 1-191,text,true,,538,336,200,200,https://compumuebles-sabana-api.cyk.com.co/api/auth/login,14468,0,0
1781509227620,14495,Ingreso Usuario,200,OK,Ingreso-usuarios-muebles 1-104,text,true,,538,336,200,200,https://compumuebles-sabana-api.cyk.com.co/api/auth/login,14495,0,0
1781509227668,14448,Ingreso Usuario,200,OK,Ingreso-usuarios-muebles 1-142,text,true,,538,336,200,200,https://compumuebles-sabana-api.cyk.com.co/api/auth/login,14448,0,0
1781509227668,14468,Ingreso Usuario,200,OK,Ingreso-usuarios-muebles 1-168,text,true,,538,336,200,200,https://compumuebles-sabana-api.cyk.com.co/api/auth/login,14468,0,0
1781509227698,14439,Ingreso Usuario,200,OK,Ingreso-usuarios-muebles 1-77,text,true,,538,336,200,200,https://compumuebles-sabana-api.cyk.com.co/api/auth/login,14439,0,0
1781509227739,14408,Ingreso Usuario,200,OK,Ingreso-usuarios-muebles 1-39,text,true,,538,336,200,200,https://compumuebles-sabana-api.cyk.com.co/api/auth/login,14408,0,0
1781509227705,14442,Ingreso Usuario,200,OK,Ingreso-usuarios-muebles 1-157,text,true,,538,336,200,200,https://compumuebles-sabana-api.cyk.com.co/api/auth/login,14442,0,0
1781509227719,14428,Ingreso Usuario,200,OK,Ingreso-usuarios-muebles 1-170,text,true,,538,336,200,200,https://compumuebles-sabana-api.cyk.com.co/api/auth/login,14428,0,0
1781509227714,14434,Ingreso Usuario,200,OK,Ingreso-usuarios-muebles 1-94,text,true,,538,336,200,200,https://compumuebles-sabana-api.cyk.com.co/api/auth/login,14434,0,0
1781509227771,14395,Ingreso Usuario,200,OK,Ingreso-usuarios-muebles 1-124,text,true,,538,336,200,200,https://compumuebles-sabana-api.cyk.com.co/api/auth/login,14395,0,0
1781509227795,14376,Ingreso Usuario,200,OK,Ingreso-usuarios-muebles 1-60,text,true,,538,336,200,200,https://compumuebles-sabana-api.cyk.com.co/api/auth/login,14376,0,0
1781509227404,14776,Ingreso Usuario,200,OK,Ingreso-usuarios-muebles 1-61,text,true,,538,336,200,200,https://compumuebles-sabana-api.cyk.com.co/api/auth/login,14776,0,0
1781509227418,14771,Ingreso Usuario,200,OK,Ingreso-usuarios-muebles 1-171,text,true,,538,336,200,200,https://compumuebles-sabana-api.cyk.com.co/api/auth/login,14771,0,0
1781509227422,14769,Ingreso Usuario,200,OK,Ingreso-usuarios-muebles 1-50,text,true,,538,336,200,200,https://compumuebles-sabana-api.cyk.com.co/api/auth/login,14769,0,0
1781509227437,14755,Ingreso Usuario,200,OK,Ingreso-usuarios-muebles 1-176,text,true,,538,336,200,200,https://compumuebles-sabana-api.cyk.com.co/api/auth/login,14755,0,0
1781509227439,14756,Ingreso Usuario,200,OK,Ingreso-usuarios-muebles 1-183,text,true,,538,336,200,200,https://compumuebles-sabana-api.cyk.com.co/api/auth/login,14756,0,0
1781509227445,14757,Ingreso Usuario,200,OK,Ingreso-usuarios-muebles 1-73,text,true,,538,336,200,200,https://compumuebles-sabana-api.cyk.com.co/api/auth/login,14757,0,0
1781509227453,14750,Ingreso Usuario,200,OK,Ingreso-usuarios-muebles 1-141,text,true,,538,336,200,200,https://compumuebles-sabana-api.cyk.com.co/api/auth/login,14750,0,0
1781509227464,14741,Ingreso Usuario,200,OK,Ingreso-usuarios-muebles 1-166,text,true,,538,336,200,200,https://compumuebles-sabana-api.cyk.com.co/api/auth/login,14741,0,0
1781509227469,14738,Ingreso Usuario,200,OK,Ingreso-usuarios-muebles 1-182,text,true,,538,336,200,200,https://compumuebles-sabana-api.cyk.com.co/api/auth/login,14738,0,0
1781509227497,14712,Ingreso Usuario,200,OK,Ingreso-usuarios-muebles 1-75,text,true,,538,336,200,200,https://compumuebles-sabana-api.cyk.com.co/api/auth/login,14712,0,0
1781509227507,14717,Ingreso Usuario,200,OK,Ingreso-usuarios-muebles 1-108,text,true,,538,336,200,200,https://compumuebles-sabana-api.cyk.com.co/api/auth/login,14717,0,0
1781509227515,14709,Ingreso Usuario,200,OK,Ingreso-usuarios-muebles 1-47,text,true,,538,336,200,200,https://compumuebles-sabana-api.cyk.com.co/api/auth/login,14709,0,0
1781509227529,14695,Ingreso Usuario,200,OK,Ingreso-usuarios-muebles 1-111,text,true,,538,336,200,200,https://compumuebles-sabana-api.cyk.com.co/api/auth/login,14695,0,0
1781509227560,14665,Ingreso Usuario,200,OK,Ingreso-usuarios-muebles 1-156,text,true,,538,336,200,200,https://compumuebles-sabana-api.cyk.com.co/api/auth/login,14665,0,0
1781509227581,14645,Ingreso Usuario,200,OK,Ingreso-usuarios-muebles 1-90,text,true,,538,336,200,200,https://compumuebles-sabana-api.cyk.com.co/api/auth/login,14645,0,0
1781509227581,14650,Ingreso Usuario,200,OK,Ingreso-usuarios-muebles 1-59,text,true,,538,336,200,200,https://compumuebles-sabana-api.cyk.com.co/api/auth/login,14650,0,0
1781509227595,14638,Ingreso Usuario,200,OK,Ingreso-usuarios-muebles 1-134,text,true,,538,336,200,200,https://compumuebles-sabana-api.cyk.com.co/api/auth/login,14638,0,0
1781509227596,14640,Ingreso Usuario,200,OK,Ingreso-usuarios-muebles 1-110,text,true,,538,336,200,200,https://compumuebles-sabana-api.cyk.com.co/api/auth/login,14640,0,0
1781509227603,14634,Ingreso Usuario,200,OK,Ingreso-usuarios-muebles 1-57,text,true,,538,336,200,200,https://compumuebles-sabana-api.cyk.com.co/api/auth/login,14634,0,0
1781509227627,14612,Ingreso Usuario,200,OK,Ingreso-usuarios-muebles 1-140,text,true,,538,336,200,200,https://compumuebles-sabana-api.cyk.com.co/api/auth/login,14612,0,0
1781509227630,14612,Ingreso Usuario,200,OK,Ingreso-usuarios-muebles 1-147,text,true,,538,336,200,200,https://compumuebles-sabana-api.cyk.com.co/api/auth/login,14612,0,0
1781509227659,14591,Ingreso Usuario,200,OK,Ingreso-usuarios-muebles 1-79,text,true,,538,336,200,200,https://compumuebles-sabana-api.cyk.com.co/api/auth/login,14591,0,0
1781509227714,14547,Ingreso Usuario,200,OK,Ingreso-usuarios-muebles 1-139,text,true,,538,336,200,200,https://compumuebles-sabana-api.cyk.com.co/api/auth/login,14547,0,0
1781509227659,14602,Ingreso Usuario,200,OK,Ingreso-usuarios-muebles 1-100,text,true,,538,336,200,200,https://compumuebles-sabana-api.cyk.com.co/api/auth/login,14602,0,0
1781509227699,14563,Ingreso Usuario,200,OK,Ingreso-usuarios-muebles 1-113,text,true,,538,336,200,200,https://compumuebles-sabana-api.cyk.com.co/api/auth/login,14563,0,0
1781509227698,14564,Ingreso Usuario,200,OK,Ingreso-usuarios-muebles 1-99,text,true,,538,336,200,200,https://compumuebles-sabana-api.cyk.com.co/api/auth/login,14564,0,0
1781509227668,14595,Ingreso Usuario,200,OK,Ingreso-usuarios-muebles 1-187,text,true,,538,336,200,200,https://compumuebles-sabana-api.cyk.com.co/api/auth/login,14595,0,0
1781509227747,14532,Ingreso Usuario,200,OK,Ingreso-usuarios-muebles 1-81,text,true,,538,336,200,200,https://compumuebles-sabana-api.cyk.com.co/api/auth/login,14532,0,0
1781509227719,14560,Ingreso Usuario,200,OK,Ingreso-usuarios-muebles 1-189,text,true,,538,336,200,200,https://compumuebles-sabana-api.cyk.com.co/api/auth/login,14560,0,0
1781509227774,14506,Ingreso Usuario,200,OK,Ingreso-usuarios-muebles 1-162,text,true,,538,336,200,200,https://compumuebles-sabana-api.cyk.com.co/api/auth/login,14506,0,0
1781509227807,14482,Ingreso Usuario,200,OK,Ingreso-usuarios-muebles 1-131,text,true,,538,336,200,200,https://compumuebles-sabana-api.cyk.com.co/api/auth/login,14482,0,0
1781509227806,14490,Ingreso Usuario,200,OK,Ingreso-usuarios-muebles 1-103,text,true,,538,336,200,200,https://compumuebles-sabana-api.cyk.com.co/api/auth/login,14490,0,0
1781509227818,14481,Ingreso Usuario,200,OK,Ingreso-usuarios-muebles 1-172,text,true,,538,336,200,200,https://compumuebles-sabana-api.cyk.com.co/api/auth/login,14481,0,0
1781509227829,14473,Ingreso Usuario,200,OK,Ingreso-usuarios-muebles 1-68,text,true,,538,336,200,200,https://compumuebles-sabana-api.cyk.com.co/api/auth/login,14473,0,0
1781509227840,14468,Ingreso Usuario,200,OK,Ingreso-usuarios-muebles 1-153,text,true,,538,336,200,200,https://compumuebles-sabana-api.cyk.com.co/api/auth/login,14468,0,0
1781509227818,14504,Ingreso Usuario,200,OK,Ingreso-usuarios-muebles 1-52,text,true,,538,336,200,200,https://compumuebles-sabana-api.cyk.com.co/api/auth/login,14504,0,0
1781509227836,14487,Ingreso Usuario,200,OK,Ingreso-usuarios-muebles 1-122,text,true,,538,336,200,200,https://compumuebles-sabana-api.cyk.com.co/api/auth/login,14487,0,0
1781509227829,14494,Ingreso Usuario,200,OK,Ingreso-usuarios-muebles 1-78,text,true,,538,336,200,200,https://compumuebles-sabana-api.cyk.com.co/api/auth/login,14494,0,0
1781509227805,14518,Ingreso Usuario,200,OK,Ingreso-usuarios-muebles 1-92,text,true,,538,336,200,200,https://compumuebles-sabana-api.cyk.com.co/api/auth/login,14518,0,0
1781509227848,14475,Ingreso Usuario,200,OK,Ingreso-usuarios-muebles 1-161,text,true,,538,336,200,200,https://compumuebles-sabana-api.cyk.com.co/api/auth/login,14475,0,0
1781509227404,14924,Ingreso Usuario,200,OK,Ingreso-usuarios-muebles 1-44,text,true,,538,336,200,200,https://compumuebles-sabana-api.cyk.com.co/api/auth/login,14924,0,0
1781509227409,14922,Ingreso Usuario,200,OK,Ingreso-usuarios-muebles 1-128,text,true,,538,336,200,200,https://compumuebles-sabana-api.cyk.com.co/api/auth/login,14922,0,0
1781509227418,14915,Ingreso Usuario,200,OK,Ingreso-usuarios-muebles 1-155,text,true,,538,336,200,200,https://compumuebles-sabana-api.cyk.com.co/api/auth/login,14915,0,0
1781509227436,14900,Ingreso Usuario,200,OK,Ingreso-usuarios-muebles 1-152,text,true,,538,336,200,200,https://compumuebles-sabana-api.cyk.com.co/api/auth/login,14900,0,0
1781509227436,14901,Ingreso Usuario,200,OK,Ingreso-usuarios-muebles 1-135,text,true,,538,336,200,200,https://compumuebles-sabana-api.cyk.com.co/api/auth/login,14901,0,0
1781509227448,14892,Ingreso Usuario,200,OK,Ingreso-usuarios-muebles 1-93,text,true,,538,336,200,200,https://compumuebles-sabana-api.cyk.com.co/api/auth/login,14892,0,0
1781509227454,14894,Ingreso Usuario,200,OK,Ingreso-usuarios-muebles 1-165,text,true,,538,336,200,200,https://compumuebles-sabana-api.cyk.com.co/api/auth/login,14894,0,0
1781509227457,14896,Ingreso Usuario,200,OK,Ingreso-usuarios-muebles 1-86,text,true,,538,336,200,200,https://compumuebles-sabana-api.cyk.com.co/api/auth/login,14896,0,0
1781509227462,14893,Ingreso Usuario,200,OK,Ingreso-usuarios-muebles 1-143,text,true,,538,336,200,200,https://compumuebles-sabana-api.cyk.com.co/api/auth/login,14893,0,0
1781509227474,14883,Ingreso Usuario,200,OK,Ingreso-usuarios-muebles 1-169,text,true,,538,336,200,200,https://compumuebles-sabana-api.cyk.com.co/api/auth/login,14883,0,0
1781509227497,14861,Ingreso Usuario,200,OK,Ingreso-usuarios-muebles 1-88,text,true,,538,336,200,200,https://compumuebles-sabana-api.cyk.com.co/api/auth/login,14861,0,0
1781509227513,14846,Ingreso Usuario,200,OK,Ingreso-usuarios-muebles 1-164,text,true,,538,336,200,200,https://compumuebles-sabana-api.cyk.com.co/api/auth/login,14846,0,0
1781509227519,14843,Ingreso Usuario,200,OK,Ingreso-usuarios-muebles 1-67,text,true,,538,336,200,200,https://compumuebles-sabana-api.cyk.com.co/api/auth/login,14843,0,0
1781509227558,14807,Ingreso Usuario,200,OK,Ingreso-usuarios-muebles 1-127,text,true,,538,336,200,200,https://compumuebles-sabana-api.cyk.com.co/api/auth/login,14807,0,0
1781509227581,14790,Ingreso Usuario,200,OK,Ingreso-usuarios-muebles 1-119,text,true,,538,336,200,200,https://compumuebles-sabana-api.cyk.com.co/api/auth/login,14790,0,0
1781509227581,14792,Ingreso Usuario,200,OK,Ingreso-usuarios-muebles 1-85,text,true,,538,336,200,200,https://compumuebles-sabana-api.cyk.com.co/api/auth/login,14792,0,0
1781509227589,14795,Ingreso Usuario,200,OK,Ingreso-usuarios-muebles 1-148,text,true,,538,336,200,200,https://compumuebles-sabana-api.cyk.com.co/api/auth/login,14795,0,0
1781509227589,14802,Ingreso Usuario,200,OK,Ingreso-usuarios-muebles 1-133,text,true,,538,336,200,200,https://compumuebles-sabana-api.cyk.com.co/api/auth/login,14802,0,0
1781509227603,14789,Ingreso Usuario,200,OK,Ingreso-usuarios-muebles 1-70,text,true,,538,336,200,200,https://compumuebles-sabana-api.cyk.com.co/api/auth/login,14789,0,0
1781509227625,14771,Ingreso Usuario,200,OK,Ingreso-usuarios-muebles 1-114,text,true,,538,336,200,200,https://compumuebles-sabana-api.cyk.com.co/api/auth/login,14771,0,0
1781509227620,14777,Ingreso Usuario,200,OK,Ingreso-usuarios-muebles 1-96,text,true,,538,336,200,200,https://compumuebles-sabana-api.cyk.com.co/api/auth/login,14777,0,0
1781509227659,14741,Ingreso Usuario,200,OK,Ingreso-usuarios-muebles 1-95,text,true,,538,336,200,200,https://compumuebles-sabana-api.cyk.com.co/api/auth/login,14741,0,0
1781509227659,14749,Ingreso Usuario,200,OK,Ingreso-usuarios-muebles 1-123,text,true,,538,336,200,200,https://compumuebles-sabana-api.cyk.com.co/api/auth/login,14749,0,0
1781509227647,14766,Ingreso Usuario,200,OK,Ingreso-usuarios-muebles 1-58,text,true,,538,336,200,200,https://compumuebles-sabana-api.cyk.com.co/api/auth/login,14766,0,0
1781509227680,14733,Ingreso Usuario,200,OK,Ingreso-usuarios-muebles 1-72,text,true,,538,336,200,200,https://compumuebles-sabana-api.cyk.com.co/api/auth/login,14733,0,0
1781509227714,14705,Ingreso Usuario,200,OK,Ingreso-usuarios-muebles 1-105,text,true,,538,336,200,200,https://compumuebles-sabana-api.cyk.com.co/api/auth/login,14705,0,0
1781509227714,14705,Ingreso Usuario,200,OK,Ingreso-usuarios-muebles 1-121,text,true,,538,336,200,200,https://compumuebles-sabana-api.cyk.com.co/api/auth/login,14705,0,0
1781509227705,14714,Ingreso Usuario,200,OK,Ingreso-usuarios-muebles 1-137,text,true,,538,336,200,200,https://compumuebles-sabana-api.cyk.com.co/api/auth/login,14714,0,0
1781509227739,14683,Ingreso Usuario,200,OK,Ingreso-usuarios-muebles 1-76,text,true,,538,336,200,200,https://compumuebles-sabana-api.cyk.com.co/api/auth/login,14683,0,0
1781509227774,14656,Ingreso Usuario,200,OK,Ingreso-usuarios-muebles 1-132,text,true,,538,336,200,200,https://compumuebles-sabana-api.cyk.com.co/api/auth/login,14656,0,0
1781509227805,14627,Ingreso Usuario,200,OK,Ingreso-usuarios-muebles 1-107,text,true,,538,336,200,200,https://compumuebles-sabana-api.cyk.com.co/api/auth/login,14627,0,0
1781509227818,14615,Ingreso Usuario,200,OK,Ingreso-usuarios-muebles 1-51,text,true,,538,336,200,200,https://compumuebles-sabana-api.cyk.com.co/api/auth/login,14615,0,0
1781509227806,14628,Ingreso Usuario,200,OK,Ingreso-usuarios-muebles 1-64,text,true,,538,336,200,200,https://compumuebles-sabana-api.cyk.com.co/api/auth/login,14628,0,0
1781509227829,14606,Ingreso Usuario,200,OK,Ingreso-usuarios-muebles 1-97,text,true,,538,336,200,200,https://compumuebles-sabana-api.cyk.com.co/api/auth/login,14606,0,0
1781509227838,14606,Ingreso Usuario,200,OK,Ingreso-usuarios-muebles 1-129,text,true,,538,336,200,200,https://compumuebles-sabana-api.cyk.com.co/api/auth/login,14606,0,0
1781509227829,14620,Ingreso Usuario,200,OK,Ingreso-usuarios-muebles 1-109,text,true,,538,336,200,200,https://compumuebles-sabana-api.cyk.com.co/api/auth/login,14620,0,0
1781509227840,17658,Ingreso Usuario,200,OK,Ingreso-usuarios-muebles 1-80,text,true,,538,336,200,200,https://compumuebles-sabana-api.cyk.com.co/api/auth/login,17658,0,0
1781509231248,14253,Ingreso Usuario,200,OK,Ingreso-usuarios-muebles 1-186,text,true,,538,336,200,200,https://compumuebles-sabana-api.cyk.com.co/api/auth/login,14253,0,0
1781509231251,14252,Ingreso Usuario,200,OK,Ingreso-usuarios-muebles 1-3,text,true,,538,336,200,200,https://compumuebles-sabana-api.cyk.com.co/api/auth/login,14252,0,0
1781509227911,17592,Ingreso Usuario,200,OK,Ingreso-usuarios-muebles 1-177,text,true,,538,336,200,200,https://compumuebles-sabana-api.cyk.com.co/api/auth/login,17592,0,0
1781509231274,14230,Ingreso Usuario,200,OK,Ingreso-usuarios-muebles 1-40,text,true,,538,336,200,200,https://compumuebles-sabana-api.cyk.com.co/api/auth/login,14230,0,0
1781509231257,14248,Ingreso Usuario,200,OK,Ingreso-usuarios-muebles 1-2,text,true,,538,336,200,200,https://compumuebles-sabana-api.cyk.com.co/api/auth/login,14248,0,0
1781509231288,14220,Ingreso Usuario,200,OK,Ingreso-usuarios-muebles 1-17,text,true,,538,336,200,200,https://compumuebles-sabana-api.cyk.com.co/api/auth/login,14220,0,0
1781509231269,14239,Ingreso Usuario,200,OK,Ingreso-usuarios-muebles 1-193,text,true,,538,336,200,200,https://compumuebles-sabana-api.cyk.com.co/api/auth/login,14239,0,0
1781509231277,14232,Ingreso Usuario,200,OK,Ingreso-usuarios-muebles 1-25,text,true,,538,336,200,200,https://compumuebles-sabana-api.cyk.com.co/api/auth/login,14232,0,0
1781509231291,14220,Ingreso Usuario,200,OK,Ingreso-usuarios-muebles 1-23,text,true,,538,336,200,200,https://compumuebles-sabana-api.cyk.com.co/api/auth/login,14220,0,0
1781509231301,14214,Ingreso Usuario,200,OK,Ingreso-usuarios-muebles 1-31,text,true,,538,336,200,200,https://compumuebles-sabana-api.cyk.com.co/api/auth/login,14214,0,0
1781509231307,14210,Ingreso Usuario,200,OK,Ingreso-usuarios-muebles 1-10,text,true,,538,336,200,200,https://compumuebles-sabana-api.cyk.com.co/api/auth/login,14210,0,0
1781509227845,17675,Ingreso Usuario,200,OK,Ingreso-usuarios-muebles 1-154,text,true,,538,336,200,200,https://compumuebles-sabana-api.cyk.com.co/api/auth/login,17675,0,0
1781509227911,17613,Ingreso Usuario,200,OK,Ingreso-usuarios-muebles 1-194,text,true,,538,336,200,200,https://compumuebles-sabana-api.cyk.com.co/api/auth/login,17613,0,0
1781509231251,14273,Ingreso Usuario,200,OK,Ingreso-usuarios-muebles 1-13,text,true,,538,336,200,200,https://compumuebles-sabana-api.cyk.com.co/api/auth/login,14273,0,0
1781509231261,14264,Ingreso Usuario,200,OK,Ingreso-usuarios-muebles 1-178,text,true,,538,336,200,200,https://compumuebles-sabana-api.cyk.com.co/api/auth/login,14264,0,0
1781509231256,14272,Ingreso Usuario,200,OK,Ingreso-usuarios-muebles 1-7,text,true,,538,336,200,200,https://compumuebles-sabana-api.cyk.com.co/api/auth/login,14272,0,0
1781509231274,14257,Ingreso Usuario,200,OK,Ingreso-usuarios-muebles 1-28,text,true,,538,336,200,200,https://compumuebles-sabana-api.cyk.com.co/api/auth/login,14257,0,0
1781509231275,14260,Ingreso Usuario,200,OK,Ingreso-usuarios-muebles 1-21,text,true,,538,336,200,200,https://compumuebles-sabana-api.cyk.com.co/api/auth/login,14260,0,0
1781509231289,14247,Ingreso Usuario,200,OK,Ingreso-usuarios-muebles 1-30,text,true,,538,336,200,200,https://compumuebles-sabana-api.cyk.com.co/api/auth/login,14247,0,0
1781509231305,14234,Ingreso Usuario,200,OK,Ingreso-usuarios-muebles 1-43,text,true,,538,336,200,200,https://compumuebles-sabana-api.cyk.com.co/api/auth/login,14234,0,0
1781509231309,14231,Ingreso Usuario,200,OK,Ingreso-usuarios-muebles 1-34,text,true,,538,336,200,200,https://compumuebles-sabana-api.cyk.com.co/api/auth/login,14231,0,0
1781509231299,14244,Ingreso Usuario,200,OK,Ingreso-usuarios-muebles 1-15,text,true,,538,336,200,200,https://compumuebles-sabana-api.cyk.com.co/api/auth/login,14244,0,0
1781509227845,17701,Ingreso Usuario,200,OK,Ingreso-usuarios-muebles 1-130,text,true,,538,336,200,200,https://compumuebles-sabana-api.cyk.com.co/api/auth/login,17701,0,0
1781509231247,14300,Ingreso Usuario,200,OK,Ingreso-usuarios-muebles 1-174,text,true,,538,336,200,200,https://compumuebles-sabana-api.cyk.com.co/api/auth/login,14300,0,0
1781509231251,14300,Ingreso Usuario,200,OK,Ingreso-usuarios-muebles 1-45,text,true,,538,336,200,200,https://compumuebles-sabana-api.cyk.com.co/api/auth/login,14300,0,0
1781509231271,14281,Ingreso Usuario,200,OK,Ingreso-usuarios-muebles 1-199,text,true,,538,336,200,200,https://compumuebles-sabana-api.cyk.com.co/api/auth/login,14281,0,0
1781509231271,14284,Ingreso Usuario,200,OK,Ingreso-usuarios-muebles 1-16,text,true,,538,336,200,200,https://compumuebles-sabana-api.cyk.com.co/api/auth/login,14284,0,0
1781509231274,14282,Ingreso Usuario,200,OK,Ingreso-usuarios-muebles 1-14,text,true,,538,336,200,200,https://compumuebles-sabana-api.cyk.com.co/api/auth/login,14282,0,0
1781509231287,14271,Ingreso Usuario,200,OK,Ingreso-usuarios-muebles 1-181,text,true,,538,336,200,200,https://compumuebles-sabana-api.cyk.com.co/api/auth/login,14271,0,0
1781509231295,14265,Ingreso Usuario,200,OK,Ingreso-usuarios-muebles 1-20,text,true,,538,336,200,200,https://compumuebles-sabana-api.cyk.com.co/api/auth/login,14265,0,0
1781509231291,14269,Ingreso Usuario,200,OK,Ingreso-usuarios-muebles 1-12,text,true,,538,336,200,200,https://compumuebles-sabana-api.cyk.com.co/api/auth/login,14269,0,0
1781509231312,14251,Ingreso Usuario,200,OK,Ingreso-usuarios-muebles 1-197,text,true,,538,336,200,200,https://compumuebles-sabana-api.cyk.com.co/api/auth/login,14251,0,0
1781509231320,14244,Ingreso Usuario,200,OK,Ingreso-usuarios-muebles 1-8,text,true,,538,336,200,200,https://compumuebles-sabana-api.cyk.com.co/api/auth/login,14244,0,0
1781509231253,14319,Ingreso Usuario,200,OK,Ingreso-usuarios-muebles 1-38,text,true,,538,336,200,200,https://compumuebles-sabana-api.cyk.com.co/api/auth/login,14319,0,0
1781509227842,17731,Ingreso Usuario,200,OK,Ingreso-usuarios-muebles 1-116,text,true,,538,336,200,200,https://compumuebles-sabana-api.cyk.com.co/api/auth/login,17731,0,0
1781509231259,14321,Ingreso Usuario,200,OK,Ingreso-usuarios-muebles 1-26,text,true,,538,336,200,200,https://compumuebles-sabana-api.cyk.com.co/api/auth/login,14321,0,0
1781509231254,14326,Ingreso Usuario,200,OK,Ingreso-usuarios-muebles 1-200,text,true,,538,336,200,200,https://compumuebles-sabana-api.cyk.com.co/api/auth/login,14326,0,0
1781509231257,14324,Ingreso Usuario,200,OK,Ingreso-usuarios-muebles 1-36,text,true,,538,336,200,200,https://compumuebles-sabana-api.cyk.com.co/api/auth/login,14324,0,0
1781509231254,14329,Ingreso Usuario,200,OK,Ingreso-usuarios-muebles 1-46,text,true,,538,336,200,200,https://compumuebles-sabana-api.cyk.com.co/api/auth/login,14329,0,0
1781509231291,14307,Ingreso Usuario,200,OK,Ingreso-usuarios-muebles 1-190,text,true,,538,336,200,200,https://compumuebles-sabana-api.cyk.com.co/api/auth/login,14307,0,0
1781509231290,14313,Ingreso Usuario,200,OK,Ingreso-usuarios-muebles 1-41,text,true,,538,336,200,200,https://compumuebles-sabana-api.cyk.com.co/api/auth/login,14313,0,0
1781509231305,14310,Ingreso Usuario,200,OK,Ingreso-usuarios-muebles 1-33,text,true,,538,336,200,200,https://compumuebles-sabana-api.cyk.com.co/api/auth/login,14310,0,0
1781509231305,14319,Ingreso Usuario,200,OK,Ingreso-usuarios-muebles 1-6,text,true,,538,336,200,200,https://compumuebles-sabana-api.cyk.com.co/api/auth/login,14319,0,0
1781509231314,24933,Ingreso Usuario,200,OK,Ingreso-usuarios-muebles 1-4,text,true,,538,336,200,200,https://compumuebles-sabana-api.cyk.com.co/api/auth/login,24933,0,0
1781509231356,24894,Ingreso Usuario,200,OK,Ingreso-usuarios-muebles 1-11,text,true,,538,336,200,200,https://compumuebles-sabana-api.cyk.com.co/api/auth/login,24894,0,0
1781509231380,24873,Ingreso Usuario,200,OK,Ingreso-usuarios-muebles 1-5,text,true,,538,336,200,200,https://compumuebles-sabana-api.cyk.com.co/api/auth/login,24873,0,0
1781509241899,14356,Ingreso Usuario,200,OK,Ingreso-usuarios-muebles 1-87,text,true,,538,336,200,200,https://compumuebles-sabana-api.cyk.com.co/api/auth/login,14356,0,0
1781509241912,14344,Ingreso Usuario,200,OK,Ingreso-usuarios-muebles 1-19,text,true,,538,336,200,200,https://compumuebles-sabana-api.cyk.com.co/api/auth/login,14344,0,0
1781509241912,14348,Ingreso Usuario,200,OK,Ingreso-usuarios-muebles 1-55,text,true,,538,336,200,200,https://compumuebles-sabana-api.cyk.com.co/api/auth/login,14348,0,0
1781509241921,14341,Ingreso Usuario,200,OK,Ingreso-usuarios-muebles 1-160,text,true,,538,336,200,200,https://compumuebles-sabana-api.cyk.com.co/api/auth/login,14341,0,0
1781509241943,14321,Ingreso Usuario,200,OK,Ingreso-usuarios-muebles 1-69,text,true,,538,336,200,200,https://compumuebles-sabana-api.cyk.com.co/api/auth/login,14321,0,0
1781509241935,14330,Ingreso Usuario,200,OK,Ingreso-usuarios-muebles 1-158,text,true,,538,336,200,200,https://compumuebles-sabana-api.cyk.com.co/api/auth/login,14330,0,0
1781509241959,14307,Ingreso Usuario,200,OK,Ingreso-usuarios-muebles 1-180,text,true,,538,336,200,200,https://compumuebles-sabana-api.cyk.com.co/api/auth/login,14307,0,0
1781509241961,14310,Ingreso Usuario,200,OK,Ingreso-usuarios-muebles 1-195,text,true,,538,336,200,200,https://compumuebles-sabana-api.cyk.com.co/api/auth/login,14310,0,0
1781509241986,14288,Ingreso Usuario,200,OK,Ingreso-usuarios-muebles 1-48,text,true,,538,336,200,200,https://compumuebles-sabana-api.cyk.com.co/api/auth/login,14288,0,0
1781509241967,14307,Ingreso Usuario,200,OK,Ingreso-usuarios-muebles 1-102,text,true,,538,336,200,200,https://compumuebles-sabana-api.cyk.com.co/api/auth/login,14307,0,0
1781509241990,14290,Ingreso Usuario,200,OK,Ingreso-usuarios-muebles 1-118,text,true,,538,336,200,200,https://compumuebles-sabana-api.cyk.com.co/api/auth/login,14290,0,0
1781509242019,14263,Ingreso Usuario,200,OK,Ingreso-usuarios-muebles 1-179,text,true,,538,336,200,200,https://compumuebles-sabana-api.cyk.com.co/api/auth/login,14263,0,0
1781509242164,14119,Ingreso Usuario,200,OK,Ingreso-usuarios-muebles 1-77,text,true,,538,336,200,200,https://compumuebles-sabana-api.cyk.com.co/api/auth/login,14119,0,0
1781509242075,14208,Ingreso Usuario,200,OK,Ingreso-usuarios-muebles 1-126,text,true,,538,336,200,200,https://compumuebles-sabana-api.cyk.com.co/api/auth/login,14208,0,0
1781509242075,14209,Ingreso Usuario,200,OK,Ingreso-usuarios-muebles 1-54,text,true,,538,336,200,200,https://compumuebles-sabana-api.cyk.com.co/api/auth/login,14209,0,0
1781509242022,14262,Ingreso Usuario,200,OK,Ingreso-usuarios-muebles 1-42,text,true,,538,336,200,200,https://compumuebles-sabana-api.cyk.com.co/api/auth/login,14262,0,0
1781509242164,14121,Ingreso Usuario,200,OK,Ingreso-usuarios-muebles 1-188,text,true,,538,336,200,200,https://compumuebles-sabana-api.cyk.com.co/api/auth/login,14121,0,0
1781509242189,14098,Ingreso Usuario,200,OK,Ingreso-usuarios-muebles 1-171,text,true,,538,336,200,200,https://compumuebles-sabana-api.cyk.com.co/api/auth/login,14098,0,0
1781509242209,14081,Ingreso Usuario,200,OK,Ingreso-usuarios-muebles 1-75,text,true,,538,336,200,200,https://compumuebles-sabana-api.cyk.com.co/api/auth/login,14081,0,0
1781509242195,14099,Ingreso Usuario,200,OK,Ingreso-usuarios-muebles 1-183,text,true,,538,336,200,200,https://compumuebles-sabana-api.cyk.com.co/api/auth/login,14099,0,0
1781509242226,14077,Ingreso Usuario,200,OK,Ingreso-usuarios-muebles 1-90,text,true,,538,336,200,200,https://compumuebles-sabana-api.cyk.com.co/api/auth/login,14077,0,0
1781509242279,14025,Ingreso Usuario,200,OK,Ingreso-usuarios-muebles 1-81,text,true,,538,336,200,200,https://compumuebles-sabana-api.cyk.com.co/api/auth/login,14025,0,0
1781509242302,14002,Ingreso Usuario,200,OK,Ingreso-usuarios-muebles 1-68,text,true,,538,336,200,200,https://compumuebles-sabana-api.cyk.com.co/api/auth/login,14002,0,0
1781509242239,14065,Ingreso Usuario,200,OK,Ingreso-usuarios-muebles 1-140,text,true,,538,336,200,200,https://compumuebles-sabana-api.cyk.com.co/api/auth/login,14065,0,0
1781509242250,14054,Ingreso Usuario,200,OK,Ingreso-usuarios-muebles 1-79,text,true,,538,336,200,200,https://compumuebles-sabana-api.cyk.com.co/api/auth/login,14054,0,0
1781509242262,14043,Ingreso Usuario,200,OK,Ingreso-usuarios-muebles 1-99,text,true,,538,336,200,200,https://compumuebles-sabana-api.cyk.com.co/api/auth/login,14043,0,0
1781509242323,13984,Ingreso Usuario,200,OK,Ingreso-usuarios-muebles 1-92,text,true,,538,336,200,200,https://compumuebles-sabana-api.cyk.com.co/api/auth/login,13984,0,0
1781509242331,13978,Ingreso Usuario,200,OK,Ingreso-usuarios-muebles 1-128,text,true,,538,336,200,200,https://compumuebles-sabana-api.cyk.com.co/api/auth/login,13978,0,0
1781509242337,13973,Ingreso Usuario,200,OK,Ingreso-usuarios-muebles 1-135,text,true,,538,336,200,200,https://compumuebles-sabana-api.cyk.com.co/api/auth/login,13973,0,0
1781509242373,13943,Ingreso Usuario,200,OK,Ingreso-usuarios-muebles 1-85,text,true,,538,336,200,200,https://compumuebles-sabana-api.cyk.com.co/api/auth/login,13943,0,0
1781509242358,13958,Ingreso Usuario,200,OK,Ingreso-usuarios-muebles 1-88,text,true,,538,336,200,200,https://compumuebles-sabana-api.cyk.com.co/api/auth/login,13958,0,0
1781509242398,13924,Ingreso Usuario,200,OK,Ingreso-usuarios-muebles 1-96,text,true,,538,336,200,200,https://compumuebles-sabana-api.cyk.com.co/api/auth/login,13924,0,0
1781509242397,13928,Ingreso Usuario,200,OK,Ingreso-usuarios-muebles 1-114,text,true,,538,336,200,200,https://compumuebles-sabana-api.cyk.com.co/api/auth/login,13928,0,0
1781509242413,13912,Ingreso Usuario,200,OK,Ingreso-usuarios-muebles 1-72,text,true,,538,336,200,200,https://compumuebles-sabana-api.cyk.com.co/api/auth/login,13912,0,0
1781509231322,25005,Ingreso Usuario,200,OK,Ingreso-usuarios-muebles 1-29,text,true,,538,336,200,200,https://compumuebles-sabana-api.cyk.com.co/api/auth/login,25005,0,0
1781509231366,24961,Ingreso Usuario,200,OK,Ingreso-usuarios-muebles 1-9,text,true,,538,336,200,200,https://compumuebles-sabana-api.cyk.com.co/api/auth/login,24961,0,0
1781509241892,14440,Ingreso Usuario,200,OK,Ingreso-usuarios-muebles 1-112,text,true,,538,336,200,200,https://compumuebles-sabana-api.cyk.com.co/api/auth/login,14440,0,0
1781509241895,14441,Ingreso Usuario,200,OK,Ingreso-usuarios-muebles 1-184,text,true,,538,336,200,200,https://compumuebles-sabana-api.cyk.com.co/api/auth/login,14441,0,0
1781509241911,14426,Ingreso Usuario,200,OK,Ingreso-usuarios-muebles 1-106,text,true,,538,336,200,200,https://compumuebles-sabana-api.cyk.com.co/api/auth/login,14426,0,0
1781509241902,14437,Ingreso Usuario,200,OK,Ingreso-usuarios-muebles 1-115,text,true,,538,336,200,200,https://compumuebles-sabana-api.cyk.com.co/api/auth/login,14437,0,0
1781509241918,14424,Ingreso Usuario,200,OK,Ingreso-usuarios-muebles 1-82,text,true,,538,336,200,200,https://compumuebles-sabana-api.cyk.com.co/api/auth/login,14424,0,0
1781509241933,14412,Ingreso Usuario,200,OK,Ingreso-usuarios-muebles 1-173,text,true,,538,336,200,200,https://compumuebles-sabana-api.cyk.com.co/api/auth/login,14412,0,0
1781509241937,14424,Ingreso Usuario,200,OK,Ingreso-usuarios-muebles 1-185,text,true,,538,336,200,200,https://compumuebles-sabana-api.cyk.com.co/api/auth/login,14424,0,0
1781509241950,14416,Ingreso Usuario,200,OK,Ingreso-usuarios-muebles 1-150,text,true,,538,336,200,200,https://compumuebles-sabana-api.cyk.com.co/api/auth/login,14416,0,0
1781509241947,14421,Ingreso Usuario,200,OK,Ingreso-usuarios-muebles 1-144,text,true,,538,336,200,200,https://compumuebles-sabana-api.cyk.com.co/api/auth/login,14421,0,0
1781509241963,14410,Ingreso Usuario,200,OK,Ingreso-usuarios-muebles 1-163,text,true,,538,336,200,200,https://compumuebles-sabana-api.cyk.com.co/api/auth/login,14410,0,0
1781509241989,14386,Ingreso Usuario,200,OK,Ingreso-usuarios-muebles 1-71,text,true,,538,336,200,200,https://compumuebles-sabana-api.cyk.com.co/api/auth/login,14386,0,0
1781509242015,14361,Ingreso Usuario,200,OK,Ingreso-usuarios-muebles 1-62,text,true,,538,336,200,200,https://compumuebles-sabana-api.cyk.com.co/api/auth/login,14361,0,0
1781509241986,14390,Ingreso Usuario,200,OK,Ingreso-usuarios-muebles 1-91,text,true,,538,336,200,200,https://compumuebles-sabana-api.cyk.com.co/api/auth/login,14390,0,0
1781509242018,14376,Ingreso Usuario,200,OK,Ingreso-usuarios-muebles 1-136,text,true,,538,336,200,200,https://compumuebles-sabana-api.cyk.com.co/api/auth/login,14376,0,0
1781509242061,14333,Ingreso Usuario,200,OK,Ingreso-usuarios-muebles 1-65,text,true,,538,336,200,200,https://compumuebles-sabana-api.cyk.com.co/api/auth/login,14333,0,0
1781509242172,14228,Ingreso Usuario,200,OK,Ingreso-usuarios-muebles 1-60,text,true,,538,336,200,200,https://compumuebles-sabana-api.cyk.com.co/api/auth/login,14228,0,0
1781509242164,14237,Ingreso Usuario,200,OK,Ingreso-usuarios-muebles 1-142,text,true,,538,336,200,200,https://compumuebles-sabana-api.cyk.com.co/api/auth/login,14237,0,0
1781509242164,14240,Ingreso Usuario,200,OK,Ingreso-usuarios-muebles 1-170,text,true,,538,336,200,200,https://compumuebles-sabana-api.cyk.com.co/api/auth/login,14240,0,0
1781509242180,14228,Ingreso Usuario,200,OK,Ingreso-usuarios-muebles 1-61,text,true,,538,336,200,200,https://compumuebles-sabana-api.cyk.com.co/api/auth/login,14228,0,0
1781509242224,14191,Ingreso Usuario,200,OK,Ingreso-usuarios-muebles 1-47,text,true,,538,336,200,200,https://compumuebles-sabana-api.cyk.com.co/api/auth/login,14191,0,0
1781509242242,14173,Ingreso Usuario,200,OK,Ingreso-usuarios-muebles 1-147,text,true,,538,336,200,200,https://compumuebles-sabana-api.cyk.com.co/api/auth/login,14173,0,0
1781509242238,14177,Ingreso Usuario,200,OK,Ingreso-usuarios-muebles 1-57,text,true,,538,336,200,200,https://compumuebles-sabana-api.cyk.com.co/api/auth/login,14177,0,0
1781509242281,14137,Ingreso Usuario,200,OK,Ingreso-usuarios-muebles 1-162,text,true,,538,336,200,200,https://compumuebles-sabana-api.cyk.com.co/api/auth/login,14137,0,0
1781509242203,14215,Ingreso Usuario,200,OK,Ingreso-usuarios-muebles 1-141,text,true,,538,336,200,200,https://compumuebles-sabana-api.cyk.com.co/api/auth/login,14215,0,0
1781509242262,14156,Ingreso Usuario,200,OK,Ingreso-usuarios-muebles 1-113,text,true,,538,336,200,200,https://compumuebles-sabana-api.cyk.com.co/api/auth/login,14156,0,0
1781509242207,14211,Ingreso Usuario,200,OK,Ingreso-usuarios-muebles 1-182,text,true,,538,336,200,200,https://compumuebles-sabana-api.cyk.com.co/api/auth/login,14211,0,0
1781509242296,14123,Ingreso Usuario,200,OK,Ingreso-usuarios-muebles 1-103,text,true,,538,336,200,200,https://compumuebles-sabana-api.cyk.com.co/api/auth/login,14123,0,0
1781509242323,14099,Ingreso Usuario,200,OK,Ingreso-usuarios-muebles 1-122,text,true,,538,336,200,200,https://compumuebles-sabana-api.cyk.com.co/api/auth/login,14099,0,0
1781509242328,14096,Ingreso Usuario,200,OK,Ingreso-usuarios-muebles 1-44,text,true,,538,336,200,200,https://compumuebles-sabana-api.cyk.com.co/api/auth/login,14096,0,0
1781509242340,14085,Ingreso Usuario,200,OK,Ingreso-usuarios-muebles 1-93,text,true,,538,336,200,200,https://compumuebles-sabana-api.cyk.com.co/api/auth/login,14085,0,0
1781509242419,14015,Ingreso Usuario,200,OK,Ingreso-usuarios-muebles 1-137,text,true,,538,336,200,200,https://compumuebles-sabana-api.cyk.com.co/api/auth/login,14015,0,0
1781509242384,14052,Ingreso Usuario,200,OK,Ingreso-usuarios-muebles 1-148,text,true,,538,336,200,200,https://compumuebles-sabana-api.cyk.com.co/api/auth/login,14052,0,0
1781509242365,14072,Ingreso Usuario,200,OK,Ingreso-usuarios-muebles 1-127,text,true,,538,336,200,200,https://compumuebles-sabana-api.cyk.com.co/api/auth/login,14072,0,0
1781509242353,14084,Ingreso Usuario,200,OK,Ingreso-usuarios-muebles 1-86,text,true,,538,336,200,200,https://compumuebles-sabana-api.cyk.com.co/api/auth/login,14084,0,0
1781509242391,14047,Ingreso Usuario,200,OK,Ingreso-usuarios-muebles 1-133,text,true,,538,336,200,200,https://compumuebles-sabana-api.cyk.com.co/api/auth/login,14047,0,0
1781509231353,25093,Ingreso Usuario,200,OK,Ingreso-usuarios-muebles 1-24,text,true,,538,336,200,200,https://compumuebles-sabana-api.cyk.com.co/api/auth/login,25093,0,0
1781509231318,25128,Ingreso Usuario,200,OK,Ingreso-usuarios-muebles 1-198,text,true,,538,336,200,200,https://compumuebles-sabana-api.cyk.com.co/api/auth/login,25128,0,0
1781509241901,14548,Ingreso Usuario,200,OK,Ingreso-usuarios-muebles 1-1,text,true,,538,336,200,200,https://compumuebles-sabana-api.cyk.com.co/api/auth/login,14548,0,0
1781509241919,14530,Ingreso Usuario,200,OK,Ingreso-usuarios-muebles 1-83,text,true,,538,336,200,200,https://compumuebles-sabana-api.cyk.com.co/api/auth/login,14530,0,0
1781509241916,14533,Ingreso Usuario,200,OK,Ingreso-usuarios-muebles 1-175,text,true,,538,336,200,200,https://compumuebles-sabana-api.cyk.com.co/api/auth/login,14533,0,0
1781509241891,14559,Ingreso Usuario,200,OK,Ingreso-usuarios-muebles 1-32,text,true,,538,336,200,200,https://compumuebles-sabana-api.cyk.com.co/api/auth/login,14559,0,0
1781509241926,14530,Ingreso Usuario,200,OK,Ingreso-usuarios-muebles 1-89,text,true,,538,336,200,200,https://compumuebles-sabana-api.cyk.com.co/api/auth/login,14530,0,0
1781509241939,14520,Ingreso Usuario,200,OK,Ingreso-usuarios-muebles 1-149,text,true,,538,336,200,200,https://compumuebles-sabana-api.cyk.com.co/api/auth/login,14520,0,0
1781509241976,14483,Ingreso Usuario,200,OK,Ingreso-usuarios-muebles 1-18,text,true,,538,336,200,200,https://compumuebles-sabana-api.cyk.com.co/api/auth/login,14483,0,0
1781509241962,14499,Ingreso Usuario,200,OK,Ingreso-usuarios-muebles 1-138,text,true,,538,336,200,200,https://compumuebles-sabana-api.cyk.com.co/api/auth/login,14499,0,0
1781509241944,14517,Ingreso Usuario,200,OK,Ingreso-usuarios-muebles 1-196,text,true,,538,336,200,200,https://compumuebles-sabana-api.cyk.com.co/api/auth/login,14517,0,0
1781509241988,14476,Ingreso Usuario,200,OK,Ingreso-usuarios-muebles 1-145,text,true,,538,336,200,200,https://compumuebles-sabana-api.cyk.com.co/api/auth/login,14476,0,0
1781509242006,14459,Ingreso Usuario,200,OK,Ingreso-usuarios-muebles 1-37,text,true,,538,336,200,200,https://compumuebles-sabana-api.cyk.com.co/api/auth/login,14459,0,0
1781509242013,14456,Ingreso Usuario,200,OK,Ingreso-usuarios-muebles 1-125,text,true,,538,336,200,200,https://compumuebles-sabana-api.cyk.com.co/api/auth/login,14456,0,0
1781509242013,14456,Ingreso Usuario,200,OK,Ingreso-usuarios-muebles 1-146,text,true,,538,336,200,200,https://compumuebles-sabana-api.cyk.com.co/api/auth/login,14456,0,0
1781509242061,14412,Ingreso Usuario,200,OK,Ingreso-usuarios-muebles 1-74,text,true,,538,336,200,200,https://compumuebles-sabana-api.cyk.com.co/api/auth/login,14412,0,0
1781509242164,14309,Ingreso Usuario,200,OK,Ingreso-usuarios-muebles 1-94,text,true,,538,336,200,200,https://compumuebles-sabana-api.cyk.com.co/api/auth/login,14309,0,0
1781509242164,14311,Ingreso Usuario,200,OK,Ingreso-usuarios-muebles 1-104,text,true,,538,336,200,200,https://compumuebles-sabana-api.cyk.com.co/api/auth/login,14310,0,0
1781509242164,14314,Ingreso Usuario,200,OK,Ingreso-usuarios-muebles 1-168,text,true,,538,336,200,200,https://compumuebles-sabana-api.cyk.com.co/api/auth/login,14314,0,0
1781509242166,14314,Ingreso Usuario,200,OK,Ingreso-usuarios-muebles 1-124,text,true,,538,336,200,200,https://compumuebles-sabana-api.cyk.com.co/api/auth/login,14314,0,0
1781509242191,14291,Ingreso Usuario,200,OK,Ingreso-usuarios-muebles 1-50,text,true,,538,336,200,200,https://compumuebles-sabana-api.cyk.com.co/api/auth/login,14291,0,0
1781509242205,14280,Ingreso Usuario,200,OK,Ingreso-usuarios-muebles 1-166,text,true,,538,336,200,200,https://compumuebles-sabana-api.cyk.com.co/api/auth/login,14280,0,0
1781509242224,14262,Ingreso Usuario,200,OK,Ingreso-usuarios-muebles 1-108,text,true,,538,336,200,200,https://compumuebles-sabana-api.cyk.com.co/api/auth/login,14262,0,0
1781509242233,14258,Ingreso Usuario,200,OK,Ingreso-usuarios-muebles 1-134,text,true,,538,336,200,200,https://compumuebles-sabana-api.cyk.com.co/api/auth/login,14258,0,0
1781509242262,14242,Ingreso Usuario,200,OK,Ingreso-usuarios-muebles 1-100,text,true,,538,336,200,200,https://compumuebles-sabana-api.cyk.com.co/api/auth/login,14242,0,0
1781509242231,14275,Ingreso Usuario,200,OK,Ingreso-usuarios-muebles 1-59,text,true,,538,336,200,200,https://compumuebles-sabana-api.cyk.com.co/api/auth/login,14275,0,0
1781509242279,14227,Ingreso Usuario,200,OK,Ingreso-usuarios-muebles 1-189,text,true,,538,336,200,200,https://compumuebles-sabana-api.cyk.com.co/api/auth/login,14227,0,0
1781509242299,14214,Ingreso Usuario,200,OK,Ingreso-usuarios-muebles 1-172,text,true,,538,336,200,200,https://compumuebles-sabana-api.cyk.com.co/api/auth/login,14214,0,0
1781509242322,14191,Ingreso Usuario,200,OK,Ingreso-usuarios-muebles 1-52,text,true,,538,336,200,200,https://compumuebles-sabana-api.cyk.com.co/api/auth/login,14191,0,0
1781509242323,14219,Ingreso Usuario,200,OK,Ingreso-usuarios-muebles 1-161,text,true,,538,336,200,200,https://compumuebles-sabana-api.cyk.com.co/api/auth/login,14219,0,0
1781509242355,14191,Ingreso Usuario,200,OK,Ingreso-usuarios-muebles 1-143,text,true,,538,336,200,200,https://compumuebles-sabana-api.cyk.com.co/api/auth/login,14191,0,0
1781509242336,14211,Ingreso Usuario,200,OK,Ingreso-usuarios-muebles 1-152,text,true,,538,336,200,200,https://compumuebles-sabana-api.cyk.com.co/api/auth/login,14211,0,0
1781509242359,14204,Ingreso Usuario,200,OK,Ingreso-usuarios-muebles 1-164,text,true,,538,336,200,200,https://compumuebles-sabana-api.cyk.com.co/api/auth/login,14204,0,0
1781509242392,14180,Ingreso Usuario,200,OK,Ingreso-usuarios-muebles 1-70,text,true,,538,336,200,200,https://compumuebles-sabana-api.cyk.com.co/api/auth/login,14180,0,0
1781509242371,14206,Ingreso Usuario,200,OK,Ingreso-usuarios-muebles 1-119,text,true,,538,336,200,200,https://compumuebles-sabana-api.cyk.com.co/api/auth/login,14206,0,0
1781509242419,14161,Ingreso Usuario,200,OK,Ingreso-usuarios-muebles 1-121,text,true,,538,336,200,200,https://compumuebles-sabana-api.cyk.com.co/api/auth/login,14161,0,0
1781509242413,14167,Ingreso Usuario,200,OK,Ingreso-usuarios-muebles 1-58,text,true,,538,336,200,200,https://compumuebles-sabana-api.cyk.com.co/api/auth/login,14167,0,0
1781509241888,14700,Ingreso Usuario,200,OK,Ingreso-usuarios-muebles 1-35,text,true,,538,336,200,200,https://compumuebles-sabana-api.cyk.com.co/api/auth/login,14700,0,0
1781509231356,25235,Ingreso Usuario,200,OK,Ingreso-usuarios-muebles 1-22,text,true,,538,336,200,200,https://compumuebles-sabana-api.cyk.com.co/api/auth/login,25235,0,0
1781509241904,14694,Ingreso Usuario,200,OK,Ingreso-usuarios-muebles 1-49,text,true,,538,336,200,200,https://compumuebles-sabana-api.cyk.com.co/api/auth/login,14694,0,0
1781509241890,14708,Ingreso Usuario,200,OK,Ingreso-usuarios-muebles 1-84,text,true,,538,336,200,200,https://compumuebles-sabana-api.cyk.com.co/api/auth/login,14708,0,0
1781509241912,14688,Ingreso Usuario,200,OK,Ingreso-usuarios-muebles 1-117,text,true,,538,336,200,200,https://compumuebles-sabana-api.cyk.com.co/api/auth/login,14688,0,0
1781509241913,14688,Ingreso Usuario,200,OK,Ingreso-usuarios-muebles 1-120,text,true,,538,336,200,200,https://compumuebles-sabana-api.cyk.com.co/api/auth/login,14688,0,0
1781509241924,14689,Ingreso Usuario,200,OK,Ingreso-usuarios-muebles 1-159,text,true,,538,336,200,200,https://compumuebles-sabana-api.cyk.com.co/api/auth/login,14689,0,0
1781509241937,14677,Ingreso Usuario,200,OK,Ingreso-usuarios-muebles 1-167,text,true,,538,336,200,200,https://compumuebles-sabana-api.cyk.com.co/api/auth/login,14677,0,0
1781509241944,14677,Ingreso Usuario,200,OK,Ingreso-usuarios-muebles 1-66,text,true,,538,336,200,200,https://compumuebles-sabana-api.cyk.com.co/api/auth/login,14677,0,0
1781509241954,14670,Ingreso Usuario,200,OK,Ingreso-usuarios-muebles 1-101,text,true,,538,336,200,200,https://compumuebles-sabana-api.cyk.com.co/api/auth/login,14670,0,0
1781509241952,14672,Ingreso Usuario,200,OK,Ingreso-usuarios-muebles 1-63,text,true,,538,336,200,200,https://compumuebles-sabana-api.cyk.com.co/api/auth/login,14672,0,0
1781509241970,14654,Ingreso Usuario,200,OK,Ingreso-usuarios-muebles 1-56,text,true,,538,336,200,200,https://compumuebles-sabana-api.cyk.com.co/api/auth/login,14654,0,0
1781509242015,14609,Ingreso Usuario,200,OK,Ingreso-usuarios-muebles 1-98,text,true,,538,336,200,200,https://compumuebles-sabana-api.cyk.com.co/api/auth/login,14609,0,0
1781509242006,14620,Ingreso Usuario,200,OK,Ingreso-usuarios-muebles 1-53,text,true,,538,336,200,200,https://compumuebles-sabana-api.cyk.com.co/api/auth/login,14620,0,0
1781509242019,14615,Ingreso Usuario,200,OK,Ingreso-usuarios-muebles 1-151,text,true,,538,336,200,200,https://compumuebles-sabana-api.cyk.com.co/api/auth/login,14615,0,0
1781509242059,14576,Ingreso Usuario,200,OK,Ingreso-usuarios-muebles 1-192,text,true,,538,336,200,200,https://compumuebles-sabana-api.cyk.com.co/api/auth/login,14576,0,0
1781509242077,14562,Ingreso Usuario,200,OK,Ingreso-usuarios-muebles 1-27,text,true,,538,336,200,200,https://compumuebles-sabana-api.cyk.com.co/api/auth/login,14562,0,0
1781509242164,14477,Ingreso Usuario,200,OK,Ingreso-usuarios-muebles 1-157,text,true,,538,336,200,200,https://compumuebles-sabana-api.cyk.com.co/api/auth/login,14477,0,0
1781509242164,14485,Ingreso Usuario,200,OK,Ingreso-usuarios-muebles 1-191,text,true,,538,336,200,200,https://compumuebles-sabana-api.cyk.com.co/api/auth/login,14485,0,0
1781509242164,14488,Ingreso Usuario,200,OK,Ingreso-usuarios-muebles 1-39,text,true,,538,336,200,200,https://compumuebles-sabana-api.cyk.com.co/api/auth/login,14488,0,0
1781509242192,14462,Ingreso Usuario,200,OK,Ingreso-usuarios-muebles 1-176,text,true,,538,336,200,200,https://compumuebles-sabana-api.cyk.com.co/api/auth/login,14462,0,0
1781509242225,14430,Ingreso Usuario,200,OK,Ingreso-usuarios-muebles 1-156,text,true,,538,336,200,200,https://compumuebles-sabana-api.cyk.com.co/api/auth/login,14430,0,0
1781509242202,14476,Ingreso Usuario,200,OK,Ingreso-usuarios-muebles 1-73,text,true,,538,336,200,200,https://compumuebles-sabana-api.cyk.com.co/api/auth/login,14476,0,0
1781509242224,14458,Ingreso Usuario,200,OK,Ingreso-usuarios-muebles 1-111,text,true,,538,336,200,200,https://compumuebles-sabana-api.cyk.com.co/api/auth/login,14458,0,0
1781509242261,14433,Ingreso Usuario,200,OK,Ingreso-usuarios-muebles 1-139,text,true,,538,336,200,200,https://compumuebles-sabana-api.cyk.com.co/api/auth/login,14433,0,0
1781509242236,14460,Ingreso Usuario,200,OK,Ingreso-usuarios-muebles 1-110,text,true,,538,336,200,200,https://compumuebles-sabana-api.cyk.com.co/api/auth/login,14460,0,0
1781509242263,14437,Ingreso Usuario,200,OK,Ingreso-usuarios-muebles 1-187,text,true,,538,336,200,200,https://compumuebles-sabana-api.cyk.com.co/api/auth/login,14437,0,0
1781509242289,14419,Ingreso Usuario,200,OK,Ingreso-usuarios-muebles 1-131,text,true,,538,336,200,200,https://compumuebles-sabana-api.cyk.com.co/api/auth/login,14419,0,0
1781509242323,14390,Ingreso Usuario,200,OK,Ingreso-usuarios-muebles 1-78,text,true,,538,336,200,200,https://compumuebles-sabana-api.cyk.com.co/api/auth/login,14390,0,0
1781509242308,14405,Ingreso Usuario,200,OK,Ingreso-usuarios-muebles 1-153,text,true,,538,336,200,200,https://compumuebles-sabana-api.cyk.com.co/api/auth/login,14405,0,0
1781509242333,14384,Ingreso Usuario,200,OK,Ingreso-usuarios-muebles 1-155,text,true,,538,336,200,200,https://compumuebles-sabana-api.cyk.com.co/api/auth/login,14384,0,0
1781509242357,14361,Ingreso Usuario,200,OK,Ingreso-usuarios-muebles 1-169,text,true,,538,336,200,200,https://compumuebles-sabana-api.cyk.com.co/api/auth/login,14361,0,0
1781509242348,14372,Ingreso Usuario,200,OK,Ingreso-usuarios-muebles 1-165,text,true,,538,336,200,200,https://compumuebles-sabana-api.cyk.com.co/api/auth/login,14372,0,0
1781509242400,14323,Ingreso Usuario,200,OK,Ingreso-usuarios-muebles 1-95,text,true,,538,336,200,200,https://compumuebles-sabana-api.cyk.com.co/api/auth/login,14323,0,0
1781509242362,14361,Ingreso Usuario,200,OK,Ingreso-usuarios-muebles 1-67,text,true,,538,336,200,200,https://compumuebles-sabana-api.cyk.com.co/api/auth/login,14361,0,0
1781509242408,14317,Ingreso Usuario,200,OK,Ingreso-usuarios-muebles 1-123,text,true,,538,336,200,200,https://compumuebles-sabana-api.cyk.com.co/api/auth/login,14317,0,0
1781509242419,14315,Ingreso Usuario,200,OK,Ingreso-usuarios-muebles 1-105,text,true,,538,336,200,200,https://compumuebles-sabana-api.cyk.com.co/api/auth/login,14315,0,0
1781509242432,17262,Ingreso Usuario,200,OK,Ingreso-usuarios-muebles 1-107,text,true,,538,336,200,200,https://compumuebles-sabana-api.cyk.com.co/api/auth/login,17262,0,0
1781509242434,17263,Ingreso Usuario,200,OK,Ingreso-usuarios-muebles 1-64,text,true,,538,336,200,200,https://compumuebles-sabana-api.cyk.com.co/api/auth/login,17263,0,0
1781509245508,14193,Ingreso Usuario,200,OK,Ingreso-usuarios-muebles 1-17,text,true,,538,336,200,200,https://compumuebles-sabana-api.cyk.com.co/api/auth/login,14193,0,0
1781509245503,14198,Ingreso Usuario,200,OK,Ingreso-usuarios-muebles 1-3,text,true,,538,336,200,200,https://compumuebles-sabana-api.cyk.com.co/api/auth/login,14198,0,0
1781509245520,14184,Ingreso Usuario,200,OK,Ingreso-usuarios-muebles 1-154,text,true,,538,336,200,200,https://compumuebles-sabana-api.cyk.com.co/api/auth/login,14184,0,0
1781509245528,14177,Ingreso Usuario,200,OK,Ingreso-usuarios-muebles 1-7,text,true,,538,336,200,200,https://compumuebles-sabana-api.cyk.com.co/api/auth/login,14177,0,0
1781509245535,14173,Ingreso Usuario,200,OK,Ingreso-usuarios-muebles 1-21,text,true,,538,336,200,200,https://compumuebles-sabana-api.cyk.com.co/api/auth/login,14173,0,0
1781509245546,14165,Ingreso Usuario,200,OK,Ingreso-usuarios-muebles 1-130,text,true,,538,336,200,200,https://compumuebles-sabana-api.cyk.com.co/api/auth/login,14165,0,0
1781509245555,14160,Ingreso Usuario,200,OK,Ingreso-usuarios-muebles 1-16,text,true,,538,336,200,200,https://compumuebles-sabana-api.cyk.com.co/api/auth/login,14160,0,0
1781509245560,14158,Ingreso Usuario,200,OK,Ingreso-usuarios-muebles 1-12,text,true,,538,336,200,200,https://compumuebles-sabana-api.cyk.com.co/api/auth/login,14158,0,0
1781509242431,17298,Ingreso Usuario,200,OK,Ingreso-usuarios-muebles 1-132,text,true,,538,336,200,200,https://compumuebles-sabana-api.cyk.com.co/api/auth/login,17298,0,0
1781509242449,17281,Ingreso Usuario,200,OK,Ingreso-usuarios-muebles 1-109,text,true,,538,336,200,200,https://compumuebles-sabana-api.cyk.com.co/api/auth/login,17281,0,0
1781509242444,17291,Ingreso Usuario,200,OK,Ingreso-usuarios-muebles 1-129,text,true,,538,336,200,200,https://compumuebles-sabana-api.cyk.com.co/api/auth/login,17291,0,0
1781509245501,14238,Ingreso Usuario,200,OK,Ingreso-usuarios-muebles 1-186,text,true,,538,336,200,200,https://compumuebles-sabana-api.cyk.com.co/api/auth/login,14238,0,0
1781509245508,14233,Ingreso Usuario,200,OK,Ingreso-usuarios-muebles 1-193,text,true,,538,336,200,200,https://compumuebles-sabana-api.cyk.com.co/api/auth/login,14233,0,0
1781509245515,14229,Ingreso Usuario,200,OK,Ingreso-usuarios-muebles 1-31,text,true,,538,336,200,200,https://compumuebles-sabana-api.cyk.com.co/api/auth/login,14229,0,0
1781509242433,17318,Ingreso Usuario,200,OK,Ingreso-usuarios-muebles 1-51,text,true,,538,336,200,200,https://compumuebles-sabana-api.cyk.com.co/api/auth/login,17318,0,0
1781509242435,17323,Ingreso Usuario,200,OK,Ingreso-usuarios-muebles 1-97,text,true,,538,336,200,200,https://compumuebles-sabana-api.cyk.com.co/api/auth/login,17323,0,0
1781509245511,14247,Ingreso Usuario,200,OK,Ingreso-usuarios-muebles 1-23,text,true,,538,336,200,200,https://compumuebles-sabana-api.cyk.com.co/api/auth/login,14247,0,0
1781509245503,14257,Ingreso Usuario,200,OK,Ingreso-usuarios-muebles 1-177,text,true,,538,336,200,200,https://compumuebles-sabana-api.cyk.com.co/api/auth/login,14257,0,0
1781509245524,14236,Ingreso Usuario,200,OK,Ingreso-usuarios-muebles 1-13,text,true,,538,336,200,200,https://compumuebles-sabana-api.cyk.com.co/api/auth/login,14236,0,0
1781509245505,14255,Ingreso Usuario,200,OK,Ingreso-usuarios-muebles 1-2,text,true,,538,336,200,200,https://compumuebles-sabana-api.cyk.com.co/api/auth/login,14255,0,0
1781509245531,14231,Ingreso Usuario,200,OK,Ingreso-usuarios-muebles 1-28,text,true,,538,336,200,200,https://compumuebles-sabana-api.cyk.com.co/api/auth/login,14231,0,0
1781509245540,14223,Ingreso Usuario,200,OK,Ingreso-usuarios-muebles 1-34,text,true,,538,336,200,200,https://compumuebles-sabana-api.cyk.com.co/api/auth/login,14223,0,0
1781509245557,14208,Ingreso Usuario,200,OK,Ingreso-usuarios-muebles 1-14,text,true,,538,336,200,200,https://compumuebles-sabana-api.cyk.com.co/api/auth/login,14208,0,0
1781509245551,14214,Ingreso Usuario,200,OK,Ingreso-usuarios-muebles 1-45,text,true,,538,336,200,200,https://compumuebles-sabana-api.cyk.com.co/api/auth/login,14214,0,0
1781509245573,14207,Ingreso Usuario,200,OK,Ingreso-usuarios-muebles 1-116,text,true,,538,336,200,200,https://compumuebles-sabana-api.cyk.com.co/api/auth/login,14207,0,0
1781509245524,14257,Ingreso Usuario,200,OK,Ingreso-usuarios-muebles 1-194,text,true,,538,336,200,200,https://compumuebles-sabana-api.cyk.com.co/api/auth/login,14257,0,0
1781509245536,14245,Ingreso Usuario,200,OK,Ingreso-usuarios-muebles 1-30,text,true,,538,336,200,200,https://compumuebles-sabana-api.cyk.com.co/api/auth/login,14245,0,0
1781509242422,17359,Ingreso Usuario,200,OK,Ingreso-usuarios-muebles 1-76,text,true,,538,336,200,200,https://compumuebles-sabana-api.cyk.com.co/api/auth/login,17359,0,0
1781509245504,14278,Ingreso Usuario,200,OK,Ingreso-usuarios-muebles 1-40,text,true,,538,336,200,200,https://compumuebles-sabana-api.cyk.com.co/api/auth/login,14278,0,0
1781509245539,14243,Ingreso Usuario,200,OK,Ingreso-usuarios-muebles 1-43,text,true,,538,336,200,200,https://compumuebles-sabana-api.cyk.com.co/api/auth/login,14243,0,0
1781509245509,14278,Ingreso Usuario,200,OK,Ingreso-usuarios-muebles 1-25,text,true,,538,336,200,200,https://compumuebles-sabana-api.cyk.com.co/api/auth/login,14278,0,0
1781509245552,14237,Ingreso Usuario,200,OK,Ingreso-usuarios-muebles 1-199,text,true,,538,336,200,200,https://compumuebles-sabana-api.cyk.com.co/api/auth/login,14237,0,0
1781509245498,14294,Ingreso Usuario,200,OK,Ingreso-usuarios-muebles 1-80,text,true,,538,336,200,200,https://compumuebles-sabana-api.cyk.com.co/api/auth/login,14294,0,0
1781509245558,14236,Ingreso Usuario,200,OK,Ingreso-usuarios-muebles 1-181,text,true,,538,336,200,200,https://compumuebles-sabana-api.cyk.com.co/api/auth/login,14236,0,0
1781509245517,14280,Ingreso Usuario,200,OK,Ingreso-usuarios-muebles 1-10,text,true,,538,336,200,200,https://compumuebles-sabana-api.cyk.com.co/api/auth/login,14280,0,0
1781509245563,14236,Ingreso Usuario,200,OK,Ingreso-usuarios-muebles 1-197,text,true,,538,336,200,200,https://compumuebles-sabana-api.cyk.com.co/api/auth/login,14236,0,0
1781509245525,14277,Ingreso Usuario,200,OK,Ingreso-usuarios-muebles 1-178,text,true,,538,336,200,200,https://compumuebles-sabana-api.cyk.com.co/api/auth/login,14277,0,0
1781509245543,14267,Ingreso Usuario,200,OK,Ingreso-usuarios-muebles 1-15,text,true,,538,336,200,200,https://compumuebles-sabana-api.cyk.com.co/api/auth/login,14267,0,0
1781509245547,14269,Ingreso Usuario,200,OK,Ingreso-usuarios-muebles 1-174,text,true,,538,336,200,200,https://compumuebles-sabana-api.cyk.com.co/api/auth/login,14269,0,0
1781509245564,14256,Ingreso Usuario,200,OK,Ingreso-usuarios-muebles 1-8,text,true,,538,336,200,200,https://compumuebles-sabana-api.cyk.com.co/api/auth/login,14256,0,0
1781509245560,14264,Ingreso Usuario,200,OK,Ingreso-usuarios-muebles 1-20,text,true,,538,336,200,200,https://compumuebles-sabana-api.cyk.com.co/api/auth/login,14264,0,0
1781509245572,14252,Ingreso Usuario,200,OK,Ingreso-usuarios-muebles 1-38,text,true,,538,336,200,200,https://compumuebles-sabana-api.cyk.com.co/api/auth/login,14252,0,0
1781509245582,24774,Ingreso Usuario,200,OK,Ingreso-usuarios-muebles 1-36,text,true,,538,336,200,200,https://compumuebles-sabana-api.cyk.com.co/api/auth/login,24774,0,0
1781509245580,24778,Ingreso Usuario,200,OK,Ingreso-usuarios-muebles 1-26,text,true,,538,336,200,200,https://compumuebles-sabana-api.cyk.com.co/api/auth/login,24778,0,0
1781509245624,24737,Ingreso Usuario,200,OK,Ingreso-usuarios-muebles 1-6,text,true,,538,336,200,200,https://compumuebles-sabana-api.cyk.com.co/api/auth/login,24737,0,0
1781509256247,14115,Ingreso Usuario,200,OK,Ingreso-usuarios-muebles 1-4,text,true,,538,336,200,200,https://compumuebles-sabana-api.cyk.com.co/api/auth/login,14115,0,0
1781509256274,14091,Ingreso Usuario,200,OK,Ingreso-usuarios-muebles 1-48,text,true,,538,336,200,200,https://compumuebles-sabana-api.cyk.com.co/api/auth/login,14091,0,0
1781509256262,14103,Ingreso Usuario,200,OK,Ingreso-usuarios-muebles 1-160,text,true,,538,336,200,200,https://compumuebles-sabana-api.cyk.com.co/api/auth/login,14103,0,0
1781509256265,14100,Ingreso Usuario,200,OK,Ingreso-usuarios-muebles 1-158,text,true,,538,336,200,200,https://compumuebles-sabana-api.cyk.com.co/api/auth/login,14100,0,0
1781509256285,14081,Ingreso Usuario,200,OK,Ingreso-usuarios-muebles 1-188,text,true,,538,336,200,200,https://compumuebles-sabana-api.cyk.com.co/api/auth/login,14081,0,0
1781509256284,14082,Ingreso Usuario,200,OK,Ingreso-usuarios-muebles 1-54,text,true,,538,336,200,200,https://compumuebles-sabana-api.cyk.com.co/api/auth/login,14082,0,0
1781509256305,14063,Ingreso Usuario,200,OK,Ingreso-usuarios-muebles 1-99,text,true,,538,336,200,200,https://compumuebles-sabana-api.cyk.com.co/api/auth/login,14063,0,0
1781509256304,14066,Ingreso Usuario,200,OK,Ingreso-usuarios-muebles 1-79,text,true,,538,336,200,200,https://compumuebles-sabana-api.cyk.com.co/api/auth/login,14066,0,0
1781509256310,14063,Ingreso Usuario,200,OK,Ingreso-usuarios-muebles 1-135,text,true,,538,336,200,200,https://compumuebles-sabana-api.cyk.com.co/api/auth/login,14063,0,0
1781509256325,14049,Ingreso Usuario,200,OK,Ingreso-usuarios-muebles 1-114,text,true,,538,336,200,200,https://compumuebles-sabana-api.cyk.com.co/api/auth/login,14049,0,0
1781509256337,14039,Ingreso Usuario,200,OK,Ingreso-usuarios-muebles 1-106,text,true,,538,336,200,200,https://compumuebles-sabana-api.cyk.com.co/api/auth/login,14039,0,0
1781509256339,14038,Ingreso Usuario,200,OK,Ingreso-usuarios-muebles 1-115,text,true,,538,336,200,200,https://compumuebles-sabana-api.cyk.com.co/api/auth/login,14038,0,0
1781509256429,13949,Ingreso Usuario,200,OK,Ingreso-usuarios-muebles 1-93,text,true,,538,336,200,200,https://compumuebles-sabana-api.cyk.com.co/api/auth/login,13949,0,0
1781509256429,13953,Ingreso Usuario,200,OK,Ingreso-usuarios-muebles 1-44,text,true,,538,336,200,200,https://compumuebles-sabana-api.cyk.com.co/api/auth/login,13953,0,0
1781509256429,13955,Ingreso Usuario,200,OK,Ingreso-usuarios-muebles 1-142,text,true,,538,336,200,200,https://compumuebles-sabana-api.cyk.com.co/api/auth/login,13955,0,0
1781509256429,13956,Ingreso Usuario,200,OK,Ingreso-usuarios-muebles 1-61,text,true,,538,336,200,200,https://compumuebles-sabana-api.cyk.com.co/api/auth/login,13956,0,0
1781509256435,13953,Ingreso Usuario,200,OK,Ingreso-usuarios-muebles 1-137,text,true,,538,336,200,200,https://compumuebles-sabana-api.cyk.com.co/api/auth/login,13953,0,0
1781509256437,13954,Ingreso Usuario,200,OK,Ingreso-usuarios-muebles 1-127,text,true,,538,336,200,200,https://compumuebles-sabana-api.cyk.com.co/api/auth/login,13954,0,0
1781509256436,13956,Ingreso Usuario,200,OK,Ingreso-usuarios-muebles 1-148,text,true,,538,336,200,200,https://compumuebles-sabana-api.cyk.com.co/api/auth/login,13956,0,0
1781509256449,13946,Ingreso Usuario,200,OK,Ingreso-usuarios-muebles 1-175,text,true,,538,336,200,200,https://compumuebles-sabana-api.cyk.com.co/api/auth/login,13946,0,0
1781509256461,13936,Ingreso Usuario,200,OK,Ingreso-usuarios-muebles 1-138,text,true,,538,336,200,200,https://compumuebles-sabana-api.cyk.com.co/api/auth/login,13936,0,0
1781509256456,13943,Ingreso Usuario,200,OK,Ingreso-usuarios-muebles 1-89,text,true,,538,336,200,200,https://compumuebles-sabana-api.cyk.com.co/api/auth/login,13943,0,0
1781509256469,13933,Ingreso Usuario,200,OK,Ingreso-usuarios-muebles 1-146,text,true,,538,336,200,200,https://compumuebles-sabana-api.cyk.com.co/api/auth/login,13933,0,0
1781509256473,13932,Ingreso Usuario,200,OK,Ingreso-usuarios-muebles 1-74,text,true,,538,336,200,200,https://compumuebles-sabana-api.cyk.com.co/api/auth/login,13932,0,0
1781509256486,13922,Ingreso Usuario,200,OK,Ingreso-usuarios-muebles 1-108,text,true,,538,336,200,200,https://compumuebles-sabana-api.cyk.com.co/api/auth/login,13922,0,0
1781509256506,13904,Ingreso Usuario,200,OK,Ingreso-usuarios-muebles 1-59,text,true,,538,336,200,200,https://compumuebles-sabana-api.cyk.com.co/api/auth/login,13904,0,0
1781509256542,13869,Ingreso Usuario,200,OK,Ingreso-usuarios-muebles 1-161,text,true,,538,336,200,200,https://compumuebles-sabana-api.cyk.com.co/api/auth/login,13869,0,0
1781509256572,13843,Ingreso Usuario,200,OK,Ingreso-usuarios-muebles 1-70,text,true,,538,336,200,200,https://compumuebles-sabana-api.cyk.com.co/api/auth/login,13843,0,0
1781509256589,13828,Ingreso Usuario,200,OK,Ingreso-usuarios-muebles 1-35,text,true,,538,336,200,200,https://compumuebles-sabana-api.cyk.com.co/api/auth/login,13828,0,0
1781509256598,13822,Ingreso Usuario,200,OK,Ingreso-usuarios-muebles 1-49,text,true,,538,336,200,200,https://compumuebles-sabana-api.cyk.com.co/api/auth/login,13822,0,0
1781509256624,13802,Ingreso Usuario,200,OK,Ingreso-usuarios-muebles 1-101,text,true,,538,336,200,200,https://compumuebles-sabana-api.cyk.com.co/api/auth/login,13802,0,0
1781509256621,13807,Ingreso Usuario,200,OK,Ingreso-usuarios-muebles 1-66,text,true,,538,336,200,200,https://compumuebles-sabana-api.cyk.com.co/api/auth/login,13807,0,0
1781509256655,13775,Ingreso Usuario,200,OK,Ingreso-usuarios-muebles 1-156,text,true,,538,336,200,200,https://compumuebles-sabana-api.cyk.com.co/api/auth/login,13775,0,0
1781509256634,13797,Ingreso Usuario,200,OK,Ingreso-usuarios-muebles 1-151,text,true,,538,336,200,200,https://compumuebles-sabana-api.cyk.com.co/api/auth/login,13797,0,0
1781509256700,13737,Ingreso Usuario,200,OK,Ingreso-usuarios-muebles 1-187,text,true,,538,336,200,200,https://compumuebles-sabana-api.cyk.com.co/api/auth/login,13737,0,0
1781509245583,24854,Ingreso Usuario,200,OK,Ingreso-usuarios-muebles 1-46,text,true,,538,336,200,200,https://compumuebles-sabana-api.cyk.com.co/api/auth/login,24854,0,0
1781509245598,24842,Ingreso Usuario,200,OK,Ingreso-usuarios-muebles 1-190,text,true,,538,336,200,200,https://compumuebles-sabana-api.cyk.com.co/api/auth/login,24842,0,0
1781509256253,14193,Ingreso Usuario,200,OK,Ingreso-usuarios-muebles 1-5,text,true,,538,336,200,200,https://compumuebles-sabana-api.cyk.com.co/api/auth/login,14193,0,0
1781509256266,14180,Ingreso Usuario,200,OK,Ingreso-usuarios-muebles 1-180,text,true,,538,336,200,200,https://compumuebles-sabana-api.cyk.com.co/api/auth/login,14180,0,0
1781509256274,14177,Ingreso Usuario,200,OK,Ingreso-usuarios-muebles 1-102,text,true,,538,336,200,200,https://compumuebles-sabana-api.cyk.com.co/api/auth/login,14177,0,0
1781509256283,14171,Ingreso Usuario,200,OK,Ingreso-usuarios-muebles 1-77,text,true,,538,336,200,200,https://compumuebles-sabana-api.cyk.com.co/api/auth/login,14171,0,0
1781509256284,14172,Ingreso Usuario,200,OK,Ingreso-usuarios-muebles 1-42,text,true,,538,336,200,200,https://compumuebles-sabana-api.cyk.com.co/api/auth/login,14172,0,0
1781509256303,14156,Ingreso Usuario,200,OK,Ingreso-usuarios-muebles 1-90,text,true,,538,336,200,200,https://compumuebles-sabana-api.cyk.com.co/api/auth/login,14156,0,0
1781509256307,14155,Ingreso Usuario,200,OK,Ingreso-usuarios-muebles 1-92,text,true,,538,336,200,200,https://compumuebles-sabana-api.cyk.com.co/api/auth/login,14155,0,0
1781509256316,14156,Ingreso Usuario,200,OK,Ingreso-usuarios-muebles 1-88,text,true,,538,336,200,200,https://compumuebles-sabana-api.cyk.com.co/api/auth/login,14156,0,0
1781509256345,14127,Ingreso Usuario,200,OK,Ingreso-usuarios-muebles 1-173,text,true,,538,336,200,200,https://compumuebles-sabana-api.cyk.com.co/api/auth/login,14127,0,0
1781509256327,14145,Ingreso Usuario,200,OK,Ingreso-usuarios-muebles 1-9,text,true,,538,336,200,200,https://compumuebles-sabana-api.cyk.com.co/api/auth/login,14145,0,0
1781509256429,14046,Ingreso Usuario,200,OK,Ingreso-usuarios-muebles 1-144,text,true,,538,336,200,200,https://compumuebles-sabana-api.cyk.com.co/api/auth/login,14046,0,0
1781509256333,14145,Ingreso Usuario,200,OK,Ingreso-usuarios-muebles 1-112,text,true,,538,336,200,200,https://compumuebles-sabana-api.cyk.com.co/api/auth/login,14145,0,0
1781509256429,14053,Ingreso Usuario,200,OK,Ingreso-usuarios-muebles 1-182,text,true,,538,336,200,200,https://compumuebles-sabana-api.cyk.com.co/api/auth/login,14053,0,0
1781509256429,14061,Ingreso Usuario,200,OK,Ingreso-usuarios-muebles 1-163,text,true,,538,336,200,200,https://compumuebles-sabana-api.cyk.com.co/api/auth/login,14061,0,0
1781509256429,14061,Ingreso Usuario,200,OK,Ingreso-usuarios-muebles 1-147,text,true,,538,336,200,200,https://compumuebles-sabana-api.cyk.com.co/api/auth/login,14061,0,0
1781509256429,14063,Ingreso Usuario,200,OK,Ingreso-usuarios-muebles 1-71,text,true,,538,336,200,200,https://compumuebles-sabana-api.cyk.com.co/api/auth/login,14063,0,0
1781509256429,14065,Ingreso Usuario,200,OK,Ingreso-usuarios-muebles 1-136,text,true,,538,336,200,200,https://compumuebles-sabana-api.cyk.com.co/api/auth/login,14065,0,0
1781509256429,14069,Ingreso Usuario,200,OK,Ingreso-usuarios-muebles 1-47,text,true,,538,336,200,200,https://compumuebles-sabana-api.cyk.com.co/api/auth/login,14069,0,0
1781509256450,14049,Ingreso Usuario,200,OK,Ingreso-usuarios-muebles 1-32,text,true,,538,336,200,200,https://compumuebles-sabana-api.cyk.com.co/api/auth/login,14049,0,0
1781509256464,14039,Ingreso Usuario,200,OK,Ingreso-usuarios-muebles 1-145,text,true,,538,336,200,200,https://compumuebles-sabana-api.cyk.com.co/api/auth/login,14039,0,0
1781509256449,14057,Ingreso Usuario,200,OK,Ingreso-usuarios-muebles 1-1,text,true,,538,336,200,200,https://compumuebles-sabana-api.cyk.com.co/api/auth/login,14057,0,0
1781509256478,14032,Ingreso Usuario,200,OK,Ingreso-usuarios-muebles 1-168,text,true,,538,336,200,200,https://compumuebles-sabana-api.cyk.com.co/api/auth/login,14032,0,0
1781509256469,14041,Ingreso Usuario,200,OK,Ingreso-usuarios-muebles 1-125,text,true,,538,336,200,200,https://compumuebles-sabana-api.cyk.com.co/api/auth/login,14041,0,0
1781509256480,14032,Ingreso Usuario,200,OK,Ingreso-usuarios-muebles 1-124,text,true,,538,336,200,200,https://compumuebles-sabana-api.cyk.com.co/api/auth/login,14032,0,0
1781509256546,13968,Ingreso Usuario,200,OK,Ingreso-usuarios-muebles 1-143,text,true,,538,336,200,200,https://compumuebles-sabana-api.cyk.com.co/api/auth/login,13968,0,0
1781509256506,14008,Ingreso Usuario,200,OK,Ingreso-usuarios-muebles 1-189,text,true,,538,336,200,200,https://compumuebles-sabana-api.cyk.com.co/api/auth/login,14008,0,0
1781509256580,13938,Ingreso Usuario,200,OK,Ingreso-usuarios-muebles 1-121,text,true,,538,336,200,200,https://compumuebles-sabana-api.cyk.com.co/api/auth/login,13938,0,0
1781509256591,13929,Ingreso Usuario,200,OK,Ingreso-usuarios-muebles 1-22,text,true,,538,336,200,200,https://compumuebles-sabana-api.cyk.com.co/api/auth/login,13929,0,0
1781509256624,13901,Ingreso Usuario,200,OK,Ingreso-usuarios-muebles 1-98,text,true,,538,336,200,200,https://compumuebles-sabana-api.cyk.com.co/api/auth/login,13901,0,0
1781509256601,13924,Ingreso Usuario,200,OK,Ingreso-usuarios-muebles 1-120,text,true,,538,336,200,200,https://compumuebles-sabana-api.cyk.com.co/api/auth/login,13924,0,0
1781509256626,13913,Ingreso Usuario,200,OK,Ingreso-usuarios-muebles 1-53,text,true,,538,336,200,200,https://compumuebles-sabana-api.cyk.com.co/api/auth/login,13913,0,0
1781509256641,13901,Ingreso Usuario,200,OK,Ingreso-usuarios-muebles 1-157,text,true,,538,336,200,200,https://compumuebles-sabana-api.cyk.com.co/api/auth/login,13901,0,0
1781509256652,13890,Ingreso Usuario,200,OK,Ingreso-usuarios-muebles 1-39,text,true,,538,336,200,200,https://compumuebles-sabana-api.cyk.com.co/api/auth/login,13890,0,0
1781509256683,13861,Ingreso Usuario,200,OK,Ingreso-usuarios-muebles 1-111,text,true,,538,336,200,200,https://compumuebles-sabana-api.cyk.com.co/api/auth/login,13861,0,0
1781509245580,24977,Ingreso Usuario,200,OK,Ingreso-usuarios-muebles 1-200,text,true,,538,336,200,200,https://compumuebles-sabana-api.cyk.com.co/api/auth/login,24977,0,0
1781509245615,24943,Ingreso Usuario,200,OK,Ingreso-usuarios-muebles 1-33,text,true,,538,336,200,200,https://compumuebles-sabana-api.cyk.com.co/api/auth/login,24943,0,0
1781509256271,14295,Ingreso Usuario,200,OK,Ingreso-usuarios-muebles 1-195,text,true,,538,336,200,200,https://compumuebles-sabana-api.cyk.com.co/api/auth/login,14295,0,0
1781509256255,14312,Ingreso Usuario,200,OK,Ingreso-usuarios-muebles 1-87,text,true,,538,336,200,200,https://compumuebles-sabana-api.cyk.com.co/api/auth/login,14312,0,0
1781509256260,14312,Ingreso Usuario,200,OK,Ingreso-usuarios-muebles 1-55,text,true,,538,336,200,200,https://compumuebles-sabana-api.cyk.com.co/api/auth/login,14312,0,0
1781509256282,14292,Ingreso Usuario,200,OK,Ingreso-usuarios-muebles 1-179,text,true,,538,336,200,200,https://compumuebles-sabana-api.cyk.com.co/api/auth/login,14292,0,0
1781509256294,14280,Ingreso Usuario,200,OK,Ingreso-usuarios-muebles 1-183,text,true,,538,336,200,200,https://compumuebles-sabana-api.cyk.com.co/api/auth/login,14280,0,0
1781509256287,14287,Ingreso Usuario,200,OK,Ingreso-usuarios-muebles 1-171,text,true,,538,336,200,200,https://compumuebles-sabana-api.cyk.com.co/api/auth/login,14287,0,0
1781509256304,14272,Ingreso Usuario,200,OK,Ingreso-usuarios-muebles 1-68,text,true,,538,336,200,200,https://compumuebles-sabana-api.cyk.com.co/api/auth/login,14272,0,0
1781509256309,14269,Ingreso Usuario,200,OK,Ingreso-usuarios-muebles 1-128,text,true,,538,336,200,200,https://compumuebles-sabana-api.cyk.com.co/api/auth/login,14269,0,0
1781509256327,14251,Ingreso Usuario,200,OK,Ingreso-usuarios-muebles 1-29,text,true,,538,336,200,200,https://compumuebles-sabana-api.cyk.com.co/api/auth/login,14251,0,0
1781509256342,14239,Ingreso Usuario,200,OK,Ingreso-usuarios-muebles 1-82,text,true,,538,336,200,200,https://compumuebles-sabana-api.cyk.com.co/api/auth/login,14239,0,0
1781509256325,14256,Ingreso Usuario,200,OK,Ingreso-usuarios-muebles 1-72,text,true,,538,336,200,200,https://compumuebles-sabana-api.cyk.com.co/api/auth/login,14256,0,0
1781509256429,14158,Ingreso Usuario,200,OK,Ingreso-usuarios-muebles 1-122,text,true,,538,336,200,200,https://compumuebles-sabana-api.cyk.com.co/api/auth/login,14158,0,0
1781509256429,14162,Ingreso Usuario,200,OK,Ingreso-usuarios-muebles 1-141,text,true,,538,336,200,200,https://compumuebles-sabana-api.cyk.com.co/api/auth/login,14162,0,0
1781509256429,14169,Ingreso Usuario,200,OK,Ingreso-usuarios-muebles 1-103,text,true,,538,336,200,200,https://compumuebles-sabana-api.cyk.com.co/api/auth/login,14169,0,0
1781509256429,14172,Ingreso Usuario,200,OK,Ingreso-usuarios-muebles 1-150,text,true,,538,336,200,200,https://compumuebles-sabana-api.cyk.com.co/api/auth/login,14172,0,0
1781509256429,14172,Ingreso Usuario,200,OK,Ingreso-usuarios-muebles 1-91,text,true,,538,336,200,200,https://compumuebles-sabana-api.cyk.com.co/api/auth/login,14172,0,0
1781509256437,14164,Ingreso Usuario,200,OK,Ingreso-usuarios-muebles 1-86,text,true,,538,336,200,200,https://compumuebles-sabana-api.cyk.com.co/api/auth/login,14164,0,0
1781509256429,14178,Ingreso Usuario,200,OK,Ingreso-usuarios-muebles 1-60,text,true,,538,336,200,200,https://compumuebles-sabana-api.cyk.com.co/api/auth/login,14178,0,0
1781509256446,14162,Ingreso Usuario,200,OK,Ingreso-usuarios-muebles 1-24,text,true,,538,336,200,200,https://compumuebles-sabana-api.cyk.com.co/api/auth/login,14162,0,0
1781509256459,14150,Ingreso Usuario,200,OK,Ingreso-usuarios-muebles 1-149,text,true,,538,336,200,200,https://compumuebles-sabana-api.cyk.com.co/api/auth/login,14150,0,0
1781509256461,14148,Ingreso Usuario,200,OK,Ingreso-usuarios-muebles 1-196,text,true,,538,336,200,200,https://compumuebles-sabana-api.cyk.com.co/api/auth/login,14148,0,0
1781509256465,14149,Ingreso Usuario,200,OK,Ingreso-usuarios-muebles 1-37,text,true,,538,336,200,200,https://compumuebles-sabana-api.cyk.com.co/api/auth/login,14149,0,0
1781509256485,14130,Ingreso Usuario,200,OK,Ingreso-usuarios-muebles 1-166,text,true,,538,336,200,200,https://compumuebles-sabana-api.cyk.com.co/api/auth/login,14130,0,0
1781509256473,14142,Ingreso Usuario,200,OK,Ingreso-usuarios-muebles 1-94,text,true,,538,336,200,200,https://compumuebles-sabana-api.cyk.com.co/api/auth/login,14142,0,0
1781509256504,14123,Ingreso Usuario,200,OK,Ingreso-usuarios-muebles 1-100,text,true,,538,336,200,200,https://compumuebles-sabana-api.cyk.com.co/api/auth/login,14123,0,0
1781509256563,14080,Ingreso Usuario,200,OK,Ingreso-usuarios-muebles 1-164,text,true,,538,336,200,200,https://compumuebles-sabana-api.cyk.com.co/api/auth/login,14080,0,0
1781509256580,14094,Ingreso Usuario,200,OK,Ingreso-usuarios-muebles 1-58,text,true,,538,336,200,200,https://compumuebles-sabana-api.cyk.com.co/api/auth/login,14094,0,0
1781509256513,14161,Ingreso Usuario,200,OK,Ingreso-usuarios-muebles 1-172,text,true,,538,336,200,200,https://compumuebles-sabana-api.cyk.com.co/api/auth/login,14161,0,0
1781509256614,14062,Ingreso Usuario,200,OK,Ingreso-usuarios-muebles 1-159,text,true,,538,336,200,200,https://compumuebles-sabana-api.cyk.com.co/api/auth/login,14062,0,0
1781509256624,14052,Ingreso Usuario,200,OK,Ingreso-usuarios-muebles 1-56,text,true,,538,336,200,200,https://compumuebles-sabana-api.cyk.com.co/api/auth/login,14052,0,0
1781509256600,14078,Ingreso Usuario,200,OK,Ingreso-usuarios-muebles 1-117,text,true,,538,336,200,200,https://compumuebles-sabana-api.cyk.com.co/api/auth/login,14078,0,0
1781509256639,14039,Ingreso Usuario,200,OK,Ingreso-usuarios-muebles 1-27,text,true,,538,336,200,200,https://compumuebles-sabana-api.cyk.com.co/api/auth/login,14039,0,0
1781509256694,14004,Ingreso Usuario,200,OK,Ingreso-usuarios-muebles 1-139,text,true,,538,336,200,200,https://compumuebles-sabana-api.cyk.com.co/api/auth/login,14004,0,0
1781509256654,14044,Ingreso Usuario,200,OK,Ingreso-usuarios-muebles 1-176,text,true,,538,336,200,200,https://compumuebles-sabana-api.cyk.com.co/api/auth/login,14044,0,0
1781509245603,25098,Ingreso Usuario,200,OK,Ingreso-usuarios-muebles 1-41,text,true,,538,336,200,200,https://compumuebles-sabana-api.cyk.com.co/api/auth/login,25098,0,0
1781509256250,14452,Ingreso Usuario,200,OK,Ingreso-usuarios-muebles 1-11,text,true,,538,336,200,200,https://compumuebles-sabana-api.cyk.com.co/api/auth/login,14452,0,0
1781509256256,14451,Ingreso Usuario,200,OK,Ingreso-usuarios-muebles 1-19,text,true,,538,336,200,200,https://compumuebles-sabana-api.cyk.com.co/api/auth/login,14451,0,0
1781509256264,14445,Ingreso Usuario,200,OK,Ingreso-usuarios-muebles 1-69,text,true,,538,336,200,200,https://compumuebles-sabana-api.cyk.com.co/api/auth/login,14445,0,0
1781509256280,14432,Ingreso Usuario,200,OK,Ingreso-usuarios-muebles 1-118,text,true,,538,336,200,200,https://compumuebles-sabana-api.cyk.com.co/api/auth/login,14432,0,0
1781509256283,14430,Ingreso Usuario,200,OK,Ingreso-usuarios-muebles 1-126,text,true,,538,336,200,200,https://compumuebles-sabana-api.cyk.com.co/api/auth/login,14430,0,0
1781509256290,14424,Ingreso Usuario,200,OK,Ingreso-usuarios-muebles 1-75,text,true,,538,336,200,200,https://compumuebles-sabana-api.cyk.com.co/api/auth/login,14424,0,0
1781509256304,14424,Ingreso Usuario,200,OK,Ingreso-usuarios-muebles 1-81,text,true,,538,336,200,200,https://compumuebles-sabana-api.cyk.com.co/api/auth/login,14424,0,0
1781509256316,14412,Ingreso Usuario,200,OK,Ingreso-usuarios-muebles 1-85,text,true,,538,336,200,200,https://compumuebles-sabana-api.cyk.com.co/api/auth/login,14412,0,0
1781509256322,14407,Ingreso Usuario,200,OK,Ingreso-usuarios-muebles 1-96,text,true,,538,336,200,200,https://compumuebles-sabana-api.cyk.com.co/api/auth/login,14407,0,0
1781509256304,14425,Ingreso Usuario,200,OK,Ingreso-usuarios-muebles 1-140,text,true,,538,336,200,200,https://compumuebles-sabana-api.cyk.com.co/api/auth/login,14425,0,0
1781509256429,14306,Ingreso Usuario,200,OK,Ingreso-usuarios-muebles 1-57,text,true,,538,336,200,200,https://compumuebles-sabana-api.cyk.com.co/api/auth/login,14306,0,0
1781509256361,14374,Ingreso Usuario,200,OK,Ingreso-usuarios-muebles 1-185,text,true,,538,336,200,200,https://compumuebles-sabana-api.cyk.com.co/api/auth/login,14374,0,0
1781509256429,14306,Ingreso Usuario,200,OK,Ingreso-usuarios-muebles 1-162,text,true,,538,336,200,200,https://compumuebles-sabana-api.cyk.com.co/api/auth/login,14306,0,0
1781509256336,14399,Ingreso Usuario,200,OK,Ingreso-usuarios-muebles 1-184,text,true,,538,336,200,200,https://compumuebles-sabana-api.cyk.com.co/api/auth/login,14399,0,0
1781509256429,14311,Ingreso Usuario,200,OK,Ingreso-usuarios-muebles 1-113,text,true,,538,336,200,200,https://compumuebles-sabana-api.cyk.com.co/api/auth/login,14311,0,0
1781509256429,14311,Ingreso Usuario,200,OK,Ingreso-usuarios-muebles 1-170,text,true,,538,336,200,200,https://compumuebles-sabana-api.cyk.com.co/api/auth/login,14311,0,0
1781509256429,14321,Ingreso Usuario,200,OK,Ingreso-usuarios-muebles 1-62,text,true,,538,336,200,200,https://compumuebles-sabana-api.cyk.com.co/api/auth/login,14321,0,0
1781509256429,14323,Ingreso Usuario,200,OK,Ingreso-usuarios-muebles 1-65,text,true,,538,336,200,200,https://compumuebles-sabana-api.cyk.com.co/api/auth/login,14323,0,0
1781509256438,14314,Ingreso Usuario,200,OK,Ingreso-usuarios-muebles 1-133,text,true,,538,336,200,200,https://compumuebles-sabana-api.cyk.com.co/api/auth/login,14314,0,0
1781509256449,14305,Ingreso Usuario,200,OK,Ingreso-usuarios-muebles 1-83,text,true,,538,336,200,200,https://compumuebles-sabana-api.cyk.com.co/api/auth/login,14305,0,0
1781509256459,14299,Ingreso Usuario,200,OK,Ingreso-usuarios-muebles 1-18,text,true,,538,336,200,200,https://compumuebles-sabana-api.cyk.com.co/api/auth/login,14299,0,0
1781509256491,14271,Ingreso Usuario,200,OK,Ingreso-usuarios-muebles 1-134,text,true,,538,336,200,200,https://compumuebles-sabana-api.cyk.com.co/api/auth/login,14271,0,0
1781509256475,14288,Ingreso Usuario,200,OK,Ingreso-usuarios-muebles 1-104,text,true,,538,336,200,200,https://compumuebles-sabana-api.cyk.com.co/api/auth/login,14288,0,0
1781509256482,14286,Ingreso Usuario,200,OK,Ingreso-usuarios-muebles 1-50,text,true,,538,336,200,200,https://compumuebles-sabana-api.cyk.com.co/api/auth/login,14286,0,0
1781509256547,14222,Ingreso Usuario,200,OK,Ingreso-usuarios-muebles 1-152,text,true,,538,336,200,200,https://compumuebles-sabana-api.cyk.com.co/api/auth/login,14222,0,0
1781509256513,14256,Ingreso Usuario,200,OK,Ingreso-usuarios-muebles 1-52,text,true,,538,336,200,200,https://compumuebles-sabana-api.cyk.com.co/api/auth/login,14256,0,0
1781509256598,14171,Ingreso Usuario,200,OK,Ingreso-usuarios-muebles 1-84,text,true,,538,336,200,200,https://compumuebles-sabana-api.cyk.com.co/api/auth/login,14171,0,0
1781509256614,14155,Ingreso Usuario,200,OK,Ingreso-usuarios-muebles 1-167,text,true,,538,336,200,200,https://compumuebles-sabana-api.cyk.com.co/api/auth/login,14155,0,0
1781509256577,14192,Ingreso Usuario,200,OK,Ingreso-usuarios-muebles 1-119,text,true,,538,336,200,200,https://compumuebles-sabana-api.cyk.com.co/api/auth/login,14192,0,0
1781509256446,14323,Ingreso Usuario,200,OK,Ingreso-usuarios-muebles 1-198,text,true,,538,336,200,200,https://compumuebles-sabana-api.cyk.com.co/api/auth/login,14323,0,0
1781509256649,14121,Ingreso Usuario,200,OK,Ingreso-usuarios-muebles 1-191,text,true,,538,336,200,200,https://compumuebles-sabana-api.cyk.com.co/api/auth/login,14121,0,0
1781509256635,14135,Ingreso Usuario,200,OK,Ingreso-usuarios-muebles 1-192,text,true,,538,336,200,200,https://compumuebles-sabana-api.cyk.com.co/api/auth/login,14135,0,0
1781509256624,14146,Ingreso Usuario,200,OK,Ingreso-usuarios-muebles 1-63,text,true,,538,336,200,200,https://compumuebles-sabana-api.cyk.com.co/api/auth/login,14146,0,0
1781509256678,14111,Ingreso Usuario,200,OK,Ingreso-usuarios-muebles 1-73,text,true,,538,336,200,200,https://compumuebles-sabana-api.cyk.com.co/api/auth/login,14111,0,0
1781509256696,14093,Ingreso Usuario,200,OK,Ingreso-usuarios-muebles 1-110,text,true,,538,336,200,200,https://compumuebles-sabana-api.cyk.com.co/api/auth/login,14093,0,0
1781509256708,17444,Ingreso Usuario,200,OK,Ingreso-usuarios-muebles 1-131,text,true,,538,336,200,200,https://compumuebles-sabana-api.cyk.com.co/api/auth/login,17444,0,0
1781509256734,17421,Ingreso Usuario,200,OK,Ingreso-usuarios-muebles 1-105,text,true,,538,336,200,200,https://compumuebles-sabana-api.cyk.com.co/api/auth/login,17421,0,0
1781509256714,17441,Ingreso Usuario,200,OK,Ingreso-usuarios-muebles 1-153,text,true,,538,336,200,200,https://compumuebles-sabana-api.cyk.com.co/api/auth/login,17441,0,0
1781509259694,14462,Ingreso Usuario,200,OK,Ingreso-usuarios-muebles 1-107,text,true,,538,336,200,200,https://compumuebles-sabana-api.cyk.com.co/api/auth/login,14462,0,233
1781509259741,14417,Ingreso Usuario,200,OK,Ingreso-usuarios-muebles 1-193,text,true,,538,336,200,200,https://compumuebles-sabana-api.cyk.com.co/api/auth/login,14417,0,201
1781509259762,14398,Ingreso Usuario,200,OK,Ingreso-usuarios-muebles 1-28,text,true,,538,336,200,200,https://compumuebles-sabana-api.cyk.com.co/api/auth/login,14398,0,173
1781509259718,14448,Ingreso Usuario,200,OK,Ingreso-usuarios-muebles 1-12,text,true,,538,336,200,200,https://compumuebles-sabana-api.cyk.com.co/api/auth/login,14448,0,238
1781509259715,14451,Ingreso Usuario,200,OK,Ingreso-usuarios-muebles 1-16,text,true,,538,336,200,200,https://compumuebles-sabana-api.cyk.com.co/api/auth/login,14451,0,239
1781509259760,14407,Ingreso Usuario,200,OK,Ingreso-usuarios-muebles 1-2,text,true,,538,336,200,200,https://compumuebles-sabana-api.cyk.com.co/api/auth/login,14407,0,177
1781509259697,14472,Ingreso Usuario,200,OK,Ingreso-usuarios-muebles 1-64,text,true,,538,336,200,200,https://compumuebles-sabana-api.cyk.com.co/api/auth/login,14472,0,260
1781509259702,14468,Ingreso Usuario,200,OK,Ingreso-usuarios-muebles 1-17,text,true,,538,336,200,200,https://compumuebles-sabana-api.cyk.com.co/api/auth/login,14468,0,258
1781509259792,14381,Ingreso Usuario,200,OK,Ingreso-usuarios-muebles 1-80,text,true,,538,336,200,200,https://compumuebles-sabana-api.cyk.com.co/api/auth/login,14381,0,177
1781509259794,14379,Ingreso Usuario,200,OK,Ingreso-usuarios-muebles 1-181,text,true,,538,336,200,200,https://compumuebles-sabana-api.cyk.com.co/api/auth/login,14379,0,181
1781509259797,14377,Ingreso Usuario,200,OK,Ingreso-usuarios-muebles 1-10,text,true,,538,336,200,200,https://compumuebles-sabana-api.cyk.com.co/api/auth/login,14377,0,179
1781509256723,17455,Ingreso Usuario,200,OK,Ingreso-usuarios-muebles 1-67,text,true,,538,336,200,200,https://compumuebles-sabana-api.cyk.com.co/api/auth/login,17455,0,0
1781509256718,17460,Ingreso Usuario,200,OK,Ingreso-usuarios-muebles 1-155,text,true,,538,336,200,200,https://compumuebles-sabana-api.cyk.com.co/api/auth/login,17460,0,0
1781509259765,14415,Ingreso Usuario,200,OK,Ingreso-usuarios-muebles 1-14,text,true,,538,336,200,200,https://compumuebles-sabana-api.cyk.com.co/api/auth/login,14415,0,167
1781509259760,14427,Ingreso Usuario,200,OK,Ingreso-usuarios-muebles 1-177,text,true,,538,336,200,200,https://compumuebles-sabana-api.cyk.com.co/api/auth/login,14427,0,175
1781509259781,14407,Ingreso Usuario,200,OK,Ingreso-usuarios-muebles 1-194,text,true,,538,336,200,200,https://compumuebles-sabana-api.cyk.com.co/api/auth/login,14407,0,175
1781509259735,14453,Ingreso Usuario,200,OK,Ingreso-usuarios-muebles 1-129,text,true,,538,336,200,200,https://compumuebles-sabana-api.cyk.com.co/api/auth/login,14453,0,209
1781509259730,14460,Ingreso Usuario,200,OK,Ingreso-usuarios-muebles 1-109,text,true,,538,336,200,200,https://compumuebles-sabana-api.cyk.com.co/api/auth/login,14460,0,219
1781509259782,14408,Ingreso Usuario,200,OK,Ingreso-usuarios-muebles 1-43,text,true,,538,336,200,200,https://compumuebles-sabana-api.cyk.com.co/api/auth/login,14408,0,185
1781509259702,14489,Ingreso Usuario,200,OK,Ingreso-usuarios-muebles 1-3,text,true,,538,336,200,200,https://compumuebles-sabana-api.cyk.com.co/api/auth/login,14489,0,257
1781509259782,14412,Ingreso Usuario,200,OK,Ingreso-usuarios-muebles 1-40,text,true,,538,336,200,200,https://compumuebles-sabana-api.cyk.com.co/api/auth/login,14412,0,181
1781509259802,14394,Ingreso Usuario,200,OK,Ingreso-usuarios-muebles 1-178,text,true,,538,336,200,200,https://compumuebles-sabana-api.cyk.com.co/api/auth/login,14394,0,174
1781509259820,14379,Ingreso Usuario,200,OK,Ingreso-usuarios-muebles 1-8,text,true,,538,336,200,200,https://compumuebles-sabana-api.cyk.com.co/api/auth/login,14379,0,162
1781509256713,17487,Ingreso Usuario,200,OK,Ingreso-usuarios-muebles 1-78,text,true,,538,336,200,200,https://compumuebles-sabana-api.cyk.com.co/api/auth/login,17487,0,0
1781509256725,17478,Ingreso Usuario,200,OK,Ingreso-usuarios-muebles 1-123,text,true,,538,336,200,200,https://compumuebles-sabana-api.cyk.com.co/api/auth/login,17478,0,0
1781509256720,17483,Ingreso Usuario,200,OK,Ingreso-usuarios-muebles 1-165,text,true,,538,336,200,200,https://compumuebles-sabana-api.cyk.com.co/api/auth/login,17483,0,0
1781509259763,14441,Ingreso Usuario,200,OK,Ingreso-usuarios-muebles 1-34,text,true,,538,336,200,200,https://compumuebles-sabana-api.cyk.com.co/api/auth/login,14441,0,168
1781509259758,14447,Ingreso Usuario,200,OK,Ingreso-usuarios-muebles 1-23,text,true,,538,336,200,200,https://compumuebles-sabana-api.cyk.com.co/api/auth/login,14447,0,180
1781509259765,14440,Ingreso Usuario,200,OK,Ingreso-usuarios-muebles 1-45,text,true,,538,336,200,200,https://compumuebles-sabana-api.cyk.com.co/api/auth/login,14440,0,167
1781509259729,14478,Ingreso Usuario,200,OK,Ingreso-usuarios-muebles 1-132,text,true,,538,336,200,200,https://compumuebles-sabana-api.cyk.com.co/api/auth/login,14478,0,219
1781509259708,14501,Ingreso Usuario,200,OK,Ingreso-usuarios-muebles 1-21,text,true,,538,336,200,200,https://compumuebles-sabana-api.cyk.com.co/api/auth/login,14501,0,244
1781509259744,14467,Ingreso Usuario,200,OK,Ingreso-usuarios-muebles 1-31,text,true,,538,336,200,200,https://compumuebles-sabana-api.cyk.com.co/api/auth/login,14467,0,208
1781509259704,14508,Ingreso Usuario,200,OK,Ingreso-usuarios-muebles 1-154,text,true,,538,336,200,200,https://compumuebles-sabana-api.cyk.com.co/api/auth/login,14508,0,258
1781509259781,14434,Ingreso Usuario,200,OK,Ingreso-usuarios-muebles 1-76,text,true,,538,336,200,200,https://compumuebles-sabana-api.cyk.com.co/api/auth/login,14434,0,185
1781509256719,17502,Ingreso Usuario,200,OK,Ingreso-usuarios-muebles 1-169,text,true,,538,336,200,200,https://compumuebles-sabana-api.cyk.com.co/api/auth/login,17502,0,0
1781509259789,14432,Ingreso Usuario,200,OK,Ingreso-usuarios-muebles 1-199,text,true,,538,336,200,200,https://compumuebles-sabana-api.cyk.com.co/api/auth/login,14432,0,182
1781509259760,14470,Ingreso Usuario,200,OK,Ingreso-usuarios-muebles 1-13,text,true,,538,336,200,200,https://compumuebles-sabana-api.cyk.com.co/api/auth/login,14470,0,178
1781509256723,17507,Ingreso Usuario,200,OK,Ingreso-usuarios-muebles 1-95,text,true,,538,336,200,200,https://compumuebles-sabana-api.cyk.com.co/api/auth/login,17507,0,0
1781509259751,14480,Ingreso Usuario,200,OK,Ingreso-usuarios-muebles 1-51,text,true,,538,336,200,200,https://compumuebles-sabana-api.cyk.com.co/api/auth/login,14480,0,187
1781509259758,14479,Ingreso Usuario,200,OK,Ingreso-usuarios-muebles 1-97,text,true,,538,336,200,200,https://compumuebles-sabana-api.cyk.com.co/api/auth/login,14479,0,181
1781509259739,14502,Ingreso Usuario,200,OK,Ingreso-usuarios-muebles 1-186,text,true,,538,336,200,200,https://compumuebles-sabana-api.cyk.com.co/api/auth/login,14502,0,207
1781509259712,14536,Ingreso Usuario,200,OK,Ingreso-usuarios-muebles 1-130,text,true,,538,336,200,200,https://compumuebles-sabana-api.cyk.com.co/api/auth/login,14536,0,244
1781509259705,14543,Ingreso Usuario,200,OK,Ingreso-usuarios-muebles 1-7,text,true,,538,336,200,200,https://compumuebles-sabana-api.cyk.com.co/api/auth/login,14543,0,251
1781509259781,14471,Ingreso Usuario,200,OK,Ingreso-usuarios-muebles 1-30,text,true,,538,336,200,200,https://compumuebles-sabana-api.cyk.com.co/api/auth/login,14471,0,186
1781509259781,14479,Ingreso Usuario,200,OK,Ingreso-usuarios-muebles 1-116,text,true,,538,336,200,200,https://compumuebles-sabana-api.cyk.com.co/api/auth/login,14479,0,181
1781509259787,14475,Ingreso Usuario,200,OK,Ingreso-usuarios-muebles 1-25,text,true,,538,336,200,200,https://compumuebles-sabana-api.cyk.com.co/api/auth/login,14475,0,184
1781509259799,14467,Ingreso Usuario,200,OK,Ingreso-usuarios-muebles 1-197,text,true,,538,336,200,200,https://compumuebles-sabana-api.cyk.com.co/api/auth/login,14467,0,177
1781509259816,14460,Ingreso Usuario,200,OK,Ingreso-usuarios-muebles 1-174,text,true,,538,336,200,200,https://compumuebles-sabana-api.cyk.com.co/api/auth/login,14459,0,165
1781509259810,24729,Ingreso Usuario,200,OK,Ingreso-usuarios-muebles 1-15,text,true,,538,336,200,200,https://compumuebles-sabana-api.cyk.com.co/api/auth/login,24729,0,166
1781509259824,24719,Ingreso Usuario,200,OK,Ingreso-usuarios-muebles 1-20,text,true,,538,336,200,200,https://compumuebles-sabana-api.cyk.com.co/api/auth/login,24719,0,161
1781509270359,14188,Ingreso Usuario,200,OK,Ingreso-usuarios-muebles 1-26,text,true,,538,336,200,200,https://compumuebles-sabana-api.cyk.com.co/api/auth/login,14188,0,177
1781509270369,14182,Ingreso Usuario,200,OK,Ingreso-usuarios-muebles 1-99,text,true,,538,336,200,200,https://compumuebles-sabana-api.cyk.com.co/api/auth/login,14182,0,176
1781509270366,14186,Ingreso Usuario,200,OK,Ingreso-usuarios-muebles 1-160,text,true,,538,336,200,200,https://compumuebles-sabana-api.cyk.com.co/api/auth/login,14186,0,178
1781509270387,14169,Ingreso Usuario,200,OK,Ingreso-usuarios-muebles 1-61,text,true,,538,336,200,200,https://compumuebles-sabana-api.cyk.com.co/api/auth/login,14169,0,176
1781509270379,14177,Ingreso Usuario,200,OK,Ingreso-usuarios-muebles 1-93,text,true,,538,336,200,200,https://compumuebles-sabana-api.cyk.com.co/api/auth/login,14177,0,181
1781509270411,14146,Ingreso Usuario,200,OK,Ingreso-usuarios-muebles 1-59,text,true,,538,336,200,200,https://compumuebles-sabana-api.cyk.com.co/api/auth/login,14146,0,192
1781509270396,14161,Ingreso Usuario,200,OK,Ingreso-usuarios-muebles 1-175,text,true,,538,336,200,200,https://compumuebles-sabana-api.cyk.com.co/api/auth/login,14161,0,191
1781509270431,14126,Ingreso Usuario,200,OK,Ingreso-usuarios-muebles 1-156,text,true,,538,336,200,200,https://compumuebles-sabana-api.cyk.com.co/api/auth/login,14126,0,242
1781509270416,14142,Ingreso Usuario,200,OK,Ingreso-usuarios-muebles 1-70,text,true,,538,336,200,200,https://compumuebles-sabana-api.cyk.com.co/api/auth/login,14142,0,197
1781509270432,14127,Ingreso Usuario,200,OK,Ingreso-usuarios-muebles 1-151,text,true,,538,336,200,200,https://compumuebles-sabana-api.cyk.com.co/api/auth/login,14127,0,340
1781509270452,14110,Ingreso Usuario,200,OK,Ingreso-usuarios-muebles 1-102,text,true,,538,336,200,200,https://compumuebles-sabana-api.cyk.com.co/api/auth/login,14110,0,345
1781509270476,14090,Ingreso Usuario,200,OK,Ingreso-usuarios-muebles 1-144,text,true,,538,336,200,200,https://compumuebles-sabana-api.cyk.com.co/api/auth/login,14090,0,344
1781509270479,14089,Ingreso Usuario,200,OK,Ingreso-usuarios-muebles 1-112,text,true,,538,336,200,200,https://compumuebles-sabana-api.cyk.com.co/api/auth/login,14089,0,348
1781509270491,14082,Ingreso Usuario,200,OK,Ingreso-usuarios-muebles 1-163,text,true,,538,336,200,200,https://compumuebles-sabana-api.cyk.com.co/api/auth/login,14082,0,355
1781509270513,14063,Ingreso Usuario,200,OK,Ingreso-usuarios-muebles 1-124,text,true,,538,336,200,200,https://compumuebles-sabana-api.cyk.com.co/api/auth/login,14063,0,369
1781509270511,14068,Ingreso Usuario,200,OK,Ingreso-usuarios-muebles 1-168,text,true,,538,336,200,200,https://compumuebles-sabana-api.cyk.com.co/api/auth/login,14068,0,386
1781509270515,14066,Ingreso Usuario,200,OK,Ingreso-usuarios-muebles 1-143,text,true,,538,336,200,200,https://compumuebles-sabana-api.cyk.com.co/api/auth/login,14066,0,387
1781509270526,14056,Ingreso Usuario,200,OK,Ingreso-usuarios-muebles 1-98,text,true,,538,336,200,200,https://compumuebles-sabana-api.cyk.com.co/api/auth/login,14056,0,395
1781509270558,14025,Ingreso Usuario,200,OK,Ingreso-usuarios-muebles 1-200,text,true,,538,336,200,200,https://compumuebles-sabana-api.cyk.com.co/api/auth/login,14025,0,380
1781509270575,14011,Ingreso Usuario,200,OK,Ingreso-usuarios-muebles 1-183,text,true,,538,336,200,200,https://compumuebles-sabana-api.cyk.com.co/api/auth/login,14010,0,370
1781509270577,14010,Ingreso Usuario,200,OK,Ingreso-usuarios-muebles 1-68,text,true,,538,336,200,200,https://compumuebles-sabana-api.cyk.com.co/api/auth/login,14010,0,371
1781509270588,14004,Ingreso Usuario,200,OK,Ingreso-usuarios-muebles 1-122,text,true,,538,336,200,200,https://compumuebles-sabana-api.cyk.com.co/api/auth/login,14004,0,365
1781509270602,13992,Ingreso Usuario,200,OK,Ingreso-usuarios-muebles 1-150,text,true,,538,336,200,200,https://compumuebles-sabana-api.cyk.com.co/api/auth/login,13992,0,354
1781509270610,13985,Ingreso Usuario,200,OK,Ingreso-usuarios-muebles 1-149,text,true,,538,336,200,200,https://compumuebles-sabana-api.cyk.com.co/api/auth/login,13985,0,363
1781509270684,13914,Ingreso Usuario,200,OK,Ingreso-usuarios-muebles 1-27,text,true,,538,336,200,200,https://compumuebles-sabana-api.cyk.com.co/api/auth/login,13914,0,313
1781509270684,13916,Ingreso Usuario,200,OK,Ingreso-usuarios-muebles 1-58,text,true,,538,336,200,200,https://compumuebles-sabana-api.cyk.com.co/api/auth/login,13916,0,300
1781509270699,13906,Ingreso Usuario,200,OK,Ingreso-usuarios-muebles 1-176,text,true,,538,336,200,200,https://compumuebles-sabana-api.cyk.com.co/api/auth/login,13906,0,304
1781509270702,13904,Ingreso Usuario,200,OK,Ingreso-usuarios-muebles 1-41,text,true,,538,336,200,200,https://compumuebles-sabana-api.cyk.com.co/api/auth/login,13904,0,311
1781509270714,13894,Ingreso Usuario,200,OK,Ingreso-usuarios-muebles 1-118,text,true,,538,336,200,200,https://compumuebles-sabana-api.cyk.com.co/api/auth/login,13894,0,363
1781509270730,13890,Ingreso Usuario,200,OK,Ingreso-usuarios-muebles 1-96,text,true,,538,336,200,200,https://compumuebles-sabana-api.cyk.com.co/api/auth/login,13890,0,397
1781509270730,13890,Ingreso Usuario,200,OK,Ingreso-usuarios-muebles 1-140,text,true,,538,336,200,200,https://compumuebles-sabana-api.cyk.com.co/api/auth/login,13890,0,374
1781509270741,13883,Ingreso Usuario,200,OK,Ingreso-usuarios-muebles 1-113,text,true,,538,336,200,200,https://compumuebles-sabana-api.cyk.com.co/api/auth/login,13883,0,388
1781509270753,13873,Ingreso Usuario,200,OK,Ingreso-usuarios-muebles 1-65,text,true,,538,336,200,200,https://compumuebles-sabana-api.cyk.com.co/api/auth/login,13873,0,390
1781509270769,13860,Ingreso Usuario,200,OK,Ingreso-usuarios-muebles 1-50,text,true,,538,336,200,200,https://compumuebles-sabana-api.cyk.com.co/api/auth/login,13860,0,388
1781509270770,13868,Ingreso Usuario,200,OK,Ingreso-usuarios-muebles 1-119,text,true,,538,336,200,200,https://compumuebles-sabana-api.cyk.com.co/api/auth/login,13868,0,388
1781509259824,24814,Ingreso Usuario,200,OK,Ingreso-usuarios-muebles 1-38,text,true,,538,336,200,200,https://compumuebles-sabana-api.cyk.com.co/api/auth/login,24814,0,163
1781509270362,14277,Ingreso Usuario,200,OK,Ingreso-usuarios-muebles 1-6,text,true,,538,336,200,200,https://compumuebles-sabana-api.cyk.com.co/api/auth/login,14277,0,176
1781509270770,13870,Ingreso Usuario,200,OK,Ingreso-usuarios-muebles 1-152,text,true,,538,336,200,200,https://compumuebles-sabana-api.cyk.com.co/api/auth/login,13870,0,404
1781509270367,14291,Ingreso Usuario,200,OK,Ingreso-usuarios-muebles 1-188,text,true,,538,336,200,200,https://compumuebles-sabana-api.cyk.com.co/api/auth/login,14291,0,175
1781509270383,14284,Ingreso Usuario,200,OK,Ingreso-usuarios-muebles 1-44,text,true,,538,336,200,200,https://compumuebles-sabana-api.cyk.com.co/api/auth/login,14284,0,177
1781509270367,14300,Ingreso Usuario,200,OK,Ingreso-usuarios-muebles 1-54,text,true,,538,336,200,200,https://compumuebles-sabana-api.cyk.com.co/api/auth/login,14300,0,178
1781509270398,14270,Ingreso Usuario,200,OK,Ingreso-usuarios-muebles 1-138,text,true,,538,336,200,200,https://compumuebles-sabana-api.cyk.com.co/api/auth/login,14270,0,189
1781509270389,14280,Ingreso Usuario,200,OK,Ingreso-usuarios-muebles 1-137,text,true,,538,336,200,200,https://compumuebles-sabana-api.cyk.com.co/api/auth/login,14280,0,186
1781509270403,14266,Ingreso Usuario,200,OK,Ingreso-usuarios-muebles 1-146,text,true,,538,336,200,200,https://compumuebles-sabana-api.cyk.com.co/api/auth/login,14266,0,193
1781509270418,14263,Ingreso Usuario,200,OK,Ingreso-usuarios-muebles 1-35,text,true,,538,336,200,200,https://compumuebles-sabana-api.cyk.com.co/api/auth/login,14263,0,199
1781509270429,14259,Ingreso Usuario,200,OK,Ingreso-usuarios-muebles 1-66,text,true,,538,336,200,200,https://compumuebles-sabana-api.cyk.com.co/api/auth/login,14259,0,286
1781509270441,14247,Ingreso Usuario,200,OK,Ingreso-usuarios-muebles 1-190,text,true,,538,336,200,200,https://compumuebles-sabana-api.cyk.com.co/api/auth/login,14247,0,338
1781509270455,14236,Ingreso Usuario,200,OK,Ingreso-usuarios-muebles 1-77,text,true,,538,336,200,200,https://compumuebles-sabana-api.cyk.com.co/api/auth/login,14236,0,350
1781509270473,14222,Ingreso Usuario,200,OK,Ingreso-usuarios-muebles 1-88,text,true,,538,336,200,200,https://compumuebles-sabana-api.cyk.com.co/api/auth/login,14222,0,352
1781509270473,14229,Ingreso Usuario,200,OK,Ingreso-usuarios-muebles 1-9,text,true,,538,336,200,200,https://compumuebles-sabana-api.cyk.com.co/api/auth/login,14229,0,355
1781509270493,14217,Ingreso Usuario,200,OK,Ingreso-usuarios-muebles 1-71,text,true,,538,336,200,200,https://compumuebles-sabana-api.cyk.com.co/api/auth/login,14217,0,354
1781509270500,14217,Ingreso Usuario,200,OK,Ingreso-usuarios-muebles 1-32,text,true,,538,336,200,200,https://compumuebles-sabana-api.cyk.com.co/api/auth/login,14217,0,382
1781509270515,14203,Ingreso Usuario,200,OK,Ingreso-usuarios-muebles 1-189,text,true,,538,336,200,200,https://compumuebles-sabana-api.cyk.com.co/api/auth/login,14203,0,388
1781509270519,14218,Ingreso Usuario,200,OK,Ingreso-usuarios-muebles 1-121,text,true,,538,336,200,200,https://compumuebles-sabana-api.cyk.com.co/api/auth/login,14218,0,390
1781509270544,14195,Ingreso Usuario,200,OK,Ingreso-usuarios-muebles 1-157,text,true,,538,336,200,200,https://compumuebles-sabana-api.cyk.com.co/api/auth/login,14195,0,379
1781509270544,14201,Ingreso Usuario,200,OK,Ingreso-usuarios-muebles 1-39,text,true,,538,336,200,200,https://compumuebles-sabana-api.cyk.com.co/api/auth/login,14201,0,387
1781509270582,14172,Ingreso Usuario,200,OK,Ingreso-usuarios-muebles 1-72,text,true,,538,336,200,200,https://compumuebles-sabana-api.cyk.com.co/api/auth/login,14172,0,368
1781509270579,14183,Ingreso Usuario,200,OK,Ingreso-usuarios-muebles 1-29,text,true,,538,336,200,200,https://compumuebles-sabana-api.cyk.com.co/api/auth/login,14183,0,368
1781509270592,14171,Ingreso Usuario,200,OK,Ingreso-usuarios-muebles 1-141,text,true,,538,336,200,200,https://compumuebles-sabana-api.cyk.com.co/api/auth/login,14171,0,362
1781509270615,14148,Ingreso Usuario,200,OK,Ingreso-usuarios-muebles 1-37,text,true,,538,336,200,200,https://compumuebles-sabana-api.cyk.com.co/api/auth/login,14148,0,361
1781509270616,14148,Ingreso Usuario,200,OK,Ingreso-usuarios-muebles 1-94,text,true,,538,336,200,200,https://compumuebles-sabana-api.cyk.com.co/api/auth/login,14148,0,359
1781509270616,14157,Ingreso Usuario,200,OK,Ingreso-usuarios-muebles 1-166,text,true,,538,336,200,200,https://compumuebles-sabana-api.cyk.com.co/api/auth/login,14157,0,363
1781509270685,14091,Ingreso Usuario,200,OK,Ingreso-usuarios-muebles 1-100,text,true,,538,336,200,200,https://compumuebles-sabana-api.cyk.com.co/api/auth/login,14091,0,315
1781509270684,14092,Ingreso Usuario,200,OK,Ingreso-usuarios-muebles 1-56,text,true,,538,336,200,200,https://compumuebles-sabana-api.cyk.com.co/api/auth/login,14092,0,309
1781509270714,14063,Ingreso Usuario,200,OK,Ingreso-usuarios-muebles 1-126,text,true,,538,336,200,200,https://compumuebles-sabana-api.cyk.com.co/api/auth/login,14063,0,362
1781509270703,14074,Ingreso Usuario,200,OK,Ingreso-usuarios-muebles 1-11,text,true,,538,336,200,200,https://compumuebles-sabana-api.cyk.com.co/api/auth/login,14074,0,312
1781509270729,14053,Ingreso Usuario,200,OK,Ingreso-usuarios-muebles 1-85,text,true,,538,336,200,200,https://compumuebles-sabana-api.cyk.com.co/api/auth/login,14053,0,389
1781509270736,14048,Ingreso Usuario,200,OK,Ingreso-usuarios-muebles 1-185,text,true,,538,336,200,200,https://compumuebles-sabana-api.cyk.com.co/api/auth/login,14048,0,385
1781509270755,14036,Ingreso Usuario,200,OK,Ingreso-usuarios-muebles 1-83,text,true,,538,336,200,200,https://compumuebles-sabana-api.cyk.com.co/api/auth/login,14036,0,388
1781509270751,14046,Ingreso Usuario,200,OK,Ingreso-usuarios-muebles 1-62,text,true,,538,336,200,200,https://compumuebles-sabana-api.cyk.com.co/api/auth/login,14046,0,393
1781509270770,14036,Ingreso Usuario,200,OK,Ingreso-usuarios-muebles 1-167,text,true,,538,336,200,200,https://compumuebles-sabana-api.cyk.com.co/api/auth/login,14036,0,387
1781509270770,14041,Ingreso Usuario,200,OK,Ingreso-usuarios-muebles 1-52,text,true,,538,336,200,200,https://compumuebles-sabana-api.cyk.com.co/api/auth/login,14041,0,388
1781509270357,14456,Ingreso Usuario,200,OK,Ingreso-usuarios-muebles 1-36,text,true,,538,336,200,200,https://compumuebles-sabana-api.cyk.com.co/api/auth/login,14456,0,173
1781509270366,14448,Ingreso Usuario,200,OK,Ingreso-usuarios-muebles 1-48,text,true,,538,336,200,200,https://compumuebles-sabana-api.cyk.com.co/api/auth/login,14448,0,174
1781509270363,14460,Ingreso Usuario,200,OK,Ingreso-usuarios-muebles 1-4,text,true,,538,336,200,200,https://compumuebles-sabana-api.cyk.com.co/api/auth/login,14460,0,171
1781509270376,14447,Ingreso Usuario,200,OK,Ingreso-usuarios-muebles 1-114,text,true,,538,336,200,200,https://compumuebles-sabana-api.cyk.com.co/api/auth/login,14447,0,173
1781509270378,14445,Ingreso Usuario,200,OK,Ingreso-usuarios-muebles 1-115,text,true,,538,336,200,200,https://compumuebles-sabana-api.cyk.com.co/api/auth/login,14445,0,182
1781509270374,14450,Ingreso Usuario,200,OK,Ingreso-usuarios-muebles 1-135,text,true,,538,336,200,200,https://compumuebles-sabana-api.cyk.com.co/api/auth/login,14450,0,172
1781509270393,14433,Ingreso Usuario,200,OK,Ingreso-usuarios-muebles 1-148,text,true,,538,336,200,200,https://compumuebles-sabana-api.cyk.com.co/api/auth/login,14433,0,194
1781509270409,14422,Ingreso Usuario,200,OK,Ingreso-usuarios-muebles 1-108,text,true,,538,336,200,200,https://compumuebles-sabana-api.cyk.com.co/api/auth/login,14422,0,191
1781509270406,14427,Ingreso Usuario,200,OK,Ingreso-usuarios-muebles 1-74,text,true,,538,336,200,200,https://compumuebles-sabana-api.cyk.com.co/api/auth/login,14427,0,202
1781509270427,14407,Ingreso Usuario,200,OK,Ingreso-usuarios-muebles 1-101,text,true,,538,336,200,200,https://compumuebles-sabana-api.cyk.com.co/api/auth/login,14407,0,203
1781509270438,14396,Ingreso Usuario,200,OK,Ingreso-usuarios-muebles 1-46,text,true,,538,336,200,200,https://compumuebles-sabana-api.cyk.com.co/api/auth/login,14396,0,319
1781509270447,14397,Ingreso Usuario,200,OK,Ingreso-usuarios-muebles 1-5,text,true,,538,336,200,200,https://compumuebles-sabana-api.cyk.com.co/api/auth/login,14397,0,349
1781509270464,14387,Ingreso Usuario,200,OK,Ingreso-usuarios-muebles 1-92,text,true,,538,336,200,200,https://compumuebles-sabana-api.cyk.com.co/api/auth/login,14387,0,347
1781509270483,14368,Ingreso Usuario,200,OK,Ingreso-usuarios-muebles 1-182,text,true,,538,336,200,200,https://compumuebles-sabana-api.cyk.com.co/api/auth/login,14368,0,343
1781509270491,14361,Ingreso Usuario,200,OK,Ingreso-usuarios-muebles 1-147,text,true,,538,336,200,200,https://compumuebles-sabana-api.cyk.com.co/api/auth/login,14361,0,338
1781509270499,14355,Ingreso Usuario,200,OK,Ingreso-usuarios-muebles 1-47,text,true,,538,336,200,200,https://compumuebles-sabana-api.cyk.com.co/api/auth/login,14355,0,382
1781509270511,14355,Ingreso Usuario,200,OK,Ingreso-usuarios-muebles 1-125,text,true,,538,336,200,200,https://compumuebles-sabana-api.cyk.com.co/api/auth/login,14355,0,376
1781509270521,14347,Ingreso Usuario,200,OK,Ingreso-usuarios-muebles 1-22,text,true,,538,336,200,200,https://compumuebles-sabana-api.cyk.com.co/api/auth/login,14347,0,383
1781509270526,14347,Ingreso Usuario,200,OK,Ingreso-usuarios-muebles 1-120,text,true,,538,336,200,200,https://compumuebles-sabana-api.cyk.com.co/api/auth/login,14347,0,397
1781509270575,14306,Ingreso Usuario,200,OK,Ingreso-usuarios-muebles 1-179,text,true,,538,336,200,200,https://compumuebles-sabana-api.cyk.com.co/api/auth/login,14306,0,368
1781509270545,14336,Ingreso Usuario,200,OK,Ingreso-usuarios-muebles 1-111,text,true,,538,336,200,200,https://compumuebles-sabana-api.cyk.com.co/api/auth/login,14336,0,380
1781509270567,14315,Ingreso Usuario,200,OK,Ingreso-usuarios-muebles 1-195,text,true,,538,336,200,200,https://compumuebles-sabana-api.cyk.com.co/api/auth/login,14315,0,373
1781509270579,14304,Ingreso Usuario,200,OK,Ingreso-usuarios-muebles 1-128,text,true,,538,336,200,200,https://compumuebles-sabana-api.cyk.com.co/api/auth/login,14304,0,370
1781509270599,14284,Ingreso Usuario,200,OK,Ingreso-usuarios-muebles 1-103,text,true,,538,336,200,200,https://compumuebles-sabana-api.cyk.com.co/api/auth/login,14284,0,356
1781509270582,14303,Ingreso Usuario,200,OK,Ingreso-usuarios-muebles 1-82,text,true,,538,336,200,200,https://compumuebles-sabana-api.cyk.com.co/api/auth/login,14303,0,369
1781509270608,14277,Ingreso Usuario,200,OK,Ingreso-usuarios-muebles 1-60,text,true,,538,336,200,200,https://compumuebles-sabana-api.cyk.com.co/api/auth/login,14277,0,361
1781509270684,14213,Ingreso Usuario,200,OK,Ingreso-usuarios-muebles 1-172,text,true,,538,336,200,200,https://compumuebles-sabana-api.cyk.com.co/api/auth/login,14213,0,298
1781509270684,14213,Ingreso Usuario,200,OK,Ingreso-usuarios-muebles 1-117,text,true,,538,336,200,200,https://compumuebles-sabana-api.cyk.com.co/api/auth/login,14213,0,314
1781509270715,14182,Ingreso Usuario,200,OK,Ingreso-usuarios-muebles 1-75,text,true,,538,336,200,200,https://compumuebles-sabana-api.cyk.com.co/api/auth/login,14182,0,373
1781509270699,14198,Ingreso Usuario,200,OK,Ingreso-usuarios-muebles 1-139,text,true,,538,336,200,200,https://compumuebles-sabana-api.cyk.com.co/api/auth/login,14198,0,303
1781509270710,14187,Ingreso Usuario,200,OK,Ingreso-usuarios-muebles 1-69,text,true,,538,336,200,200,https://compumuebles-sabana-api.cyk.com.co/api/auth/login,14187,0,344
1781509270736,14177,Ingreso Usuario,200,OK,Ingreso-usuarios-muebles 1-162,text,true,,538,336,200,200,https://compumuebles-sabana-api.cyk.com.co/api/auth/login,14177,0,388
1781509270736,14177,Ingreso Usuario,200,OK,Ingreso-usuarios-muebles 1-184,text,true,,538,336,200,200,https://compumuebles-sabana-api.cyk.com.co/api/auth/login,14177,0,394
1781509270753,14160,Ingreso Usuario,200,OK,Ingreso-usuarios-muebles 1-133,text,true,,538,336,200,200,https://compumuebles-sabana-api.cyk.com.co/api/auth/login,14160,0,390
1781509270764,14166,Ingreso Usuario,200,OK,Ingreso-usuarios-muebles 1-104,text,true,,538,336,200,200,https://compumuebles-sabana-api.cyk.com.co/api/auth/login,14166,0,393
1781509270371,14559,Ingreso Usuario,200,OK,Ingreso-usuarios-muebles 1-79,text,true,,538,336,200,200,https://compumuebles-sabana-api.cyk.com.co/api/auth/login,14559,0,173
1781509270771,14159,Ingreso Usuario,200,OK,Ingreso-usuarios-muebles 1-63,text,true,,538,336,200,200,https://compumuebles-sabana-api.cyk.com.co/api/auth/login,14159,0,387
1781509270366,14564,Ingreso Usuario,200,OK,Ingreso-usuarios-muebles 1-158,text,true,,538,336,200,200,https://compumuebles-sabana-api.cyk.com.co/api/auth/login,14564,0,174
1781509270771,14159,Ingreso Usuario,200,OK,Ingreso-usuarios-muebles 1-192,text,true,,538,336,200,200,https://compumuebles-sabana-api.cyk.com.co/api/auth/login,14159,0,402
1781509270377,14553,Ingreso Usuario,200,OK,Ingreso-usuarios-muebles 1-106,text,true,,538,336,200,200,https://compumuebles-sabana-api.cyk.com.co/api/auth/login,14553,0,173
1781509270385,14558,Ingreso Usuario,200,OK,Ingreso-usuarios-muebles 1-142,text,true,,538,336,200,200,https://compumuebles-sabana-api.cyk.com.co/api/auth/login,14558,0,177
1781509270392,14551,Ingreso Usuario,200,OK,Ingreso-usuarios-muebles 1-127,text,true,,538,336,200,200,https://compumuebles-sabana-api.cyk.com.co/api/auth/login,14551,0,188
1781509270413,14530,Ingreso Usuario,200,OK,Ingreso-usuarios-muebles 1-161,text,true,,538,336,200,200,https://compumuebles-sabana-api.cyk.com.co/api/auth/login,14530,0,191
1781509270400,14543,Ingreso Usuario,200,OK,Ingreso-usuarios-muebles 1-89,text,true,,538,336,200,200,https://compumuebles-sabana-api.cyk.com.co/api/auth/login,14543,0,189
1781509270421,14529,Ingreso Usuario,200,OK,Ingreso-usuarios-muebles 1-49,text,true,,538,336,200,200,https://compumuebles-sabana-api.cyk.com.co/api/auth/login,14529,0,202
1781509270438,14516,Ingreso Usuario,200,OK,Ingreso-usuarios-muebles 1-187,text,true,,538,336,200,200,https://compumuebles-sabana-api.cyk.com.co/api/auth/login,14516,0,335
1781509270448,14509,Ingreso Usuario,200,OK,Ingreso-usuarios-muebles 1-180,text,true,,538,336,200,200,https://compumuebles-sabana-api.cyk.com.co/api/auth/login,14509,0,344
1781509270457,14503,Ingreso Usuario,200,OK,Ingreso-usuarios-muebles 1-42,text,true,,538,336,200,200,https://compumuebles-sabana-api.cyk.com.co/api/auth/login,14503,0,354
1781509270460,14501,Ingreso Usuario,200,OK,Ingreso-usuarios-muebles 1-90,text,true,,538,336,200,200,https://compumuebles-sabana-api.cyk.com.co/api/auth/login,14501,0,355
1781509270473,14489,Ingreso Usuario,200,OK,Ingreso-usuarios-muebles 1-173,text,true,,538,336,200,200,https://compumuebles-sabana-api.cyk.com.co/api/auth/login,14489,0,355
1781509270495,14469,Ingreso Usuario,200,OK,Ingreso-usuarios-muebles 1-136,text,true,,538,336,200,200,https://compumuebles-sabana-api.cyk.com.co/api/auth/login,14469,0,368
1781509270507,14460,Ingreso Usuario,200,OK,Ingreso-usuarios-muebles 1-1,text,true,,538,336,200,200,https://compumuebles-sabana-api.cyk.com.co/api/auth/login,14460,0,379
1781509270504,14465,Ingreso Usuario,200,OK,Ingreso-usuarios-muebles 1-145,text,true,,538,336,200,200,https://compumuebles-sabana-api.cyk.com.co/api/auth/login,14465,0,389
1781509270541,14430,Ingreso Usuario,200,OK,Ingreso-usuarios-muebles 1-53,text,true,,538,336,200,200,https://compumuebles-sabana-api.cyk.com.co/api/auth/login,14430,0,382
1781509270559,14415,Ingreso Usuario,200,OK,Ingreso-usuarios-muebles 1-33,text,true,,538,336,200,200,https://compumuebles-sabana-api.cyk.com.co/api/auth/login,14415,0,381
1781509270573,14403,Ingreso Usuario,200,OK,Ingreso-usuarios-muebles 1-55,text,true,,538,336,200,200,https://compumuebles-sabana-api.cyk.com.co/api/auth/login,14403,0,370
1781509270575,14401,Ingreso Usuario,200,OK,Ingreso-usuarios-muebles 1-171,text,true,,538,336,200,200,https://compumuebles-sabana-api.cyk.com.co/api/auth/login,14401,0,369
1781509270568,14410,Ingreso Usuario,200,OK,Ingreso-usuarios-muebles 1-87,text,true,,538,336,200,200,https://compumuebles-sabana-api.cyk.com.co/api/auth/login,14410,0,376
1781509270602,14378,Ingreso Usuario,200,OK,Ingreso-usuarios-muebles 1-86,text,true,,538,336,200,200,https://compumuebles-sabana-api.cyk.com.co/api/auth/login,14378,0,353
1781509270609,14373,Ingreso Usuario,200,OK,Ingreso-usuarios-muebles 1-24,text,true,,538,336,200,200,https://compumuebles-sabana-api.cyk.com.co/api/auth/login,14373,0,352
1781509270602,14383,Ingreso Usuario,200,OK,Ingreso-usuarios-muebles 1-91,text,true,,538,336,200,200,https://compumuebles-sabana-api.cyk.com.co/api/auth/login,14383,0,358
1781509270610,14377,Ingreso Usuario,200,OK,Ingreso-usuarios-muebles 1-196,text,true,,538,336,200,200,https://compumuebles-sabana-api.cyk.com.co/api/auth/login,14377,0,370
1781509270684,14305,Ingreso Usuario,200,OK,Ingreso-usuarios-muebles 1-164,text,true,,538,336,200,200,https://compumuebles-sabana-api.cyk.com.co/api/auth/login,14305,0,313
1781509270684,14307,Ingreso Usuario,200,OK,Ingreso-usuarios-muebles 1-159,text,true,,538,336,200,200,https://compumuebles-sabana-api.cyk.com.co/api/auth/login,14307,0,316
1781509270708,14285,Ingreso Usuario,200,OK,Ingreso-usuarios-muebles 1-19,text,true,,538,336,200,200,https://compumuebles-sabana-api.cyk.com.co/api/auth/login,14285,0,322
1781509270729,14265,Ingreso Usuario,200,OK,Ingreso-usuarios-muebles 1-81,text,true,,538,336,200,200,https://compumuebles-sabana-api.cyk.com.co/api/auth/login,14265,0,359
1781509270736,14261,Ingreso Usuario,200,OK,Ingreso-usuarios-muebles 1-57,text,true,,538,336,200,200,https://compumuebles-sabana-api.cyk.com.co/api/auth/login,14261,0,388
1781509270741,14260,Ingreso Usuario,200,OK,Ingreso-usuarios-muebles 1-170,text,true,,538,336,200,200,https://compumuebles-sabana-api.cyk.com.co/api/auth/login,14260,0,386
1781509270763,14239,Ingreso Usuario,200,OK,Ingreso-usuarios-muebles 1-134,text,true,,538,336,200,200,https://compumuebles-sabana-api.cyk.com.co/api/auth/login,14239,0,381
1781509270760,14245,Ingreso Usuario,200,OK,Ingreso-usuarios-muebles 1-18,text,true,,538,336,200,200,https://compumuebles-sabana-api.cyk.com.co/api/auth/login,14245,0,383
1781509270770,14238,Ingreso Usuario,200,OK,Ingreso-usuarios-muebles 1-84,text,true,,538,336,200,200,https://compumuebles-sabana-api.cyk.com.co/api/auth/login,14238,0,387
1781509270770,14242,Ingreso Usuario,200,OK,Ingreso-usuarios-muebles 1-198,text,true,,538,336,200,200,https://compumuebles-sabana-api.cyk.com.co/api/auth/login,14242,0,404
1781509270790,17824,Ingreso Usuario,200,OK,Ingreso-usuarios-muebles 1-110,text,true,,538,336,200,200,https://compumuebles-sabana-api.cyk.com.co/api/auth/login,17824,0,384
1781509274158,14463,Ingreso Usuario,200,OK,Ingreso-usuarios-muebles 1-193,text,true,,538,336,200,200,https://compumuebles-sabana-api.cyk.com.co/api/auth/login,14463,0,0
1781509274167,14456,Ingreso Usuario,200,OK,Ingreso-usuarios-muebles 1-2,text,true,,538,336,200,200,https://compumuebles-sabana-api.cyk.com.co/api/auth/login,14456,0,0
1781509274175,14453,Ingreso Usuario,200,OK,Ingreso-usuarios-muebles 1-10,text,true,,538,336,200,200,https://compumuebles-sabana-api.cyk.com.co/api/auth/login,14453,0,0
1781509274242,14391,Ingreso Usuario,200,OK,Ingreso-usuarios-muebles 1-186,text,true,,538,336,200,200,https://compumuebles-sabana-api.cyk.com.co/api/auth/login,14391,0,0
1781509274242,14394,Ingreso Usuario,200,OK,Ingreso-usuarios-muebles 1-132,text,true,,538,336,200,200,https://compumuebles-sabana-api.cyk.com.co/api/auth/login,14394,0,0
1781509274242,14394,Ingreso Usuario,200,OK,Ingreso-usuarios-muebles 1-45,text,true,,538,336,200,200,https://compumuebles-sabana-api.cyk.com.co/api/auth/login,14394,0,0
1781509274242,14396,Ingreso Usuario,200,OK,Ingreso-usuarios-muebles 1-40,text,true,,538,336,200,200,https://compumuebles-sabana-api.cyk.com.co/api/auth/login,14396,0,0
1781509274242,14396,Ingreso Usuario,200,OK,Ingreso-usuarios-muebles 1-3,text,true,,538,336,200,200,https://compumuebles-sabana-api.cyk.com.co/api/auth/login,14396,0,0
1781509274243,14397,Ingreso Usuario,200,OK,Ingreso-usuarios-muebles 1-14,text,true,,538,336,200,200,https://compumuebles-sabana-api.cyk.com.co/api/auth/login,14397,0,0
1781509274262,14380,Ingreso Usuario,200,OK,Ingreso-usuarios-muebles 1-25,text,true,,538,336,200,200,https://compumuebles-sabana-api.cyk.com.co/api/auth/login,14380,0,0
1781509270790,17860,Ingreso Usuario,200,OK,Ingreso-usuarios-muebles 1-73,text,true,,538,336,200,200,https://compumuebles-sabana-api.cyk.com.co/api/auth/login,17860,0,383
1781509274169,14482,Ingreso Usuario,200,OK,Ingreso-usuarios-muebles 1-64,text,true,,538,336,200,200,https://compumuebles-sabana-api.cyk.com.co/api/auth/login,14482,0,0
1781509274160,14491,Ingreso Usuario,200,OK,Ingreso-usuarios-muebles 1-28,text,true,,538,336,200,200,https://compumuebles-sabana-api.cyk.com.co/api/auth/login,14491,0,0
1781509274173,14478,Ingreso Usuario,200,OK,Ingreso-usuarios-muebles 1-181,text,true,,538,336,200,200,https://compumuebles-sabana-api.cyk.com.co/api/auth/login,14478,0,0
1781509274242,14411,Ingreso Usuario,200,OK,Ingreso-usuarios-muebles 1-34,text,true,,538,336,200,200,https://compumuebles-sabana-api.cyk.com.co/api/auth/login,14411,0,0
1781509274242,14411,Ingreso Usuario,200,OK,Ingreso-usuarios-muebles 1-97,text,true,,538,336,200,200,https://compumuebles-sabana-api.cyk.com.co/api/auth/login,14411,0,0
1781509274242,14411,Ingreso Usuario,200,OK,Ingreso-usuarios-muebles 1-199,text,true,,538,336,200,200,https://compumuebles-sabana-api.cyk.com.co/api/auth/login,14411,0,0
1781509274242,14414,Ingreso Usuario,200,OK,Ingreso-usuarios-muebles 1-154,text,true,,538,336,200,200,https://compumuebles-sabana-api.cyk.com.co/api/auth/login,14414,0,0
1781509274248,14410,Ingreso Usuario,200,OK,Ingreso-usuarios-muebles 1-130,text,true,,538,336,200,200,https://compumuebles-sabana-api.cyk.com.co/api/auth/login,14410,0,0
1781509274252,14419,Ingreso Usuario,200,OK,Ingreso-usuarios-muebles 1-30,text,true,,538,336,200,200,https://compumuebles-sabana-api.cyk.com.co/api/auth/login,14419,0,0
1781509274243,14428,Ingreso Usuario,200,OK,Ingreso-usuarios-muebles 1-177,text,true,,538,336,200,200,https://compumuebles-sabana-api.cyk.com.co/api/auth/login,14428,0,0
1781509274243,14429,Ingreso Usuario,200,OK,Ingreso-usuarios-muebles 1-129,text,true,,538,336,200,200,https://compumuebles-sabana-api.cyk.com.co/api/auth/login,14429,0,0
1781509274166,14508,Ingreso Usuario,200,OK,Ingreso-usuarios-muebles 1-16,text,true,,538,336,200,200,https://compumuebles-sabana-api.cyk.com.co/api/auth/login,14508,0,0
1781509274276,14398,Ingreso Usuario,200,OK,Ingreso-usuarios-muebles 1-174,text,true,,538,336,200,200,https://compumuebles-sabana-api.cyk.com.co/api/auth/login,14398,0,0
1781509270771,17904,Ingreso Usuario,200,OK,Ingreso-usuarios-muebles 1-191,text,true,,538,336,200,200,https://compumuebles-sabana-api.cyk.com.co/api/auth/login,17904,0,402
1781509274242,14435,Ingreso Usuario,200,OK,Ingreso-usuarios-muebles 1-31,text,true,,538,336,200,200,https://compumuebles-sabana-api.cyk.com.co/api/auth/login,14435,0,0
1781509274173,14504,Ingreso Usuario,200,OK,Ingreso-usuarios-muebles 1-80,text,true,,538,336,200,200,https://compumuebles-sabana-api.cyk.com.co/api/auth/login,14504,0,0
1781509274242,14436,Ingreso Usuario,200,OK,Ingreso-usuarios-muebles 1-13,text,true,,538,336,200,200,https://compumuebles-sabana-api.cyk.com.co/api/auth/login,14436,0,0
1781509274248,14436,Ingreso Usuario,200,OK,Ingreso-usuarios-muebles 1-7,text,true,,538,336,200,200,https://compumuebles-sabana-api.cyk.com.co/api/auth/login,14436,0,0
1781509274243,14442,Ingreso Usuario,200,OK,Ingreso-usuarios-muebles 1-194,text,true,,538,336,200,200,https://compumuebles-sabana-api.cyk.com.co/api/auth/login,14442,0,0
1781509274242,14443,Ingreso Usuario,200,OK,Ingreso-usuarios-muebles 1-21,text,true,,538,336,200,200,https://compumuebles-sabana-api.cyk.com.co/api/auth/login,14443,0,0
1781509274242,14445,Ingreso Usuario,200,OK,Ingreso-usuarios-muebles 1-178,text,true,,538,336,200,200,https://compumuebles-sabana-api.cyk.com.co/api/auth/login,14445,0,0
1781509274260,14427,Ingreso Usuario,200,OK,Ingreso-usuarios-muebles 1-116,text,true,,538,336,200,200,https://compumuebles-sabana-api.cyk.com.co/api/auth/login,14427,0,0
1781509274155,14535,Ingreso Usuario,200,OK,Ingreso-usuarios-muebles 1-105,text,true,,538,336,200,200,https://compumuebles-sabana-api.cyk.com.co/api/auth/login,14535,0,211
1781509274156,14535,Ingreso Usuario,200,OK,Ingreso-usuarios-muebles 1-107,text,true,,538,336,200,200,https://compumuebles-sabana-api.cyk.com.co/api/auth/login,14535,0,0
1781509274166,14527,Ingreso Usuario,200,OK,Ingreso-usuarios-muebles 1-12,text,true,,538,336,200,200,https://compumuebles-sabana-api.cyk.com.co/api/auth/login,14527,0,0
1781509274170,14529,Ingreso Usuario,200,OK,Ingreso-usuarios-muebles 1-17,text,true,,538,336,200,200,https://compumuebles-sabana-api.cyk.com.co/api/auth/login,14529,0,0
1781509274242,14462,Ingreso Usuario,200,OK,Ingreso-usuarios-muebles 1-51,text,true,,538,336,200,200,https://compumuebles-sabana-api.cyk.com.co/api/auth/login,14462,0,0
1781509274242,14463,Ingreso Usuario,200,OK,Ingreso-usuarios-muebles 1-23,text,true,,538,336,200,200,https://compumuebles-sabana-api.cyk.com.co/api/auth/login,14463,0,0
1781509274242,14465,Ingreso Usuario,200,OK,Ingreso-usuarios-muebles 1-76,text,true,,538,336,200,200,https://compumuebles-sabana-api.cyk.com.co/api/auth/login,14465,0,0
1781509274243,14467,Ingreso Usuario,200,OK,Ingreso-usuarios-muebles 1-109,text,true,,538,336,200,200,https://compumuebles-sabana-api.cyk.com.co/api/auth/login,14467,0,0
1781509274242,14470,Ingreso Usuario,200,OK,Ingreso-usuarios-muebles 1-8,text,true,,538,336,200,200,https://compumuebles-sabana-api.cyk.com.co/api/auth/login,14470,0,0
1781509274242,14476,Ingreso Usuario,200,OK,Ingreso-usuarios-muebles 1-43,text,true,,538,336,200,200,https://compumuebles-sabana-api.cyk.com.co/api/auth/login,14476,0,0
1781509274266,14473,Ingreso Usuario,200,OK,Ingreso-usuarios-muebles 1-197,text,true,,538,336,200,200,https://compumuebles-sabana-api.cyk.com.co/api/auth/login,14473,0,0
1781509274178,24789,Ingreso Usuario,200,OK,Ingreso-usuarios-muebles 1-67,text,true,,538,336,200,200,https://compumuebles-sabana-api.cyk.com.co/api/auth/login,24789,0,190
1781509274155,24816,Ingreso Usuario,200,OK,Ingreso-usuarios-muebles 1-153,text,true,,538,336,200,200,https://compumuebles-sabana-api.cyk.com.co/api/auth/login,24816,0,214
1781509274242,24731,Ingreso Usuario,200,OK,Ingreso-usuarios-muebles 1-165,text,true,,538,336,200,200,https://compumuebles-sabana-api.cyk.com.co/api/auth/login,24731,0,216
1781509284561,14424,Ingreso Usuario,200,OK,Ingreso-usuarios-muebles 1-102,text,true,,538,336,200,200,https://compumuebles-sabana-api.cyk.com.co/api/auth/login,14424,0,0
1781509284555,14430,Ingreso Usuario,200,OK,Ingreso-usuarios-muebles 1-93,text,true,,538,336,200,200,https://compumuebles-sabana-api.cyk.com.co/api/auth/login,14430,0,0
1781509284556,14429,Ingreso Usuario,200,OK,Ingreso-usuarios-muebles 1-59,text,true,,538,336,200,200,https://compumuebles-sabana-api.cyk.com.co/api/auth/login,14429,0,0
1781509284567,14418,Ingreso Usuario,200,OK,Ingreso-usuarios-muebles 1-112,text,true,,538,336,200,200,https://compumuebles-sabana-api.cyk.com.co/api/auth/login,14418,0,0
1781509284581,14407,Ingreso Usuario,200,OK,Ingreso-usuarios-muebles 1-98,text,true,,538,336,200,200,https://compumuebles-sabana-api.cyk.com.co/api/auth/login,14407,0,0
1781509284591,14400,Ingreso Usuario,200,OK,Ingreso-usuarios-muebles 1-122,text,true,,538,336,200,200,https://compumuebles-sabana-api.cyk.com.co/api/auth/login,14400,0,0
1781509284599,14397,Ingreso Usuario,200,OK,Ingreso-usuarios-muebles 1-58,text,true,,538,336,200,200,https://compumuebles-sabana-api.cyk.com.co/api/auth/login,14397,0,0
1781509284620,14382,Ingreso Usuario,200,OK,Ingreso-usuarios-muebles 1-140,text,true,,538,336,200,200,https://compumuebles-sabana-api.cyk.com.co/api/auth/login,14382,0,0
1781509284625,14377,Ingreso Usuario,200,OK,Ingreso-usuarios-muebles 1-65,text,true,,538,336,200,200,https://compumuebles-sabana-api.cyk.com.co/api/auth/login,14377,0,0
1781509284639,14369,Ingreso Usuario,200,OK,Ingreso-usuarios-muebles 1-152,text,true,,538,336,200,200,https://compumuebles-sabana-api.cyk.com.co/api/auth/login,14369,0,0
1781509284666,14343,Ingreso Usuario,200,OK,Ingreso-usuarios-muebles 1-44,text,true,,538,336,200,200,https://compumuebles-sabana-api.cyk.com.co/api/auth/login,14343,0,0
1781509284681,14328,Ingreso Usuario,200,OK,Ingreso-usuarios-muebles 1-35,text,true,,538,336,200,200,https://compumuebles-sabana-api.cyk.com.co/api/auth/login,14328,0,0
1781509284701,14311,Ingreso Usuario,200,OK,Ingreso-usuarios-muebles 1-9,text,true,,538,336,200,200,https://compumuebles-sabana-api.cyk.com.co/api/auth/login,14311,0,0
1781509284736,14276,Ingreso Usuario,200,OK,Ingreso-usuarios-muebles 1-121,text,true,,538,336,200,200,https://compumuebles-sabana-api.cyk.com.co/api/auth/login,14276,0,0
1781509284761,14257,Ingreso Usuario,200,OK,Ingreso-usuarios-muebles 1-29,text,true,,538,336,200,200,https://compumuebles-sabana-api.cyk.com.co/api/auth/login,14257,0,0
1781509284775,14243,Ingreso Usuario,200,OK,Ingreso-usuarios-muebles 1-100,text,true,,538,336,200,200,https://compumuebles-sabana-api.cyk.com.co/api/auth/login,14243,0,0
1781509284796,14223,Ingreso Usuario,200,OK,Ingreso-usuarios-muebles 1-62,text,true,,538,336,200,200,https://compumuebles-sabana-api.cyk.com.co/api/auth/login,14223,0,0
1781509284776,14243,Ingreso Usuario,200,OK,Ingreso-usuarios-muebles 1-126,text,true,,538,336,200,200,https://compumuebles-sabana-api.cyk.com.co/api/auth/login,14243,0,0
1781509284813,14210,Ingreso Usuario,200,OK,Ingreso-usuarios-muebles 1-48,text,true,,538,336,200,200,https://compumuebles-sabana-api.cyk.com.co/api/auth/login,14210,0,0
1781509284822,14201,Ingreso Usuario,200,OK,Ingreso-usuarios-muebles 1-115,text,true,,538,336,200,200,https://compumuebles-sabana-api.cyk.com.co/api/auth/login,14201,0,0
1781509284833,14192,Ingreso Usuario,200,OK,Ingreso-usuarios-muebles 1-101,text,true,,538,336,200,200,https://compumuebles-sabana-api.cyk.com.co/api/auth/login,14192,0,0
1781509284851,14175,Ingreso Usuario,200,OK,Ingreso-usuarios-muebles 1-147,text,true,,538,336,200,200,https://compumuebles-sabana-api.cyk.com.co/api/auth/login,14175,0,0
1781509284867,14159,Ingreso Usuario,200,OK,Ingreso-usuarios-muebles 1-22,text,true,,538,336,200,200,https://compumuebles-sabana-api.cyk.com.co/api/auth/login,14159,0,0
1781509284941,14087,Ingreso Usuario,200,OK,Ingreso-usuarios-muebles 1-158,text,true,,538,336,200,200,https://compumuebles-sabana-api.cyk.com.co/api/auth/login,14087,0,0
1781509284941,14089,Ingreso Usuario,200,OK,Ingreso-usuarios-muebles 1-63,text,true,,538,336,200,200,https://compumuebles-sabana-api.cyk.com.co/api/auth/login,14089,0,0
1781509284942,14088,Ingreso Usuario,200,OK,Ingreso-usuarios-muebles 1-133,text,true,,538,336,200,200,https://compumuebles-sabana-api.cyk.com.co/api/auth/login,14088,0,0
1781509284942,14090,Ingreso Usuario,200,OK,Ingreso-usuarios-muebles 1-69,text,true,,538,336,200,200,https://compumuebles-sabana-api.cyk.com.co/api/auth/login,14090,0,0
1781509284942,14091,Ingreso Usuario,200,OK,Ingreso-usuarios-muebles 1-103,text,true,,538,336,200,200,https://compumuebles-sabana-api.cyk.com.co/api/auth/login,14091,0,0
1781509284956,14081,Ingreso Usuario,200,OK,Ingreso-usuarios-muebles 1-180,text,true,,538,336,200,200,https://compumuebles-sabana-api.cyk.com.co/api/auth/login,14081,0,0
1781509284949,14089,Ingreso Usuario,200,OK,Ingreso-usuarios-muebles 1-49,text,true,,538,336,200,200,https://compumuebles-sabana-api.cyk.com.co/api/auth/login,14089,0,0
1781509284959,14083,Ingreso Usuario,200,OK,Ingreso-usuarios-muebles 1-42,text,true,,538,336,200,200,https://compumuebles-sabana-api.cyk.com.co/api/auth/login,14083,0,0
1781509284975,14067,Ingreso Usuario,200,OK,Ingreso-usuarios-muebles 1-55,text,true,,538,336,200,200,https://compumuebles-sabana-api.cyk.com.co/api/auth/login,14067,0,0
1781509284973,14070,Ingreso Usuario,200,OK,Ingreso-usuarios-muebles 1-33,text,true,,538,336,200,200,https://compumuebles-sabana-api.cyk.com.co/api/auth/login,14070,0,0
1781509284963,14086,Ingreso Usuario,200,OK,Ingreso-usuarios-muebles 1-136,text,true,,538,336,200,200,https://compumuebles-sabana-api.cyk.com.co/api/auth/login,14086,0,0
1781509274178,24872,Ingreso Usuario,200,OK,Ingreso-usuarios-muebles 1-155,text,true,,538,336,200,200,https://compumuebles-sabana-api.cyk.com.co/api/auth/login,24872,0,191
1781509274242,24809,Ingreso Usuario,200,OK,Ingreso-usuarios-muebles 1-78,text,true,,538,336,200,200,https://compumuebles-sabana-api.cyk.com.co/api/auth/login,24809,0,214
1781509284546,14518,Ingreso Usuario,200,OK,Ingreso-usuarios-muebles 1-26,text,true,,538,336,200,200,https://compumuebles-sabana-api.cyk.com.co/api/auth/login,14518,0,0
1781509284557,14512,Ingreso Usuario,200,OK,Ingreso-usuarios-muebles 1-70,text,true,,538,336,200,200,https://compumuebles-sabana-api.cyk.com.co/api/auth/login,14512,0,0
1781509284556,14518,Ingreso Usuario,200,OK,Ingreso-usuarios-muebles 1-156,text,true,,538,336,200,200,https://compumuebles-sabana-api.cyk.com.co/api/auth/login,14518,0,0
1781509284566,14513,Ingreso Usuario,200,OK,Ingreso-usuarios-muebles 1-144,text,true,,538,336,200,200,https://compumuebles-sabana-api.cyk.com.co/api/auth/login,14513,0,0
1781509284580,14499,Ingreso Usuario,200,OK,Ingreso-usuarios-muebles 1-143,text,true,,538,336,200,200,https://compumuebles-sabana-api.cyk.com.co/api/auth/login,14499,0,0
1781509284586,14504,Ingreso Usuario,200,OK,Ingreso-usuarios-muebles 1-68,text,true,,538,336,200,200,https://compumuebles-sabana-api.cyk.com.co/api/auth/login,14504,0,0
1781509284598,14494,Ingreso Usuario,200,OK,Ingreso-usuarios-muebles 1-27,text,true,,538,336,200,200,https://compumuebles-sabana-api.cyk.com.co/api/auth/login,14494,0,0
1781509284607,14485,Ingreso Usuario,200,OK,Ingreso-usuarios-muebles 1-118,text,true,,538,336,200,200,https://compumuebles-sabana-api.cyk.com.co/api/auth/login,14485,0,0
1781509284628,14467,Ingreso Usuario,200,OK,Ingreso-usuarios-muebles 1-50,text,true,,538,336,200,200,https://compumuebles-sabana-api.cyk.com.co/api/auth/login,14467,0,0
1781509284639,14456,Ingreso Usuario,200,OK,Ingreso-usuarios-muebles 1-6,text,true,,538,336,200,200,https://compumuebles-sabana-api.cyk.com.co/api/auth/login,14456,0,0
1781509284687,14409,Ingreso Usuario,200,OK,Ingreso-usuarios-muebles 1-66,text,true,,538,336,200,200,https://compumuebles-sabana-api.cyk.com.co/api/auth/login,14409,0,0
1781509284667,14429,Ingreso Usuario,200,OK,Ingreso-usuarios-muebles 1-138,text,true,,538,336,200,200,https://compumuebles-sabana-api.cyk.com.co/api/auth/login,14429,0,0
1781509284694,14412,Ingreso Usuario,200,OK,Ingreso-usuarios-muebles 1-88,text,true,,538,336,200,200,https://compumuebles-sabana-api.cyk.com.co/api/auth/login,14412,0,0
1781509284718,14395,Ingreso Usuario,200,OK,Ingreso-usuarios-muebles 1-189,text,true,,538,336,200,200,https://compumuebles-sabana-api.cyk.com.co/api/auth/login,14395,0,0
1781509284753,14376,Ingreso Usuario,200,OK,Ingreso-usuarios-muebles 1-72,text,true,,538,336,200,200,https://compumuebles-sabana-api.cyk.com.co/api/auth/login,14376,0,0
1781509284772,14359,Ingreso Usuario,200,OK,Ingreso-usuarios-muebles 1-166,text,true,,538,336,200,200,https://compumuebles-sabana-api.cyk.com.co/api/auth/login,14359,0,0
1781509284790,14341,Ingreso Usuario,200,OK,Ingreso-usuarios-muebles 1-83,text,true,,538,336,200,200,https://compumuebles-sabana-api.cyk.com.co/api/auth/login,14341,0,0
1781509284776,14356,Ingreso Usuario,200,OK,Ingreso-usuarios-muebles 1-11,text,true,,538,336,200,200,https://compumuebles-sabana-api.cyk.com.co/api/auth/login,14356,0,0
1781509284810,14329,Ingreso Usuario,200,OK,Ingreso-usuarios-muebles 1-52,text,true,,538,336,200,200,https://compumuebles-sabana-api.cyk.com.co/api/auth/login,14329,0,0
1781509284853,14287,Ingreso Usuario,200,OK,Ingreso-usuarios-muebles 1-47,text,true,,538,336,200,200,https://compumuebles-sabana-api.cyk.com.co/api/auth/login,14287,0,0
1781509284822,14323,Ingreso Usuario,200,OK,Ingreso-usuarios-muebles 1-4,text,true,,538,336,200,200,https://compumuebles-sabana-api.cyk.com.co/api/auth/login,14323,0,0
1781509284833,14314,Ingreso Usuario,200,OK,Ingreso-usuarios-muebles 1-74,text,true,,538,336,200,200,https://compumuebles-sabana-api.cyk.com.co/api/auth/login,14314,0,0
1781509284865,14282,Ingreso Usuario,200,OK,Ingreso-usuarios-muebles 1-125,text,true,,538,336,200,200,https://compumuebles-sabana-api.cyk.com.co/api/auth/login,14282,0,0
1781509284942,14205,Ingreso Usuario,200,OK,Ingreso-usuarios-muebles 1-128,text,true,,538,336,200,200,https://compumuebles-sabana-api.cyk.com.co/api/auth/login,14205,0,0
1781509284942,14207,Ingreso Usuario,200,OK,Ingreso-usuarios-muebles 1-172,text,true,,538,336,200,200,https://compumuebles-sabana-api.cyk.com.co/api/auth/login,14207,0,0
1781509284942,14208,Ingreso Usuario,200,OK,Ingreso-usuarios-muebles 1-117,text,true,,538,336,200,200,https://compumuebles-sabana-api.cyk.com.co/api/auth/login,14208,0,0
1781509284942,14213,Ingreso Usuario,200,OK,Ingreso-usuarios-muebles 1-142,text,true,,538,336,200,200,https://compumuebles-sabana-api.cyk.com.co/api/auth/login,14213,0,0
1781509284942,14215,Ingreso Usuario,200,OK,Ingreso-usuarios-muebles 1-60,text,true,,538,336,200,200,https://compumuebles-sabana-api.cyk.com.co/api/auth/login,14215,0,0
1781509284942,14224,Ingreso Usuario,200,OK,Ingreso-usuarios-muebles 1-179,text,true,,538,336,200,200,https://compumuebles-sabana-api.cyk.com.co/api/auth/login,14224,0,0
1781509284961,14205,Ingreso Usuario,200,OK,Ingreso-usuarios-muebles 1-173,text,true,,538,336,200,200,https://compumuebles-sabana-api.cyk.com.co/api/auth/login,14205,0,0
1781509284942,14225,Ingreso Usuario,200,OK,Ingreso-usuarios-muebles 1-127,text,true,,538,336,200,200,https://compumuebles-sabana-api.cyk.com.co/api/auth/login,14225,0,0
1781509284977,14196,Ingreso Usuario,200,OK,Ingreso-usuarios-muebles 1-87,text,true,,538,336,200,200,https://compumuebles-sabana-api.cyk.com.co/api/auth/login,14196,0,0
1781509284981,14199,Ingreso Usuario,200,OK,Ingreso-usuarios-muebles 1-24,text,true,,538,336,200,200,https://compumuebles-sabana-api.cyk.com.co/api/auth/login,14199,0,0
1781509284986,14202,Ingreso Usuario,200,OK,Ingreso-usuarios-muebles 1-196,text,true,,538,336,200,200,https://compumuebles-sabana-api.cyk.com.co/api/auth/login,14202,0,0
1781509284551,14642,Ingreso Usuario,200,OK,Ingreso-usuarios-muebles 1-160,text,true,,538,336,200,200,https://compumuebles-sabana-api.cyk.com.co/api/auth/login,14642,0,0
1781509274152,25041,Ingreso Usuario,200,OK,Ingreso-usuarios-muebles 1-131,text,true,,538,336,200,200,https://compumuebles-sabana-api.cyk.com.co/api/auth/login,25041,0,214
1781509274242,24951,Ingreso Usuario,200,OK,Ingreso-usuarios-muebles 1-95,text,true,,538,336,200,200,https://compumuebles-sabana-api.cyk.com.co/api/auth/login,24951,0,217
1781509284550,14647,Ingreso Usuario,200,OK,Ingreso-usuarios-muebles 1-99,text,true,,538,336,200,200,https://compumuebles-sabana-api.cyk.com.co/api/auth/login,14647,0,0
1781509284558,14640,Ingreso Usuario,200,OK,Ingreso-usuarios-muebles 1-151,text,true,,538,336,200,200,https://compumuebles-sabana-api.cyk.com.co/api/auth/login,14640,0,0
1781509284575,14624,Ingreso Usuario,200,OK,Ingreso-usuarios-muebles 1-124,text,true,,538,336,200,200,https://compumuebles-sabana-api.cyk.com.co/api/auth/login,14624,0,0
1781509284582,14617,Ingreso Usuario,200,OK,Ingreso-usuarios-muebles 1-200,text,true,,538,336,200,200,https://compumuebles-sabana-api.cyk.com.co/api/auth/login,14617,0,0
1781509284594,14616,Ingreso Usuario,200,OK,Ingreso-usuarios-muebles 1-149,text,true,,538,336,200,200,https://compumuebles-sabana-api.cyk.com.co/api/auth/login,14616,0,0
1781509284605,14609,Ingreso Usuario,200,OK,Ingreso-usuarios-muebles 1-41,text,true,,538,336,200,200,https://compumuebles-sabana-api.cyk.com.co/api/auth/login,14609,0,0
1781509284624,14592,Ingreso Usuario,200,OK,Ingreso-usuarios-muebles 1-113,text,true,,538,336,200,200,https://compumuebles-sabana-api.cyk.com.co/api/auth/login,14592,0,0
1781509284639,14581,Ingreso Usuario,200,OK,Ingreso-usuarios-muebles 1-38,text,true,,538,336,200,200,https://compumuebles-sabana-api.cyk.com.co/api/auth/login,14581,0,0
1781509284687,14538,Ingreso Usuario,200,OK,Ingreso-usuarios-muebles 1-190,text,true,,538,336,200,200,https://compumuebles-sabana-api.cyk.com.co/api/auth/login,14538,0,0
1781509284709,14516,Ingreso Usuario,200,OK,Ingreso-usuarios-muebles 1-71,text,true,,538,336,200,200,https://compumuebles-sabana-api.cyk.com.co/api/auth/login,14516,0,0
1781509284762,14465,Ingreso Usuario,200,OK,Ingreso-usuarios-muebles 1-141,text,true,,538,336,200,200,https://compumuebles-sabana-api.cyk.com.co/api/auth/login,14465,0,0
1781509284657,14570,Ingreso Usuario,200,OK,Ingreso-usuarios-muebles 1-188,text,true,,538,336,200,200,https://compumuebles-sabana-api.cyk.com.co/api/auth/login,14570,0,0
1781509284738,14489,Ingreso Usuario,200,OK,Ingreso-usuarios-muebles 1-157,text,true,,538,336,200,200,https://compumuebles-sabana-api.cyk.com.co/api/auth/login,14489,0,0
1781509284668,14559,Ingreso Usuario,200,OK,Ingreso-usuarios-muebles 1-137,text,true,,538,336,200,200,https://compumuebles-sabana-api.cyk.com.co/api/auth/login,14559,0,0
1781509284763,14465,Ingreso Usuario,200,OK,Ingreso-usuarios-muebles 1-94,text,true,,538,336,200,200,https://compumuebles-sabana-api.cyk.com.co/api/auth/login,14465,0,0
1781509284781,14448,Ingreso Usuario,200,OK,Ingreso-usuarios-muebles 1-85,text,true,,538,336,200,200,https://compumuebles-sabana-api.cyk.com.co/api/auth/login,14448,0,0
1781509284806,14427,Ingreso Usuario,200,OK,Ingreso-usuarios-muebles 1-167,text,true,,538,336,200,200,https://compumuebles-sabana-api.cyk.com.co/api/auth/login,14427,0,0
1781509284823,14411,Ingreso Usuario,200,OK,Ingreso-usuarios-muebles 1-135,text,true,,538,336,200,200,https://compumuebles-sabana-api.cyk.com.co/api/auth/login,14411,0,0
1781509284826,14410,Ingreso Usuario,200,OK,Ingreso-usuarios-muebles 1-148,text,true,,538,336,200,200,https://compumuebles-sabana-api.cyk.com.co/api/auth/login,14410,0,0
1781509284834,14405,Ingreso Usuario,200,OK,Ingreso-usuarios-muebles 1-46,text,true,,538,336,200,200,https://compumuebles-sabana-api.cyk.com.co/api/auth/login,14405,0,0
1781509284850,14393,Ingreso Usuario,200,OK,Ingreso-usuarios-muebles 1-92,text,true,,538,336,200,200,https://compumuebles-sabana-api.cyk.com.co/api/auth/login,14393,0,0
1781509284872,14373,Ingreso Usuario,200,OK,Ingreso-usuarios-muebles 1-120,text,true,,538,336,200,200,https://compumuebles-sabana-api.cyk.com.co/api/auth/login,14373,0,0
1781509284942,14304,Ingreso Usuario,200,OK,Ingreso-usuarios-muebles 1-79,text,true,,538,336,200,200,https://compumuebles-sabana-api.cyk.com.co/api/auth/login,14304,0,0
1781509284942,14305,Ingreso Usuario,200,OK,Ingreso-usuarios-muebles 1-89,text,true,,538,336,200,200,https://compumuebles-sabana-api.cyk.com.co/api/auth/login,14305,0,0
1781509284942,14306,Ingreso Usuario,200,OK,Ingreso-usuarios-muebles 1-104,text,true,,538,336,200,200,https://compumuebles-sabana-api.cyk.com.co/api/auth/login,14306,0,0
1781509284942,14308,Ingreso Usuario,200,OK,Ingreso-usuarios-muebles 1-162,text,true,,538,336,200,200,https://compumuebles-sabana-api.cyk.com.co/api/auth/login,14308,0,0
1781509284942,14311,Ingreso Usuario,200,OK,Ingreso-usuarios-muebles 1-111,text,true,,538,336,200,200,https://compumuebles-sabana-api.cyk.com.co/api/auth/login,14311,0,0
1781509284953,14305,Ingreso Usuario,200,OK,Ingreso-usuarios-muebles 1-187,text,true,,538,336,200,200,https://compumuebles-sabana-api.cyk.com.co/api/auth/login,14305,0,0
1781509284942,14316,Ingreso Usuario,200,OK,Ingreso-usuarios-muebles 1-184,text,true,,538,336,200,200,https://compumuebles-sabana-api.cyk.com.co/api/auth/login,14316,0,0
1781509284970,14289,Ingreso Usuario,200,OK,Ingreso-usuarios-muebles 1-53,text,true,,538,336,200,200,https://compumuebles-sabana-api.cyk.com.co/api/auth/login,14289,0,0
1781509284979,14283,Ingreso Usuario,200,OK,Ingreso-usuarios-muebles 1-86,text,true,,538,336,200,200,https://compumuebles-sabana-api.cyk.com.co/api/auth/login,14283,0,0
1781509284942,14320,Ingreso Usuario,200,OK,Ingreso-usuarios-muebles 1-82,text,true,,538,336,200,200,https://compumuebles-sabana-api.cyk.com.co/api/auth/login,14320,0,0
1781509285000,14267,Ingreso Usuario,200,OK,Ingreso-usuarios-muebles 1-170,text,true,,538,336,200,200,https://compumuebles-sabana-api.cyk.com.co/api/auth/login,14267,0,0
1781509274242,25033,Ingreso Usuario,200,OK,Ingreso-usuarios-muebles 1-169,text,true,,538,336,200,200,https://compumuebles-sabana-api.cyk.com.co/api/auth/login,25033,0,214
1781509274242,25034,Ingreso Usuario,200,OK,Ingreso-usuarios-muebles 1-123,text,true,,538,336,200,200,https://compumuebles-sabana-api.cyk.com.co/api/auth/login,25034,0,220
1781509284555,14723,Ingreso Usuario,200,OK,Ingreso-usuarios-muebles 1-61,text,true,,538,336,200,200,https://compumuebles-sabana-api.cyk.com.co/api/auth/login,14723,0,0
1781509284543,14735,Ingreso Usuario,200,OK,Ingreso-usuarios-muebles 1-20,text,true,,538,336,200,200,https://compumuebles-sabana-api.cyk.com.co/api/auth/login,14735,0,0
1781509284540,14739,Ingreso Usuario,200,OK,Ingreso-usuarios-muebles 1-15,text,true,,538,336,200,200,https://compumuebles-sabana-api.cyk.com.co/api/auth/login,14739,0,0
1781509284572,14709,Ingreso Usuario,200,OK,Ingreso-usuarios-muebles 1-163,text,true,,538,336,200,200,https://compumuebles-sabana-api.cyk.com.co/api/auth/login,14709,0,0
1781509284578,14709,Ingreso Usuario,200,OK,Ingreso-usuarios-muebles 1-168,text,true,,538,336,200,200,https://compumuebles-sabana-api.cyk.com.co/api/auth/login,14709,0,0
1781509284593,14694,Ingreso Usuario,200,OK,Ingreso-usuarios-muebles 1-150,text,true,,538,336,200,200,https://compumuebles-sabana-api.cyk.com.co/api/auth/login,14694,0,0
1781509284556,14733,Ingreso Usuario,200,OK,Ingreso-usuarios-muebles 1-175,text,true,,538,336,200,200,https://compumuebles-sabana-api.cyk.com.co/api/auth/login,14733,0,0
1781509284585,14704,Ingreso Usuario,200,OK,Ingreso-usuarios-muebles 1-183,text,true,,538,336,200,200,https://compumuebles-sabana-api.cyk.com.co/api/auth/login,14704,0,0
1781509284620,14686,Ingreso Usuario,200,OK,Ingreso-usuarios-muebles 1-96,text,true,,538,336,200,200,https://compumuebles-sabana-api.cyk.com.co/api/auth/login,14686,0,0
1781509284637,14670,Ingreso Usuario,200,OK,Ingreso-usuarios-muebles 1-119,text,true,,538,336,200,200,https://compumuebles-sabana-api.cyk.com.co/api/auth/login,14670,0,0
1781509284604,14704,Ingreso Usuario,200,OK,Ingreso-usuarios-muebles 1-176,text,true,,538,336,200,200,https://compumuebles-sabana-api.cyk.com.co/api/auth/login,14704,0,0
1781509284744,14566,Ingreso Usuario,200,OK,Ingreso-usuarios-muebles 1-39,text,true,,538,336,200,200,https://compumuebles-sabana-api.cyk.com.co/api/auth/login,14566,0,0
1781509284666,14651,Ingreso Usuario,200,OK,Ingreso-usuarios-muebles 1-54,text,true,,538,336,200,200,https://compumuebles-sabana-api.cyk.com.co/api/auth/login,14651,0,0
1781509284775,14546,Ingreso Usuario,200,OK,Ingreso-usuarios-muebles 1-56,text,true,,538,336,200,200,https://compumuebles-sabana-api.cyk.com.co/api/auth/login,14546,0,0
1781509284783,14539,Ingreso Usuario,200,OK,Ingreso-usuarios-muebles 1-185,text,true,,538,336,200,200,https://compumuebles-sabana-api.cyk.com.co/api/auth/login,14539,0,0
1781509284762,14565,Ingreso Usuario,200,OK,Ingreso-usuarios-muebles 1-37,text,true,,538,336,200,200,https://compumuebles-sabana-api.cyk.com.co/api/auth/login,14565,0,0
1781509284716,14614,Ingreso Usuario,200,OK,Ingreso-usuarios-muebles 1-32,text,true,,538,336,200,200,https://compumuebles-sabana-api.cyk.com.co/api/auth/login,14614,0,0
1781509284830,14503,Ingreso Usuario,200,OK,Ingreso-usuarios-muebles 1-108,text,true,,538,336,200,200,https://compumuebles-sabana-api.cyk.com.co/api/auth/login,14503,0,0
1781509284812,14521,Ingreso Usuario,200,OK,Ingreso-usuarios-muebles 1-36,text,true,,538,336,200,200,https://compumuebles-sabana-api.cyk.com.co/api/auth/login,14521,0,0
1781509284690,14643,Ingreso Usuario,200,OK,Ingreso-usuarios-muebles 1-77,text,true,,538,336,200,200,https://compumuebles-sabana-api.cyk.com.co/api/auth/login,14643,0,0
1781509284668,14665,Ingreso Usuario,200,OK,Ingreso-usuarios-muebles 1-146,text,true,,538,336,200,200,https://compumuebles-sabana-api.cyk.com.co/api/auth/login,14665,0,0
1781509284844,14489,Ingreso Usuario,200,OK,Ingreso-usuarios-muebles 1-5,text,true,,538,336,200,200,https://compumuebles-sabana-api.cyk.com.co/api/auth/login,14489,0,0
1781509284822,14513,Ingreso Usuario,200,OK,Ingreso-usuarios-muebles 1-114,text,true,,538,336,200,200,https://compumuebles-sabana-api.cyk.com.co/api/auth/login,14513,0,0
1781509284850,14487,Ingreso Usuario,200,OK,Ingreso-usuarios-muebles 1-182,text,true,,538,336,200,200,https://compumuebles-sabana-api.cyk.com.co/api/auth/login,14487,0,0
1781509284941,14397,Ingreso Usuario,200,OK,Ingreso-usuarios-muebles 1-106,text,true,,538,336,200,200,https://compumuebles-sabana-api.cyk.com.co/api/auth/login,14397,0,0
1781509284941,14397,Ingreso Usuario,200,OK,Ingreso-usuarios-muebles 1-192,text,true,,538,336,200,200,https://compumuebles-sabana-api.cyk.com.co/api/auth/login,14397,0,0
1781509284942,14408,Ingreso Usuario,200,OK,Ingreso-usuarios-muebles 1-161,text,true,,538,336,200,200,https://compumuebles-sabana-api.cyk.com.co/api/auth/login,14408,0,0
1781509284942,14422,Ingreso Usuario,200,OK,Ingreso-usuarios-muebles 1-139,text,true,,538,336,200,200,https://compumuebles-sabana-api.cyk.com.co/api/auth/login,14422,0,0
1781509284968,14396,Ingreso Usuario,200,OK,Ingreso-usuarios-muebles 1-145,text,true,,538,336,200,200,https://compumuebles-sabana-api.cyk.com.co/api/auth/login,14396,0,0
1781509284942,14422,Ingreso Usuario,200,OK,Ingreso-usuarios-muebles 1-75,text,true,,538,336,200,200,https://compumuebles-sabana-api.cyk.com.co/api/auth/login,14422,0,0
1781509284942,14422,Ingreso Usuario,200,OK,Ingreso-usuarios-muebles 1-195,text,true,,538,336,200,200,https://compumuebles-sabana-api.cyk.com.co/api/auth/login,14422,0,0
1781509284988,14399,Ingreso Usuario,200,OK,Ingreso-usuarios-muebles 1-164,text,true,,538,336,200,200,https://compumuebles-sabana-api.cyk.com.co/api/auth/login,14399,0,0
1781509284975,14413,Ingreso Usuario,200,OK,Ingreso-usuarios-muebles 1-171,text,true,,538,336,200,200,https://compumuebles-sabana-api.cyk.com.co/api/auth/login,14413,0,0
1781509284966,14423,Ingreso Usuario,200,OK,Ingreso-usuarios-muebles 1-1,text,true,,538,336,200,200,https://compumuebles-sabana-api.cyk.com.co/api/auth/login,14423,0,0
1781509284960,14437,Ingreso Usuario,200,OK,Ingreso-usuarios-muebles 1-90,text,true,,538,336,200,200,https://compumuebles-sabana-api.cyk.com.co/api/auth/login,14437,0,0
1781509284985,17387,Ingreso Usuario,200,OK,Ingreso-usuarios-muebles 1-91,text,true,,538,336,200,200,https://compumuebles-sabana-api.cyk.com.co/api/auth/login,17387,0,0
1781509284990,17383,Ingreso Usuario,200,OK,Ingreso-usuarios-muebles 1-159,text,true,,538,336,200,200,https://compumuebles-sabana-api.cyk.com.co/api/auth/login,17383,0,0
1781509285001,17374,Ingreso Usuario,200,OK,Ingreso-usuarios-muebles 1-134,text,true,,538,336,200,200,https://compumuebles-sabana-api.cyk.com.co/api/auth/login,17374,0,0
1781509285004,17372,Ingreso Usuario,200,OK,Ingreso-usuarios-muebles 1-18,text,true,,538,336,200,200,https://compumuebles-sabana-api.cyk.com.co/api/auth/login,17372,0,0
1781509288621,13755,Ingreso Usuario,200,OK,Ingreso-usuarios-muebles 1-193,text,true,,538,336,200,200,https://compumuebles-sabana-api.cyk.com.co/api/auth/login,13755,0,0
1781509288638,13740,Ingreso Usuario,200,OK,Ingreso-usuarios-muebles 1-40,text,true,,538,336,200,200,https://compumuebles-sabana-api.cyk.com.co/api/auth/login,13740,0,0
1781509288640,13740,Ingreso Usuario,200,OK,Ingreso-usuarios-muebles 1-14,text,true,,538,336,200,200,https://compumuebles-sabana-api.cyk.com.co/api/auth/login,13740,0,0
1781509288642,13741,Ingreso Usuario,200,OK,Ingreso-usuarios-muebles 1-25,text,true,,538,336,200,200,https://compumuebles-sabana-api.cyk.com.co/api/auth/login,13741,0,0
1781509288653,13733,Ingreso Usuario,200,OK,Ingreso-usuarios-muebles 1-97,text,true,,538,336,200,200,https://compumuebles-sabana-api.cyk.com.co/api/auth/login,13733,0,0
1781509288671,13717,Ingreso Usuario,200,OK,Ingreso-usuarios-muebles 1-30,text,true,,538,336,200,200,https://compumuebles-sabana-api.cyk.com.co/api/auth/login,13717,0,0
1781509288674,13721,Ingreso Usuario,200,OK,Ingreso-usuarios-muebles 1-16,text,true,,538,336,200,200,https://compumuebles-sabana-api.cyk.com.co/api/auth/login,13721,0,0
1781509288685,13717,Ingreso Usuario,200,OK,Ingreso-usuarios-muebles 1-21,text,true,,538,336,200,200,https://compumuebles-sabana-api.cyk.com.co/api/auth/login,13717,0,0
1781509288633,13769,Ingreso Usuario,200,OK,Ingreso-usuarios-muebles 1-186,text,true,,538,336,200,200,https://compumuebles-sabana-api.cyk.com.co/api/auth/login,13769,0,0
1781509288705,13699,Ingreso Usuario,200,OK,Ingreso-usuarios-muebles 1-23,text,true,,538,336,200,200,https://compumuebles-sabana-api.cyk.com.co/api/auth/login,13699,0,0
1781509285007,17397,Ingreso Usuario,200,OK,Ingreso-usuarios-muebles 1-84,text,true,,538,336,200,200,https://compumuebles-sabana-api.cyk.com.co/api/auth/login,17397,0,0
1781509284993,17412,Ingreso Usuario,200,OK,Ingreso-usuarios-muebles 1-81,text,true,,538,336,200,200,https://compumuebles-sabana-api.cyk.com.co/api/auth/login,17412,0,0
1781509288687,13718,Ingreso Usuario,200,OK,Ingreso-usuarios-muebles 1-116,text,true,,538,336,200,200,https://compumuebles-sabana-api.cyk.com.co/api/auth/login,13718,0,0
1781509288636,13772,Ingreso Usuario,200,OK,Ingreso-usuarios-muebles 1-132,text,true,,538,336,200,200,https://compumuebles-sabana-api.cyk.com.co/api/auth/login,13772,0,0
1781509288651,13760,Ingreso Usuario,200,OK,Ingreso-usuarios-muebles 1-28,text,true,,538,336,200,200,https://compumuebles-sabana-api.cyk.com.co/api/auth/login,13760,0,0
1781509288653,13759,Ingreso Usuario,200,OK,Ingreso-usuarios-muebles 1-34,text,true,,538,336,200,200,https://compumuebles-sabana-api.cyk.com.co/api/auth/login,13759,0,0
1781509288658,13754,Ingreso Usuario,200,OK,Ingreso-usuarios-muebles 1-130,text,true,,538,336,200,200,https://compumuebles-sabana-api.cyk.com.co/api/auth/login,13754,0,0
1781509288677,13736,Ingreso Usuario,200,OK,Ingreso-usuarios-muebles 1-31,text,true,,538,336,200,200,https://compumuebles-sabana-api.cyk.com.co/api/auth/login,13736,0,0
1781509288678,13738,Ingreso Usuario,200,OK,Ingreso-usuarios-muebles 1-13,text,true,,538,336,200,200,https://compumuebles-sabana-api.cyk.com.co/api/auth/login,13738,0,0
1781509288687,13730,Ingreso Usuario,200,OK,Ingreso-usuarios-muebles 1-178,text,true,,538,336,200,200,https://compumuebles-sabana-api.cyk.com.co/api/auth/login,13730,0,0
1781509284992,17426,Ingreso Usuario,200,OK,Ingreso-usuarios-muebles 1-19,text,true,,538,336,200,200,https://compumuebles-sabana-api.cyk.com.co/api/auth/login,17426,0,0
1781509284996,17424,Ingreso Usuario,200,OK,Ingreso-usuarios-muebles 1-57,text,true,,538,336,200,200,https://compumuebles-sabana-api.cyk.com.co/api/auth/login,17424,0,0
1781509288623,13799,Ingreso Usuario,200,OK,Ingreso-usuarios-muebles 1-2,text,true,,538,336,200,200,https://compumuebles-sabana-api.cyk.com.co/api/auth/login,13799,0,0
1781509288636,13789,Ingreso Usuario,200,OK,Ingreso-usuarios-muebles 1-45,text,true,,538,336,200,200,https://compumuebles-sabana-api.cyk.com.co/api/auth/login,13789,0,0
1781509288671,13761,Ingreso Usuario,200,OK,Ingreso-usuarios-muebles 1-177,text,true,,538,336,200,200,https://compumuebles-sabana-api.cyk.com.co/api/auth/login,13761,0,0
1781509288651,13781,Ingreso Usuario,200,OK,Ingreso-usuarios-muebles 1-64,text,true,,538,336,200,200,https://compumuebles-sabana-api.cyk.com.co/api/auth/login,13781,0,0
1781509288651,13782,Ingreso Usuario,200,OK,Ingreso-usuarios-muebles 1-181,text,true,,538,336,200,200,https://compumuebles-sabana-api.cyk.com.co/api/auth/login,13782,0,0
1781509288653,13780,Ingreso Usuario,200,OK,Ingreso-usuarios-muebles 1-199,text,true,,538,336,200,200,https://compumuebles-sabana-api.cyk.com.co/api/auth/login,13780,0,0
1781509288674,13759,Ingreso Usuario,200,OK,Ingreso-usuarios-muebles 1-174,text,true,,538,336,200,200,https://compumuebles-sabana-api.cyk.com.co/api/auth/login,13759,0,0
1781509288685,13748,Ingreso Usuario,200,OK,Ingreso-usuarios-muebles 1-194,text,true,,538,336,200,200,https://compumuebles-sabana-api.cyk.com.co/api/auth/login,13748,0,0
1781509288690,13744,Ingreso Usuario,200,OK,Ingreso-usuarios-muebles 1-105,text,true,,538,336,200,200,https://compumuebles-sabana-api.cyk.com.co/api/auth/login,13744,0,0
1781509285011,17425,Ingreso Usuario,200,OK,Ingreso-usuarios-muebles 1-198,text,true,,538,336,200,200,https://compumuebles-sabana-api.cyk.com.co/api/auth/login,17425,0,0
1781509288613,13823,Ingreso Usuario,200,OK,Ingreso-usuarios-muebles 1-110,text,true,,538,336,200,200,https://compumuebles-sabana-api.cyk.com.co/api/auth/login,13823,0,0
1781509288628,13811,Ingreso Usuario,200,OK,Ingreso-usuarios-muebles 1-10,text,true,,538,336,200,200,https://compumuebles-sabana-api.cyk.com.co/api/auth/login,13811,0,0
1781509288638,13803,Ingreso Usuario,200,OK,Ingreso-usuarios-muebles 1-3,text,true,,538,336,200,200,https://compumuebles-sabana-api.cyk.com.co/api/auth/login,13803,0,0
1781509288656,13786,Ingreso Usuario,200,OK,Ingreso-usuarios-muebles 1-154,text,true,,538,336,200,200,https://compumuebles-sabana-api.cyk.com.co/api/auth/login,13786,0,0
1781509288649,13796,Ingreso Usuario,200,OK,Ingreso-usuarios-muebles 1-73,text,true,,538,336,200,200,https://compumuebles-sabana-api.cyk.com.co/api/auth/login,13796,0,0
1781509288672,13774,Ingreso Usuario,200,OK,Ingreso-usuarios-muebles 1-129,text,true,,538,336,200,200,https://compumuebles-sabana-api.cyk.com.co/api/auth/login,13774,0,0
1781509288677,13771,Ingreso Usuario,200,OK,Ingreso-usuarios-muebles 1-80,text,true,,538,336,200,200,https://compumuebles-sabana-api.cyk.com.co/api/auth/login,13771,0,0
1781509288674,13776,Ingreso Usuario,200,OK,Ingreso-usuarios-muebles 1-191,text,true,,538,336,200,200,https://compumuebles-sabana-api.cyk.com.co/api/auth/login,13776,0,0
1781509288684,13767,Ingreso Usuario,200,OK,Ingreso-usuarios-muebles 1-7,text,true,,538,336,200,200,https://compumuebles-sabana-api.cyk.com.co/api/auth/login,13767,0,0
1781509288693,13760,Ingreso Usuario,200,OK,Ingreso-usuarios-muebles 1-12,text,true,,538,336,200,200,https://compumuebles-sabana-api.cyk.com.co/api/auth/login,13760,0,0
1781509288691,24083,Ingreso Usuario,200,OK,Ingreso-usuarios-muebles 1-107,text,true,,538,336,200,200,https://compumuebles-sabana-api.cyk.com.co/api/auth/login,24083,0,0
1781509288707,24069,Ingreso Usuario,200,OK,Ingreso-usuarios-muebles 1-76,text,true,,538,336,200,200,https://compumuebles-sabana-api.cyk.com.co/api/auth/login,24069,0,0
1781509288718,24059,Ingreso Usuario,200,OK,Ingreso-usuarios-muebles 1-43,text,true,,538,336,200,200,https://compumuebles-sabana-api.cyk.com.co/api/auth/login,24059,0,0
1781509298990,13790,Ingreso Usuario,200,OK,Ingreso-usuarios-muebles 1-98,text,true,,538,336,200,200,https://compumuebles-sabana-api.cyk.com.co/api/auth/login,13790,0,0
1781509298986,13797,Ingreso Usuario,200,OK,Ingreso-usuarios-muebles 1-112,text,true,,538,336,200,200,https://compumuebles-sabana-api.cyk.com.co/api/auth/login,13797,0,0
1781509299019,13766,Ingreso Usuario,200,OK,Ingreso-usuarios-muebles 1-29,text,true,,538,336,200,200,https://compumuebles-sabana-api.cyk.com.co/api/auth/login,13766,0,0
1781509299031,13756,Ingreso Usuario,200,OK,Ingreso-usuarios-muebles 1-63,text,true,,538,336,200,200,https://compumuebles-sabana-api.cyk.com.co/api/auth/login,13756,0,0
1781509299013,13777,Ingreso Usuario,200,OK,Ingreso-usuarios-muebles 1-121,text,true,,538,336,200,200,https://compumuebles-sabana-api.cyk.com.co/api/auth/login,13777,0,0
1781509299024,13767,Ingreso Usuario,200,OK,Ingreso-usuarios-muebles 1-115,text,true,,538,336,200,200,https://compumuebles-sabana-api.cyk.com.co/api/auth/login,13767,0,0
1781509299027,13764,Ingreso Usuario,200,OK,Ingreso-usuarios-muebles 1-22,text,true,,538,336,200,200,https://compumuebles-sabana-api.cyk.com.co/api/auth/login,13764,0,0
1781509299051,13742,Ingreso Usuario,200,OK,Ingreso-usuarios-muebles 1-155,text,true,,538,336,200,200,https://compumuebles-sabana-api.cyk.com.co/api/auth/login,13742,0,0
1781509299043,13750,Ingreso Usuario,200,OK,Ingreso-usuarios-muebles 1-55,text,true,,538,336,200,200,https://compumuebles-sabana-api.cyk.com.co/api/auth/login,13750,0,0
1781509299070,13725,Ingreso Usuario,200,OK,Ingreso-usuarios-muebles 1-70,text,true,,538,336,200,200,https://compumuebles-sabana-api.cyk.com.co/api/auth/login,13725,0,0
1781509299091,13704,Ingreso Usuario,200,OK,Ingreso-usuarios-muebles 1-68,text,true,,538,336,200,200,https://compumuebles-sabana-api.cyk.com.co/api/auth/login,13704,0,0
1781509299096,13706,Ingreso Usuario,200,OK,Ingreso-usuarios-muebles 1-6,text,true,,538,336,200,200,https://compumuebles-sabana-api.cyk.com.co/api/auth/login,13706,0,0
1781509299114,13688,Ingreso Usuario,200,OK,Ingreso-usuarios-muebles 1-189,text,true,,538,336,200,200,https://compumuebles-sabana-api.cyk.com.co/api/auth/login,13688,0,0
1781509299206,13597,Ingreso Usuario,200,OK,Ingreso-usuarios-muebles 1-131,text,true,,538,336,200,200,https://compumuebles-sabana-api.cyk.com.co/api/auth/login,13597,0,0
1781509299206,13598,Ingreso Usuario,200,OK,Ingreso-usuarios-muebles 1-151,text,true,,538,336,200,200,https://compumuebles-sabana-api.cyk.com.co/api/auth/login,13598,0,0
1781509299206,13599,Ingreso Usuario,200,OK,Ingreso-usuarios-muebles 1-47,text,true,,538,336,200,200,https://compumuebles-sabana-api.cyk.com.co/api/auth/login,13599,0,0
1781509299206,13602,Ingreso Usuario,200,OK,Ingreso-usuarios-muebles 1-128,text,true,,538,336,200,200,https://compumuebles-sabana-api.cyk.com.co/api/auth/login,13602,0,0
1781509299206,13603,Ingreso Usuario,200,OK,Ingreso-usuarios-muebles 1-60,text,true,,538,336,200,200,https://compumuebles-sabana-api.cyk.com.co/api/auth/login,13603,0,0
1781509299206,13604,Ingreso Usuario,200,OK,Ingreso-usuarios-muebles 1-83,text,true,,538,336,200,200,https://compumuebles-sabana-api.cyk.com.co/api/auth/login,13604,0,0
1781509299226,13588,Ingreso Usuario,200,OK,Ingreso-usuarios-muebles 1-190,text,true,,538,336,200,200,https://compumuebles-sabana-api.cyk.com.co/api/auth/login,13588,0,0
1781509299217,13600,Ingreso Usuario,200,OK,Ingreso-usuarios-muebles 1-113,text,true,,538,336,200,200,https://compumuebles-sabana-api.cyk.com.co/api/auth/login,13600,0,0
1781509299230,13587,Ingreso Usuario,200,OK,Ingreso-usuarios-muebles 1-85,text,true,,538,336,200,200,https://compumuebles-sabana-api.cyk.com.co/api/auth/login,13587,0,0
1781509299234,13588,Ingreso Usuario,200,OK,Ingreso-usuarios-muebles 1-167,text,true,,538,336,200,200,https://compumuebles-sabana-api.cyk.com.co/api/auth/login,13588,0,0
1781509299244,13579,Ingreso Usuario,200,OK,Ingreso-usuarios-muebles 1-92,text,true,,538,336,200,200,https://compumuebles-sabana-api.cyk.com.co/api/auth/login,13579,0,0
1781509299254,13573,Ingreso Usuario,200,OK,Ingreso-usuarios-muebles 1-111,text,true,,538,336,200,200,https://compumuebles-sabana-api.cyk.com.co/api/auth/login,13573,0,0
1781509299259,13571,Ingreso Usuario,200,OK,Ingreso-usuarios-muebles 1-187,text,true,,538,336,200,200,https://compumuebles-sabana-api.cyk.com.co/api/auth/login,13571,0,0
1781509299279,13551,Ingreso Usuario,200,OK,Ingreso-usuarios-muebles 1-61,text,true,,538,336,200,200,https://compumuebles-sabana-api.cyk.com.co/api/auth/login,13551,0,0
1781509299279,13555,Ingreso Usuario,200,OK,Ingreso-usuarios-muebles 1-20,text,true,,538,336,200,200,https://compumuebles-sabana-api.cyk.com.co/api/auth/login,13555,0,0
1781509299290,13544,Ingreso Usuario,200,OK,Ingreso-usuarios-muebles 1-175,text,true,,538,336,200,200,https://compumuebles-sabana-api.cyk.com.co/api/auth/login,13544,0,0
1781509299323,13512,Ingreso Usuario,200,OK,Ingreso-usuarios-muebles 1-56,text,true,,538,336,200,200,https://compumuebles-sabana-api.cyk.com.co/api/auth/login,13512,0,0
1781509299309,13526,Ingreso Usuario,200,OK,Ingreso-usuarios-muebles 1-176,text,true,,538,336,200,200,https://compumuebles-sabana-api.cyk.com.co/api/auth/login,13526,0,0
1781509299334,13503,Ingreso Usuario,200,OK,Ingreso-usuarios-muebles 1-36,text,true,,538,336,200,200,https://compumuebles-sabana-api.cyk.com.co/api/auth/login,13503,0,0
1781509299334,13504,Ingreso Usuario,200,OK,Ingreso-usuarios-muebles 1-108,text,true,,538,336,200,200,https://compumuebles-sabana-api.cyk.com.co/api/auth/login,13504,0,0
1781509299338,13503,Ingreso Usuario,200,OK,Ingreso-usuarios-muebles 1-182,text,true,,538,336,200,200,https://compumuebles-sabana-api.cyk.com.co/api/auth/login,13503,0,0
1781509288699,24143,Ingreso Usuario,200,OK,Ingreso-usuarios-muebles 1-17,text,true,,538,336,200,200,https://compumuebles-sabana-api.cyk.com.co/api/auth/login,24143,0,0
1781509288710,24136,Ingreso Usuario,200,OK,Ingreso-usuarios-muebles 1-109,text,true,,538,336,200,200,https://compumuebles-sabana-api.cyk.com.co/api/auth/login,24136,0,0
1781509298968,13880,Ingreso Usuario,200,OK,Ingreso-usuarios-muebles 1-67,text,true,,538,336,200,200,https://compumuebles-sabana-api.cyk.com.co/api/auth/login,13880,0,0
1781509288739,24109,Ingreso Usuario,200,OK,Ingreso-usuarios-muebles 1-197,text,true,,538,336,200,200,https://compumuebles-sabana-api.cyk.com.co/api/auth/login,24109,0,0
1781509298974,13878,Ingreso Usuario,200,OK,Ingreso-usuarios-muebles 1-165,text,true,,538,336,200,200,https://compumuebles-sabana-api.cyk.com.co/api/auth/login,13878,0,0
1781509298993,13860,Ingreso Usuario,200,OK,Ingreso-usuarios-muebles 1-122,text,true,,538,336,200,200,https://compumuebles-sabana-api.cyk.com.co/api/auth/login,13860,0,0
1781509299009,13854,Ingreso Usuario,200,OK,Ingreso-usuarios-muebles 1-152,text,true,,538,336,200,200,https://compumuebles-sabana-api.cyk.com.co/api/auth/login,13854,0,0
1781509299003,13863,Ingreso Usuario,200,OK,Ingreso-usuarios-muebles 1-140,text,true,,538,336,200,200,https://compumuebles-sabana-api.cyk.com.co/api/auth/login,13863,0,0
1781509299013,13867,Ingreso Usuario,200,OK,Ingreso-usuarios-muebles 1-9,text,true,,538,336,200,200,https://compumuebles-sabana-api.cyk.com.co/api/auth/login,13867,0,0
1781509299075,13823,Ingreso Usuario,200,OK,Ingreso-usuarios-muebles 1-156,text,true,,538,336,200,200,https://compumuebles-sabana-api.cyk.com.co/api/auth/login,13823,0,0
1781509299031,13867,Ingreso Usuario,200,OK,Ingreso-usuarios-muebles 1-133,text,true,,538,336,200,200,https://compumuebles-sabana-api.cyk.com.co/api/auth/login,13867,0,0
1781509299044,13854,Ingreso Usuario,200,OK,Ingreso-usuarios-muebles 1-33,text,true,,538,336,200,200,https://compumuebles-sabana-api.cyk.com.co/api/auth/login,13854,0,0
1781509299020,13878,Ingreso Usuario,200,OK,Ingreso-usuarios-muebles 1-126,text,true,,538,336,200,200,https://compumuebles-sabana-api.cyk.com.co/api/auth/login,13878,0,0
1781509299024,13874,Ingreso Usuario,200,OK,Ingreso-usuarios-muebles 1-48,text,true,,538,336,200,200,https://compumuebles-sabana-api.cyk.com.co/api/auth/login,13874,0,0
1781509299096,13802,Ingreso Usuario,200,OK,Ingreso-usuarios-muebles 1-50,text,true,,538,336,200,200,https://compumuebles-sabana-api.cyk.com.co/api/auth/login,13802,0,0
1781509299050,13848,Ingreso Usuario,200,OK,Ingreso-usuarios-muebles 1-136,text,true,,538,336,200,200,https://compumuebles-sabana-api.cyk.com.co/api/auth/login,13848,0,0
1781509299097,13815,Ingreso Usuario,200,OK,Ingreso-usuarios-muebles 1-138,text,true,,538,336,200,200,https://compumuebles-sabana-api.cyk.com.co/api/auth/login,13815,0,0
1781509299206,13706,Ingreso Usuario,200,OK,Ingreso-usuarios-muebles 1-99,text,true,,538,336,200,200,https://compumuebles-sabana-api.cyk.com.co/api/auth/login,13706,0,0
1781509299130,13782,Ingreso Usuario,200,OK,Ingreso-usuarios-muebles 1-72,text,true,,538,336,200,200,https://compumuebles-sabana-api.cyk.com.co/api/auth/login,13782,0,0
1781509299206,13723,Ingreso Usuario,200,OK,Ingreso-usuarios-muebles 1-125,text,true,,538,336,200,200,https://compumuebles-sabana-api.cyk.com.co/api/auth/login,13723,0,0
1781509299206,13723,Ingreso Usuario,200,OK,Ingreso-usuarios-muebles 1-196,text,true,,538,336,200,200,https://compumuebles-sabana-api.cyk.com.co/api/auth/login,13723,0,0
1781509299228,13701,Ingreso Usuario,200,OK,Ingreso-usuarios-muebles 1-141,text,true,,538,336,200,200,https://compumuebles-sabana-api.cyk.com.co/api/auth/login,13701,0,0
1781509299206,13723,Ingreso Usuario,200,OK,Ingreso-usuarios-muebles 1-117,text,true,,538,336,200,200,https://compumuebles-sabana-api.cyk.com.co/api/auth/login,13723,0,0
1781509299206,13725,Ingreso Usuario,200,OK,Ingreso-usuarios-muebles 1-24,text,true,,538,336,200,200,https://compumuebles-sabana-api.cyk.com.co/api/auth/login,13725,0,0
1781509299206,13725,Ingreso Usuario,200,OK,Ingreso-usuarios-muebles 1-11,text,true,,538,336,200,200,https://compumuebles-sabana-api.cyk.com.co/api/auth/login,13725,0,0
1781509299228,13704,Ingreso Usuario,200,OK,Ingreso-usuarios-muebles 1-188,text,true,,538,336,200,200,https://compumuebles-sabana-api.cyk.com.co/api/auth/login,13704,0,0
1781509299228,13706,Ingreso Usuario,200,OK,Ingreso-usuarios-muebles 1-157,text,true,,538,336,200,200,https://compumuebles-sabana-api.cyk.com.co/api/auth/login,13706,0,0
1781509299235,13704,Ingreso Usuario,200,OK,Ingreso-usuarios-muebles 1-135,text,true,,538,336,200,200,https://compumuebles-sabana-api.cyk.com.co/api/auth/login,13704,0,0
1781509299246,13694,Ingreso Usuario,200,OK,Ingreso-usuarios-muebles 1-120,text,true,,538,336,200,200,https://compumuebles-sabana-api.cyk.com.co/api/auth/login,13694,0,0
1781509299277,13666,Ingreso Usuario,200,OK,Ingreso-usuarios-muebles 1-123,text,true,,538,336,200,200,https://compumuebles-sabana-api.cyk.com.co/api/auth/login,13666,0,0
1781509299260,13685,Ingreso Usuario,200,OK,Ingreso-usuarios-muebles 1-53,text,true,,538,336,200,200,https://compumuebles-sabana-api.cyk.com.co/api/auth/login,13685,0,0
1781509299249,13697,Ingreso Usuario,200,OK,Ingreso-usuarios-muebles 1-104,text,true,,538,336,200,200,https://compumuebles-sabana-api.cyk.com.co/api/auth/login,13697,0,0
1781509299282,13666,Ingreso Usuario,200,OK,Ingreso-usuarios-muebles 1-163,text,true,,538,336,200,200,https://compumuebles-sabana-api.cyk.com.co/api/auth/login,13666,0,0
1781509299290,13664,Ingreso Usuario,200,OK,Ingreso-usuarios-muebles 1-183,text,true,,538,336,200,200,https://compumuebles-sabana-api.cyk.com.co/api/auth/login,13664,0,0
1781509299308,13647,Ingreso Usuario,200,OK,Ingreso-usuarios-muebles 1-119,text,true,,538,336,200,200,https://compumuebles-sabana-api.cyk.com.co/api/auth/login,13647,0,0
1781509299323,13637,Ingreso Usuario,200,OK,Ingreso-usuarios-muebles 1-185,text,true,,538,336,200,200,https://compumuebles-sabana-api.cyk.com.co/api/auth/login,13637,0,0
1781509299336,13625,Ingreso Usuario,200,OK,Ingreso-usuarios-muebles 1-114,text,true,,538,336,200,200,https://compumuebles-sabana-api.cyk.com.co/api/auth/login,13625,0,0
1781509299334,13628,Ingreso Usuario,200,OK,Ingreso-usuarios-muebles 1-146,text,true,,538,336,200,200,https://compumuebles-sabana-api.cyk.com.co/api/auth/login,13628,0,0
1781509288704,24260,Ingreso Usuario,200,OK,Ingreso-usuarios-muebles 1-51,text,true,,538,336,200,200,https://compumuebles-sabana-api.cyk.com.co/api/auth/login,24260,0,0
1781509298986,13981,Ingreso Usuario,200,OK,Ingreso-usuarios-muebles 1-93,text,true,,538,336,200,200,https://compumuebles-sabana-api.cyk.com.co/api/auth/login,13981,0,0
1781509288712,24256,Ingreso Usuario,200,OK,Ingreso-usuarios-muebles 1-8,text,true,,538,336,200,200,https://compumuebles-sabana-api.cyk.com.co/api/auth/login,24256,0,0
1781509298986,13984,Ingreso Usuario,200,OK,Ingreso-usuarios-muebles 1-102,text,true,,538,336,200,200,https://compumuebles-sabana-api.cyk.com.co/api/auth/login,13984,0,0
1781509299003,13971,Ingreso Usuario,200,OK,Ingreso-usuarios-muebles 1-65,text,true,,538,336,200,200,https://compumuebles-sabana-api.cyk.com.co/api/auth/login,13971,0,0
1781509299010,13964,Ingreso Usuario,200,OK,Ingreso-usuarios-muebles 1-44,text,true,,538,336,200,200,https://compumuebles-sabana-api.cyk.com.co/api/auth/login,13964,0,0
1781509299020,13954,Ingreso Usuario,200,OK,Ingreso-usuarios-muebles 1-62,text,true,,538,336,200,200,https://compumuebles-sabana-api.cyk.com.co/api/auth/login,13954,0,0
1781509299027,13948,Ingreso Usuario,200,OK,Ingreso-usuarios-muebles 1-147,text,true,,538,336,200,200,https://compumuebles-sabana-api.cyk.com.co/api/auth/login,13948,0,0
1781509299034,13942,Ingreso Usuario,200,OK,Ingreso-usuarios-muebles 1-103,text,true,,538,336,200,200,https://compumuebles-sabana-api.cyk.com.co/api/auth/login,13942,0,0
1781509299039,13940,Ingreso Usuario,200,OK,Ingreso-usuarios-muebles 1-49,text,true,,538,336,200,200,https://compumuebles-sabana-api.cyk.com.co/api/auth/login,13940,0,0
1781509299038,13943,Ingreso Usuario,200,OK,Ingreso-usuarios-muebles 1-180,text,true,,538,336,200,200,https://compumuebles-sabana-api.cyk.com.co/api/auth/login,13943,0,0
1781509299065,13919,Ingreso Usuario,200,OK,Ingreso-usuarios-muebles 1-26,text,true,,538,336,200,200,https://compumuebles-sabana-api.cyk.com.co/api/auth/login,13919,0,0
1781509299081,13907,Ingreso Usuario,200,OK,Ingreso-usuarios-muebles 1-143,text,true,,538,336,200,200,https://compumuebles-sabana-api.cyk.com.co/api/auth/login,13907,0,0
1781509299093,13897,Ingreso Usuario,200,OK,Ingreso-usuarios-muebles 1-27,text,true,,538,336,200,200,https://compumuebles-sabana-api.cyk.com.co/api/auth/login,13897,0,0
1781509299097,13894,Ingreso Usuario,200,OK,Ingreso-usuarios-muebles 1-66,text,true,,538,336,200,200,https://compumuebles-sabana-api.cyk.com.co/api/auth/login,13894,0,0
1781509299206,13786,Ingreso Usuario,200,OK,Ingreso-usuarios-muebles 1-160,text,true,,538,336,200,200,https://compumuebles-sabana-api.cyk.com.co/api/auth/login,13786,0,0
1781509299206,13787,Ingreso Usuario,200,OK,Ingreso-usuarios-muebles 1-200,text,true,,538,336,200,200,https://compumuebles-sabana-api.cyk.com.co/api/auth/login,13787,0,0
1781509299206,13790,Ingreso Usuario,200,OK,Ingreso-usuarios-muebles 1-4,text,true,,538,336,200,200,https://compumuebles-sabana-api.cyk.com.co/api/auth/login,13790,0,0
1781509299206,13793,Ingreso Usuario,200,OK,Ingreso-usuarios-muebles 1-74,text,true,,538,336,200,200,https://compumuebles-sabana-api.cyk.com.co/api/auth/login,13793,0,0
1781509299206,13795,Ingreso Usuario,200,OK,Ingreso-usuarios-muebles 1-172,text,true,,538,336,200,200,https://compumuebles-sabana-api.cyk.com.co/api/auth/login,13795,0,0
1781509299206,13798,Ingreso Usuario,200,OK,Ingreso-usuarios-muebles 1-87,text,true,,538,336,200,200,https://compumuebles-sabana-api.cyk.com.co/api/auth/login,13798,0,0
1781509299206,13802,Ingreso Usuario,200,OK,Ingreso-usuarios-muebles 1-179,text,true,,538,336,200,200,https://compumuebles-sabana-api.cyk.com.co/api/auth/login,13802,0,0
1781509299211,13811,Ingreso Usuario,200,OK,Ingreso-usuarios-muebles 1-149,text,true,,538,336,200,200,https://compumuebles-sabana-api.cyk.com.co/api/auth/login,13811,0,0
1781509299226,13806,Ingreso Usuario,200,OK,Ingreso-usuarios-muebles 1-71,text,true,,538,336,200,200,https://compumuebles-sabana-api.cyk.com.co/api/auth/login,13806,0,0
1781509299228,13804,Ingreso Usuario,200,OK,Ingreso-usuarios-muebles 1-137,text,true,,538,336,200,200,https://compumuebles-sabana-api.cyk.com.co/api/auth/login,13804,0,0
1781509299240,13802,Ingreso Usuario,200,OK,Ingreso-usuarios-muebles 1-46,text,true,,538,336,200,200,https://compumuebles-sabana-api.cyk.com.co/api/auth/login,13802,0,0
1781509299263,13795,Ingreso Usuario,200,OK,Ingreso-usuarios-muebles 1-82,text,true,,538,336,200,200,https://compumuebles-sabana-api.cyk.com.co/api/auth/login,13795,0,0
1781509299251,13807,Ingreso Usuario,200,OK,Ingreso-usuarios-muebles 1-162,text,true,,538,336,200,200,https://compumuebles-sabana-api.cyk.com.co/api/auth/login,13807,0,0
1781509299263,13795,Ingreso Usuario,200,OK,Ingreso-usuarios-muebles 1-86,text,true,,538,336,200,200,https://compumuebles-sabana-api.cyk.com.co/api/auth/login,13795,0,0
1781509299248,13810,Ingreso Usuario,200,OK,Ingreso-usuarios-muebles 1-89,text,true,,538,336,200,200,https://compumuebles-sabana-api.cyk.com.co/api/auth/login,13810,0,0
1781509299280,13806,Ingreso Usuario,200,OK,Ingreso-usuarios-muebles 1-15,text,true,,538,336,200,200,https://compumuebles-sabana-api.cyk.com.co/api/auth/login,13806,0,0
1781509299311,13791,Ingreso Usuario,200,OK,Ingreso-usuarios-muebles 1-39,text,true,,538,336,200,200,https://compumuebles-sabana-api.cyk.com.co/api/auth/login,13791,0,0
1781509299331,13773,Ingreso Usuario,200,OK,Ingreso-usuarios-muebles 1-32,text,true,,538,336,200,200,https://compumuebles-sabana-api.cyk.com.co/api/auth/login,13773,0,0
1781509299318,13788,Ingreso Usuario,200,OK,Ingreso-usuarios-muebles 1-54,text,true,,538,336,200,200,https://compumuebles-sabana-api.cyk.com.co/api/auth/login,13788,0,0
1781509299339,13781,Ingreso Usuario,200,OK,Ingreso-usuarios-muebles 1-106,text,true,,538,336,200,200,https://compumuebles-sabana-api.cyk.com.co/api/auth/login,13781,0,0
1781509299026,14107,Ingreso Usuario,200,OK,Ingreso-usuarios-muebles 1-101,text,true,,538,336,200,200,https://compumuebles-sabana-api.cyk.com.co/api/auth/login,14107,0,0
1781509298973,14160,Ingreso Usuario,200,OK,Ingreso-usuarios-muebles 1-153,text,true,,538,336,200,200,https://compumuebles-sabana-api.cyk.com.co/api/auth/login,14160,0,0
1781509299052,14086,Ingreso Usuario,200,OK,Ingreso-usuarios-muebles 1-78,text,true,,538,336,200,200,https://compumuebles-sabana-api.cyk.com.co/api/auth/login,14086,0,0
1781509299029,14120,Ingreso Usuario,200,OK,Ingreso-usuarios-muebles 1-158,text,true,,538,336,200,200,https://compumuebles-sabana-api.cyk.com.co/api/auth/login,14120,0,0
1781509299339,13810,Ingreso Usuario,200,OK,Ingreso-usuarios-muebles 1-192,text,true,,538,336,200,200,https://compumuebles-sabana-api.cyk.com.co/api/auth/login,13810,0,0
1781509299351,13800,Ingreso Usuario,200,OK,Ingreso-usuarios-muebles 1-161,text,true,,538,336,200,200,https://compumuebles-sabana-api.cyk.com.co/api/auth/login,13800,0,0
1781509299043,14110,Ingreso Usuario,200,OK,Ingreso-usuarios-muebles 1-42,text,true,,538,336,200,200,https://compumuebles-sabana-api.cyk.com.co/api/auth/login,14110,0,0
1781509298997,14156,Ingreso Usuario,200,OK,Ingreso-usuarios-muebles 1-58,text,true,,538,336,200,200,https://compumuebles-sabana-api.cyk.com.co/api/auth/login,14156,0,0
1781509299010,14143,Ingreso Usuario,200,OK,Ingreso-usuarios-muebles 1-35,text,true,,538,336,200,200,https://compumuebles-sabana-api.cyk.com.co/api/auth/login,14143,0,0
1781509299019,14134,Ingreso Usuario,200,OK,Ingreso-usuarios-muebles 1-100,text,true,,538,336,200,200,https://compumuebles-sabana-api.cyk.com.co/api/auth/login,14134,0,0
1781509299033,14120,Ingreso Usuario,200,OK,Ingreso-usuarios-muebles 1-69,text,true,,538,336,200,200,https://compumuebles-sabana-api.cyk.com.co/api/auth/login,14120,0,0
1781509298986,14168,Ingreso Usuario,200,OK,Ingreso-usuarios-muebles 1-59,text,true,,538,336,200,200,https://compumuebles-sabana-api.cyk.com.co/api/auth/login,14168,0,0
1781509299093,14067,Ingreso Usuario,200,OK,Ingreso-usuarios-muebles 1-118,text,true,,538,336,200,200,https://compumuebles-sabana-api.cyk.com.co/api/auth/login,14067,0,0
1781509299081,14081,Ingreso Usuario,200,OK,Ingreso-usuarios-muebles 1-144,text,true,,538,336,200,200,https://compumuebles-sabana-api.cyk.com.co/api/auth/login,14081,0,0
1781509299107,14055,Ingreso Usuario,200,OK,Ingreso-usuarios-muebles 1-88,text,true,,538,336,200,200,https://compumuebles-sabana-api.cyk.com.co/api/auth/login,14055,0,0
1781509299206,13963,Ingreso Usuario,200,OK,Ingreso-usuarios-muebles 1-95,text,true,,538,336,200,200,https://compumuebles-sabana-api.cyk.com.co/api/auth/login,13963,0,0
1781509299206,13965,Ingreso Usuario,200,OK,Ingreso-usuarios-muebles 1-52,text,true,,538,336,200,200,https://compumuebles-sabana-api.cyk.com.co/api/auth/login,13965,0,0
1781509299206,13965,Ingreso Usuario,200,OK,Ingreso-usuarios-muebles 1-124,text,true,,538,336,200,200,https://compumuebles-sabana-api.cyk.com.co/api/auth/login,13965,0,0
1781509299221,13954,Ingreso Usuario,200,OK,Ingreso-usuarios-muebles 1-38,text,true,,538,336,200,200,https://compumuebles-sabana-api.cyk.com.co/api/auth/login,13954,0,0
1781509299215,13960,Ingreso Usuario,200,OK,Ingreso-usuarios-muebles 1-41,text,true,,538,336,200,200,https://compumuebles-sabana-api.cyk.com.co/api/auth/login,13960,0,0
1781509299206,13970,Ingreso Usuario,200,OK,Ingreso-usuarios-muebles 1-142,text,true,,538,336,200,200,https://compumuebles-sabana-api.cyk.com.co/api/auth/login,13970,0,0
1781509299206,13970,Ingreso Usuario,200,OK,Ingreso-usuarios-muebles 1-166,text,true,,538,336,200,200,https://compumuebles-sabana-api.cyk.com.co/api/auth/login,13970,0,0
1781509299206,13970,Ingreso Usuario,200,OK,Ingreso-usuarios-muebles 1-173,text,true,,538,336,200,200,https://compumuebles-sabana-api.cyk.com.co/api/auth/login,13970,0,0
1781509299206,13970,Ingreso Usuario,200,OK,Ingreso-usuarios-muebles 1-127,text,true,,538,336,200,200,https://compumuebles-sabana-api.cyk.com.co/api/auth/login,13970,0,0
1781509299247,13956,Ingreso Usuario,200,OK,Ingreso-usuarios-muebles 1-79,text,true,,538,336,200,200,https://compumuebles-sabana-api.cyk.com.co/api/auth/login,13956,0,0
1781509299229,13974,Ingreso Usuario,200,OK,Ingreso-usuarios-muebles 1-94,text,true,,538,336,200,200,https://compumuebles-sabana-api.cyk.com.co/api/auth/login,13974,0,0
1781509299237,13967,Ingreso Usuario,200,OK,Ingreso-usuarios-muebles 1-148,text,true,,538,336,200,200,https://compumuebles-sabana-api.cyk.com.co/api/auth/login,13967,0,0
1781509299259,13945,Ingreso Usuario,200,OK,Ingreso-usuarios-muebles 1-184,text,true,,538,336,200,200,https://compumuebles-sabana-api.cyk.com.co/api/auth/login,13945,0,0
1781509299276,13930,Ingreso Usuario,200,OK,Ingreso-usuarios-muebles 1-169,text,true,,538,336,200,200,https://compumuebles-sabana-api.cyk.com.co/api/auth/login,13930,0,0
1781509299268,13942,Ingreso Usuario,200,OK,Ingreso-usuarios-muebles 1-170,text,true,,538,336,200,200,https://compumuebles-sabana-api.cyk.com.co/api/auth/login,13942,0,0
1781509299288,13924,Ingreso Usuario,200,OK,Ingreso-usuarios-muebles 1-168,text,true,,538,336,200,200,https://compumuebles-sabana-api.cyk.com.co/api/auth/login,13924,0,0
1781509299288,13924,Ingreso Usuario,200,OK,Ingreso-usuarios-muebles 1-150,text,true,,538,336,200,200,https://compumuebles-sabana-api.cyk.com.co/api/auth/login,13924,0,0
1781509299334,13885,Ingreso Usuario,200,OK,Ingreso-usuarios-muebles 1-77,text,true,,538,336,200,200,https://compumuebles-sabana-api.cyk.com.co/api/auth/login,13885,0,0
1781509299307,13912,Ingreso Usuario,200,OK,Ingreso-usuarios-muebles 1-96,text,true,,538,336,200,200,https://compumuebles-sabana-api.cyk.com.co/api/auth/login,13912,0,0
1781509299328,13892,Ingreso Usuario,200,OK,Ingreso-usuarios-muebles 1-37,text,true,,538,336,200,200,https://compumuebles-sabana-api.cyk.com.co/api/auth/login,13892,0,0
1781509299334,13895,Ingreso Usuario,200,OK,Ingreso-usuarios-muebles 1-5,text,true,,538,336,200,200,https://compumuebles-sabana-api.cyk.com.co/api/auth/login,13895,0,0
1781509299365,17340,Ingreso Usuario,200,OK,Ingreso-usuarios-muebles 1-195,text,true,,538,336,200,200,https://compumuebles-sabana-api.cyk.com.co/api/auth/login,17340,0,0
1781509299388,17321,Ingreso Usuario,200,OK,Ingreso-usuarios-muebles 1-164,text,true,,538,336,200,200,https://compumuebles-sabana-api.cyk.com.co/api/auth/login,17321,0,0
1781509302376,14333,Ingreso Usuario,200,OK,Ingreso-usuarios-muebles 1-193,text,true,,538,336,200,200,https://compumuebles-sabana-api.cyk.com.co/api/auth/login,14333,0,0
1781509302380,14332,Ingreso Usuario,200,OK,Ingreso-usuarios-muebles 1-14,text,true,,538,336,200,200,https://compumuebles-sabana-api.cyk.com.co/api/auth/login,14332,0,0
1781509302389,14325,Ingreso Usuario,200,OK,Ingreso-usuarios-muebles 1-30,text,true,,538,336,200,200,https://compumuebles-sabana-api.cyk.com.co/api/auth/login,14325,0,0
1781509302412,14303,Ingreso Usuario,200,OK,Ingreso-usuarios-muebles 1-34,text,true,,538,336,200,200,https://compumuebles-sabana-api.cyk.com.co/api/auth/login,14303,0,0
1781509302405,14311,Ingreso Usuario,200,OK,Ingreso-usuarios-muebles 1-81,text,true,,538,336,200,200,https://compumuebles-sabana-api.cyk.com.co/api/auth/login,14311,0,0
1781509302417,14301,Ingreso Usuario,200,OK,Ingreso-usuarios-muebles 1-178,text,true,,538,336,200,200,https://compumuebles-sabana-api.cyk.com.co/api/auth/login,14301,0,0
1781509302420,14299,Ingreso Usuario,200,OK,Ingreso-usuarios-muebles 1-57,text,true,,538,336,200,200,https://compumuebles-sabana-api.cyk.com.co/api/auth/login,14299,0,0
1781509302433,14288,Ingreso Usuario,200,OK,Ingreso-usuarios-muebles 1-181,text,true,,538,336,200,200,https://compumuebles-sabana-api.cyk.com.co/api/auth/login,14288,0,0
1781509302433,14290,Ingreso Usuario,200,OK,Ingreso-usuarios-muebles 1-194,text,true,,538,336,200,200,https://compumuebles-sabana-api.cyk.com.co/api/auth/login,14290,0,0
1781509302436,14289,Ingreso Usuario,200,OK,Ingreso-usuarios-muebles 1-110,text,true,,538,336,200,200,https://compumuebles-sabana-api.cyk.com.co/api/auth/login,14289,0,0
1781509302442,14287,Ingreso Usuario,200,OK,Ingreso-usuarios-muebles 1-154,text,true,,538,336,200,200,https://compumuebles-sabana-api.cyk.com.co/api/auth/login,14287,0,0
1781509302445,14287,Ingreso Usuario,200,OK,Ingreso-usuarios-muebles 1-73,text,true,,538,336,200,200,https://compumuebles-sabana-api.cyk.com.co/api/auth/login,14287,0,0
1781509299365,17371,Ingreso Usuario,200,OK,Ingreso-usuarios-muebles 1-139,text,true,,538,336,200,200,https://compumuebles-sabana-api.cyk.com.co/api/auth/login,17371,0,0
1781509299389,17347,Ingreso Usuario,200,OK,Ingreso-usuarios-muebles 1-171,text,true,,538,336,200,200,https://compumuebles-sabana-api.cyk.com.co/api/auth/login,17347,0,0
1781509302373,14364,Ingreso Usuario,200,OK,Ingreso-usuarios-muebles 1-159,text,true,,538,336,200,200,https://compumuebles-sabana-api.cyk.com.co/api/auth/login,14364,0,0
1781509302375,14362,Ingreso Usuario,200,OK,Ingreso-usuarios-muebles 1-134,text,true,,538,336,200,200,https://compumuebles-sabana-api.cyk.com.co/api/auth/login,14362,0,0
1781509302402,14337,Ingreso Usuario,200,OK,Ingreso-usuarios-muebles 1-21,text,true,,538,336,200,200,https://compumuebles-sabana-api.cyk.com.co/api/auth/login,14337,0,0
1781509302405,14341,Ingreso Usuario,200,OK,Ingreso-usuarios-muebles 1-116,text,true,,538,336,200,200,https://compumuebles-sabana-api.cyk.com.co/api/auth/login,14341,0,0
1781509302413,14338,Ingreso Usuario,200,OK,Ingreso-usuarios-muebles 1-130,text,true,,538,336,200,200,https://compumuebles-sabana-api.cyk.com.co/api/auth/login,14338,0,0
1781509302413,14338,Ingreso Usuario,200,OK,Ingreso-usuarios-muebles 1-31,text,true,,538,336,200,200,https://compumuebles-sabana-api.cyk.com.co/api/auth/login,14338,0,0
1781509302422,14330,Ingreso Usuario,200,OK,Ingreso-usuarios-muebles 1-2,text,true,,538,336,200,200,https://compumuebles-sabana-api.cyk.com.co/api/auth/login,14330,0,0
1781509302432,14323,Ingreso Usuario,200,OK,Ingreso-usuarios-muebles 1-177,text,true,,538,336,200,200,https://compumuebles-sabana-api.cyk.com.co/api/auth/login,14323,0,0
1781509302433,14324,Ingreso Usuario,200,OK,Ingreso-usuarios-muebles 1-174,text,true,,538,336,200,200,https://compumuebles-sabana-api.cyk.com.co/api/auth/login,14324,0,0
1781509302439,14320,Ingreso Usuario,200,OK,Ingreso-usuarios-muebles 1-10,text,true,,538,336,200,200,https://compumuebles-sabana-api.cyk.com.co/api/auth/login,14320,0,0
1781509299365,17398,Ingreso Usuario,200,OK,Ingreso-usuarios-muebles 1-75,text,true,,538,336,200,200,https://compumuebles-sabana-api.cyk.com.co/api/auth/login,17398,0,0
1781509299390,17375,Ingreso Usuario,200,OK,Ingreso-usuarios-muebles 1-1,text,true,,538,336,200,200,https://compumuebles-sabana-api.cyk.com.co/api/auth/login,17375,0,0
1781509302372,14393,Ingreso Usuario,200,OK,Ingreso-usuarios-muebles 1-91,text,true,,538,336,200,200,https://compumuebles-sabana-api.cyk.com.co/api/auth/login,14393,0,0
1781509302383,14390,Ingreso Usuario,200,OK,Ingreso-usuarios-muebles 1-25,text,true,,538,336,200,200,https://compumuebles-sabana-api.cyk.com.co/api/auth/login,14390,0,0
1781509302376,14397,Ingreso Usuario,200,OK,Ingreso-usuarios-muebles 1-18,text,true,,538,336,200,200,https://compumuebles-sabana-api.cyk.com.co/api/auth/login,14397,0,0
1781509302396,14378,Ingreso Usuario,200,OK,Ingreso-usuarios-muebles 1-16,text,true,,538,336,200,200,https://compumuebles-sabana-api.cyk.com.co/api/auth/login,14378,0,0
1781509302418,14359,Ingreso Usuario,200,OK,Ingreso-usuarios-muebles 1-19,text,true,,538,336,200,200,https://compumuebles-sabana-api.cyk.com.co/api/auth/login,14359,0,0
1781509302404,14373,Ingreso Usuario,200,OK,Ingreso-usuarios-muebles 1-84,text,true,,538,336,200,200,https://compumuebles-sabana-api.cyk.com.co/api/auth/login,14373,0,0
1781509302411,14367,Ingreso Usuario,200,OK,Ingreso-usuarios-muebles 1-28,text,true,,538,336,200,200,https://compumuebles-sabana-api.cyk.com.co/api/auth/login,14367,0,0
1781509302425,14355,Ingreso Usuario,200,OK,Ingreso-usuarios-muebles 1-45,text,true,,538,336,200,200,https://compumuebles-sabana-api.cyk.com.co/api/auth/login,14355,0,0
1781509302436,14349,Ingreso Usuario,200,OK,Ingreso-usuarios-muebles 1-198,text,true,,538,336,200,200,https://compumuebles-sabana-api.cyk.com.co/api/auth/login,14349,0,0
1781509302448,14338,Ingreso Usuario,200,OK,Ingreso-usuarios-muebles 1-80,text,true,,538,336,200,200,https://compumuebles-sabana-api.cyk.com.co/api/auth/login,14338,0,0
1781509302446,14341,Ingreso Usuario,200,OK,Ingreso-usuarios-muebles 1-129,text,true,,538,336,200,200,https://compumuebles-sabana-api.cyk.com.co/api/auth/login,14341,0,0
1781509299365,17427,Ingreso Usuario,200,OK,Ingreso-usuarios-muebles 1-145,text,true,,538,336,200,200,https://compumuebles-sabana-api.cyk.com.co/api/auth/login,17427,0,0
1781509299398,17396,Ingreso Usuario,200,OK,Ingreso-usuarios-muebles 1-90,text,true,,538,336,200,200,https://compumuebles-sabana-api.cyk.com.co/api/auth/login,17396,0,0
1781509302378,14437,Ingreso Usuario,200,OK,Ingreso-usuarios-muebles 1-40,text,true,,538,336,200,200,https://compumuebles-sabana-api.cyk.com.co/api/auth/login,14437,0,0
1781509302386,14429,Ingreso Usuario,200,OK,Ingreso-usuarios-muebles 1-97,text,true,,538,336,200,200,https://compumuebles-sabana-api.cyk.com.co/api/auth/login,14429,0,0
1781509302402,14415,Ingreso Usuario,200,OK,Ingreso-usuarios-muebles 1-186,text,true,,538,336,200,200,https://compumuebles-sabana-api.cyk.com.co/api/auth/login,14415,0,0
1781509302404,14415,Ingreso Usuario,200,OK,Ingreso-usuarios-muebles 1-23,text,true,,538,336,200,200,https://compumuebles-sabana-api.cyk.com.co/api/auth/login,14415,0,0
1781509302408,14421,Ingreso Usuario,200,OK,Ingreso-usuarios-muebles 1-132,text,true,,538,336,200,200,https://compumuebles-sabana-api.cyk.com.co/api/auth/login,14421,0,0
1781509302416,14413,Ingreso Usuario,200,OK,Ingreso-usuarios-muebles 1-13,text,true,,538,336,200,200,https://compumuebles-sabana-api.cyk.com.co/api/auth/login,14413,0,0
1781509302433,14401,Ingreso Usuario,200,OK,Ingreso-usuarios-muebles 1-199,text,true,,538,336,200,200,https://compumuebles-sabana-api.cyk.com.co/api/auth/login,14401,0,0
1781509302432,14402,Ingreso Usuario,200,OK,Ingreso-usuarios-muebles 1-64,text,true,,538,336,200,200,https://compumuebles-sabana-api.cyk.com.co/api/auth/login,14402,0,0
1781509302434,14413,Ingreso Usuario,200,OK,Ingreso-usuarios-muebles 1-105,text,true,,538,336,200,200,https://compumuebles-sabana-api.cyk.com.co/api/auth/login,14413,0,0
1781509302441,14408,Ingreso Usuario,200,OK,Ingreso-usuarios-muebles 1-3,text,true,,538,336,200,200,https://compumuebles-sabana-api.cyk.com.co/api/auth/login,14408,0,0
1781509302450,24571,Ingreso Usuario,200,OK,Ingreso-usuarios-muebles 1-191,text,true,,538,336,200,200,https://compumuebles-sabana-api.cyk.com.co/api/auth/login,24571,0,0
1781509302453,24569,Ingreso Usuario,200,OK,Ingreso-usuarios-muebles 1-12,text,true,,538,336,200,200,https://compumuebles-sabana-api.cyk.com.co/api/auth/login,24569,0,0
1781509312779,14243,Ingreso Usuario,200,OK,Ingreso-usuarios-muebles 1-98,text,true,,538,336,200,200,https://compumuebles-sabana-api.cyk.com.co/api/auth/login,14243,0,0
1781509312809,14215,Ingreso Usuario,200,OK,Ingreso-usuarios-muebles 1-83,text,true,,538,336,200,200,https://compumuebles-sabana-api.cyk.com.co/api/auth/login,14215,0,0
1781509312789,14235,Ingreso Usuario,200,OK,Ingreso-usuarios-muebles 1-121,text,true,,538,336,200,200,https://compumuebles-sabana-api.cyk.com.co/api/auth/login,14235,0,0
1781509312792,14233,Ingreso Usuario,200,OK,Ingreso-usuarios-muebles 1-155,text,true,,538,336,200,200,https://compumuebles-sabana-api.cyk.com.co/api/auth/login,14233,0,0
1781509312804,14221,Ingreso Usuario,200,OK,Ingreso-usuarios-muebles 1-47,text,true,,538,336,200,200,https://compumuebles-sabana-api.cyk.com.co/api/auth/login,14221,0,0
1781509312813,14214,Ingreso Usuario,200,OK,Ingreso-usuarios-muebles 1-190,text,true,,538,336,200,200,https://compumuebles-sabana-api.cyk.com.co/api/auth/login,14214,0,0
1781509312822,14210,Ingreso Usuario,200,OK,Ingreso-usuarios-muebles 1-92,text,true,,538,336,200,200,https://compumuebles-sabana-api.cyk.com.co/api/auth/login,14210,0,0
1781509312829,14206,Ingreso Usuario,200,OK,Ingreso-usuarios-muebles 1-187,text,true,,538,336,200,200,https://compumuebles-sabana-api.cyk.com.co/api/auth/login,14206,0,0
1781509312840,14197,Ingreso Usuario,200,OK,Ingreso-usuarios-muebles 1-182,text,true,,538,336,200,200,https://compumuebles-sabana-api.cyk.com.co/api/auth/login,14197,0,0
1781509312851,14189,Ingreso Usuario,200,OK,Ingreso-usuarios-muebles 1-165,text,true,,538,336,200,200,https://compumuebles-sabana-api.cyk.com.co/api/auth/login,14189,0,0
1781509312862,14179,Ingreso Usuario,200,OK,Ingreso-usuarios-muebles 1-152,text,true,,538,336,200,200,https://compumuebles-sabana-api.cyk.com.co/api/auth/login,14179,0,0
1781509312928,14114,Ingreso Usuario,200,OK,Ingreso-usuarios-muebles 1-133,text,true,,538,336,200,200,https://compumuebles-sabana-api.cyk.com.co/api/auth/login,14114,0,0
1781509312928,14114,Ingreso Usuario,200,OK,Ingreso-usuarios-muebles 1-138,text,true,,538,336,200,200,https://compumuebles-sabana-api.cyk.com.co/api/auth/login,14114,0,0
1781509312928,14116,Ingreso Usuario,200,OK,Ingreso-usuarios-muebles 1-125,text,true,,538,336,200,200,https://compumuebles-sabana-api.cyk.com.co/api/auth/login,14116,0,0
1781509312928,14116,Ingreso Usuario,200,OK,Ingreso-usuarios-muebles 1-140,text,true,,538,336,200,200,https://compumuebles-sabana-api.cyk.com.co/api/auth/login,14116,0,0
1781509312945,14102,Ingreso Usuario,200,OK,Ingreso-usuarios-muebles 1-104,text,true,,538,336,200,200,https://compumuebles-sabana-api.cyk.com.co/api/auth/login,14102,0,0
1781509312942,14108,Ingreso Usuario,200,OK,Ingreso-usuarios-muebles 1-123,text,true,,538,336,200,200,https://compumuebles-sabana-api.cyk.com.co/api/auth/login,14108,0,0
1781509312954,14101,Ingreso Usuario,200,OK,Ingreso-usuarios-muebles 1-119,text,true,,538,336,200,200,https://compumuebles-sabana-api.cyk.com.co/api/auth/login,14101,0,0
1781509312969,14087,Ingreso Usuario,200,OK,Ingreso-usuarios-muebles 1-102,text,true,,538,336,200,200,https://compumuebles-sabana-api.cyk.com.co/api/auth/login,14087,0,0
1781509312975,14082,Ingreso Usuario,200,OK,Ingreso-usuarios-muebles 1-103,text,true,,538,336,200,200,https://compumuebles-sabana-api.cyk.com.co/api/auth/login,14082,0,0
1781509312973,14086,Ingreso Usuario,200,OK,Ingreso-usuarios-muebles 1-62,text,true,,538,336,200,200,https://compumuebles-sabana-api.cyk.com.co/api/auth/login,14086,0,0
1781509312995,14065,Ingreso Usuario,200,OK,Ingreso-usuarios-muebles 1-4,text,true,,538,336,200,200,https://compumuebles-sabana-api.cyk.com.co/api/auth/login,14065,0,0
1781509313007,14054,Ingreso Usuario,200,OK,Ingreso-usuarios-muebles 1-179,text,true,,538,336,200,200,https://compumuebles-sabana-api.cyk.com.co/api/auth/login,14054,0,0
1781509312992,14071,Ingreso Usuario,200,OK,Ingreso-usuarios-muebles 1-200,text,true,,538,336,200,200,https://compumuebles-sabana-api.cyk.com.co/api/auth/login,14071,0,0
1781509313031,14035,Ingreso Usuario,200,OK,Ingreso-usuarios-muebles 1-137,text,true,,538,336,200,200,https://compumuebles-sabana-api.cyk.com.co/api/auth/login,14035,0,0
1781509313057,14009,Ingreso Usuario,200,OK,Ingreso-usuarios-muebles 1-162,text,true,,538,336,200,200,https://compumuebles-sabana-api.cyk.com.co/api/auth/login,14009,0,0
1781509313103,13968,Ingreso Usuario,200,OK,Ingreso-usuarios-muebles 1-32,text,true,,538,336,200,200,https://compumuebles-sabana-api.cyk.com.co/api/auth/login,13968,0,0
1781509313132,13941,Ingreso Usuario,200,OK,Ingreso-usuarios-muebles 1-153,text,true,,538,336,200,200,https://compumuebles-sabana-api.cyk.com.co/api/auth/login,13941,0,0
1781509313150,13927,Ingreso Usuario,200,OK,Ingreso-usuarios-muebles 1-161,text,true,,538,336,200,200,https://compumuebles-sabana-api.cyk.com.co/api/auth/login,13927,0,0
1781509313152,13925,Ingreso Usuario,200,OK,Ingreso-usuarios-muebles 1-42,text,true,,538,336,200,200,https://compumuebles-sabana-api.cyk.com.co/api/auth/login,13925,0,0
1781509313170,13908,Ingreso Usuario,200,OK,Ingreso-usuarios-muebles 1-52,text,true,,538,336,200,200,https://compumuebles-sabana-api.cyk.com.co/api/auth/login,13908,0,0
1781509313161,13917,Ingreso Usuario,200,OK,Ingreso-usuarios-muebles 1-88,text,true,,538,336,200,200,https://compumuebles-sabana-api.cyk.com.co/api/auth/login,13917,0,0
1781509313176,13903,Ingreso Usuario,200,OK,Ingreso-usuarios-muebles 1-127,text,true,,538,336,200,200,https://compumuebles-sabana-api.cyk.com.co/api/auth/login,13903,0,0
1781509313202,13879,Ingreso Usuario,200,OK,Ingreso-usuarios-muebles 1-94,text,true,,538,336,200,200,https://compumuebles-sabana-api.cyk.com.co/api/auth/login,13879,0,0
1781509312776,14307,Ingreso Usuario,200,OK,Ingreso-usuarios-muebles 1-76,text,true,,538,336,200,200,https://compumuebles-sabana-api.cyk.com.co/api/auth/login,14307,0,0
1781509312784,14303,Ingreso Usuario,200,OK,Ingreso-usuarios-muebles 1-29,text,true,,538,336,200,200,https://compumuebles-sabana-api.cyk.com.co/api/auth/login,14303,0,0
1781509312790,14302,Ingreso Usuario,200,OK,Ingreso-usuarios-muebles 1-22,text,true,,538,336,200,200,https://compumuebles-sabana-api.cyk.com.co/api/auth/login,14302,0,0
1781509312801,14293,Ingreso Usuario,200,OK,Ingreso-usuarios-muebles 1-189,text,true,,538,336,200,200,https://compumuebles-sabana-api.cyk.com.co/api/auth/login,14293,0,0
1781509312803,14295,Ingreso Usuario,200,OK,Ingreso-usuarios-muebles 1-151,text,true,,538,336,200,200,https://compumuebles-sabana-api.cyk.com.co/api/auth/login,14295,0,0
1781509312821,14277,Ingreso Usuario,200,OK,Ingreso-usuarios-muebles 1-167,text,true,,538,336,200,200,https://compumuebles-sabana-api.cyk.com.co/api/auth/login,14277,0,0
1781509312836,14263,Ingreso Usuario,200,OK,Ingreso-usuarios-muebles 1-36,text,true,,538,336,200,200,https://compumuebles-sabana-api.cyk.com.co/api/auth/login,14263,0,0
1781509312833,14267,Ingreso Usuario,200,OK,Ingreso-usuarios-muebles 1-175,text,true,,538,336,200,200,https://compumuebles-sabana-api.cyk.com.co/api/auth/login,14267,0,0
1781509312842,14259,Ingreso Usuario,200,OK,Ingreso-usuarios-muebles 1-17,text,true,,538,336,200,200,https://compumuebles-sabana-api.cyk.com.co/api/auth/login,14259,0,0
1781509312847,14260,Ingreso Usuario,200,OK,Ingreso-usuarios-muebles 1-67,text,true,,538,336,200,200,https://compumuebles-sabana-api.cyk.com.co/api/auth/login,14260,0,0
1781509312928,14181,Ingreso Usuario,200,OK,Ingreso-usuarios-muebles 1-72,text,true,,538,336,200,200,https://compumuebles-sabana-api.cyk.com.co/api/auth/login,14181,0,0
1781509312928,14194,Ingreso Usuario,200,OK,Ingreso-usuarios-muebles 1-9,text,true,,538,336,200,200,https://compumuebles-sabana-api.cyk.com.co/api/auth/login,14194,0,0
1781509312928,14194,Ingreso Usuario,200,OK,Ingreso-usuarios-muebles 1-141,text,true,,538,336,200,200,https://compumuebles-sabana-api.cyk.com.co/api/auth/login,14194,0,0
1781509312928,14206,Ingreso Usuario,200,OK,Ingreso-usuarios-muebles 1-156,text,true,,538,336,200,200,https://compumuebles-sabana-api.cyk.com.co/api/auth/login,14206,0,0
1781509312931,14203,Ingreso Usuario,200,OK,Ingreso-usuarios-muebles 1-188,text,true,,538,336,200,200,https://compumuebles-sabana-api.cyk.com.co/api/auth/login,14203,0,0
1781509312964,14170,Ingreso Usuario,200,OK,Ingreso-usuarios-muebles 1-51,text,true,,538,336,200,200,https://compumuebles-sabana-api.cyk.com.co/api/auth/login,14170,0,0
1781509312933,14201,Ingreso Usuario,200,OK,Ingreso-usuarios-muebles 1-157,text,true,,538,336,200,200,https://compumuebles-sabana-api.cyk.com.co/api/auth/login,14201,0,0
1781509312968,14166,Ingreso Usuario,200,OK,Ingreso-usuarios-muebles 1-8,text,true,,538,336,200,200,https://compumuebles-sabana-api.cyk.com.co/api/auth/login,14166,0,0
1781509312961,14173,Ingreso Usuario,200,OK,Ingreso-usuarios-muebles 1-114,text,true,,538,336,200,200,https://compumuebles-sabana-api.cyk.com.co/api/auth/login,14173,0,0
1781509312973,14176,Ingreso Usuario,200,OK,Ingreso-usuarios-muebles 1-65,text,true,,538,336,200,200,https://compumuebles-sabana-api.cyk.com.co/api/auth/login,14176,0,0
1781509312987,14162,Ingreso Usuario,200,OK,Ingreso-usuarios-muebles 1-143,text,true,,538,336,200,200,https://compumuebles-sabana-api.cyk.com.co/api/auth/login,14162,0,0
1781509312978,14171,Ingreso Usuario,200,OK,Ingreso-usuarios-muebles 1-49,text,true,,538,336,200,200,https://compumuebles-sabana-api.cyk.com.co/api/auth/login,14171,0,0
1781509313003,14146,Ingreso Usuario,200,OK,Ingreso-usuarios-muebles 1-87,text,true,,538,336,200,200,https://compumuebles-sabana-api.cyk.com.co/api/auth/login,14146,0,0
1781509313021,14128,Ingreso Usuario,200,OK,Ingreso-usuarios-muebles 1-149,text,true,,538,336,200,200,https://compumuebles-sabana-api.cyk.com.co/api/auth/login,14128,0,0
1781509313058,14109,Ingreso Usuario,200,OK,Ingreso-usuarios-muebles 1-89,text,true,,538,336,200,200,https://compumuebles-sabana-api.cyk.com.co/api/auth/login,14109,0,0
1781509313085,14096,Ingreso Usuario,200,OK,Ingreso-usuarios-muebles 1-15,text,true,,538,336,200,200,https://compumuebles-sabana-api.cyk.com.co/api/auth/login,14096,0,0
1781509313148,14033,Ingreso Usuario,200,OK,Ingreso-usuarios-muebles 1-192,text,true,,538,336,200,200,https://compumuebles-sabana-api.cyk.com.co/api/auth/login,14033,0,0
1781509313119,14072,Ingreso Usuario,200,OK,Ingreso-usuarios-muebles 1-106,text,true,,538,336,200,200,https://compumuebles-sabana-api.cyk.com.co/api/auth/login,14072,0,0
1781509313161,14033,Ingreso Usuario,200,OK,Ingreso-usuarios-muebles 1-144,text,true,,538,336,200,200,https://compumuebles-sabana-api.cyk.com.co/api/auth/login,14033,0,0
1781509313152,14042,Ingreso Usuario,200,OK,Ingreso-usuarios-muebles 1-35,text,true,,538,336,200,200,https://compumuebles-sabana-api.cyk.com.co/api/auth/login,14042,0,0
1781509313170,14025,Ingreso Usuario,200,OK,Ingreso-usuarios-muebles 1-124,text,true,,538,336,200,200,https://compumuebles-sabana-api.cyk.com.co/api/auth/login,14025,0,0
1781509313174,14028,Ingreso Usuario,200,OK,Ingreso-usuarios-muebles 1-41,text,true,,538,336,200,200,https://compumuebles-sabana-api.cyk.com.co/api/auth/login,14028,0,0
1781509313176,14027,Ingreso Usuario,200,OK,Ingreso-usuarios-muebles 1-173,text,true,,538,336,200,200,https://compumuebles-sabana-api.cyk.com.co/api/auth/login,14027,0,0
1781509313203,14001,Ingreso Usuario,200,OK,Ingreso-usuarios-muebles 1-148,text,true,,538,336,200,200,https://compumuebles-sabana-api.cyk.com.co/api/auth/login,14001,0,0
1781509313211,13995,Ingreso Usuario,200,OK,Ingreso-usuarios-muebles 1-168,text,true,,538,336,200,200,https://compumuebles-sabana-api.cyk.com.co/api/auth/login,13995,0,0
1781509302451,24757,Ingreso Usuario,200,OK,Ingreso-usuarios-muebles 1-7,text,true,,538,336,200,200,https://compumuebles-sabana-api.cyk.com.co/api/auth/login,24757,0,0
1781509312782,14426,Ingreso Usuario,200,OK,Ingreso-usuarios-muebles 1-112,text,true,,538,336,200,200,https://compumuebles-sabana-api.cyk.com.co/api/auth/login,14426,0,0
1781509312790,14421,Ingreso Usuario,200,OK,Ingreso-usuarios-muebles 1-115,text,true,,538,336,200,200,https://compumuebles-sabana-api.cyk.com.co/api/auth/login,14421,0,0
1781509312792,14422,Ingreso Usuario,200,OK,Ingreso-usuarios-muebles 1-55,text,true,,538,336,200,200,https://compumuebles-sabana-api.cyk.com.co/api/auth/login,14422,0,0
1781509312808,14411,Ingreso Usuario,200,OK,Ingreso-usuarios-muebles 1-60,text,true,,538,336,200,200,https://compumuebles-sabana-api.cyk.com.co/api/auth/login,14411,0,0
1781509312826,14394,Ingreso Usuario,200,OK,Ingreso-usuarios-muebles 1-111,text,true,,538,336,200,200,https://compumuebles-sabana-api.cyk.com.co/api/auth/login,14394,0,0
1781509312807,14414,Ingreso Usuario,200,OK,Ingreso-usuarios-muebles 1-128,text,true,,538,336,200,200,https://compumuebles-sabana-api.cyk.com.co/api/auth/login,14414,0,0
1781509312833,14389,Ingreso Usuario,200,OK,Ingreso-usuarios-muebles 1-20,text,true,,538,336,200,200,https://compumuebles-sabana-api.cyk.com.co/api/auth/login,14389,0,0
1781509312837,14388,Ingreso Usuario,200,OK,Ingreso-usuarios-muebles 1-108,text,true,,538,336,200,200,https://compumuebles-sabana-api.cyk.com.co/api/auth/login,14388,0,0
1781509312829,14398,Ingreso Usuario,200,OK,Ingreso-usuarios-muebles 1-61,text,true,,538,336,200,200,https://compumuebles-sabana-api.cyk.com.co/api/auth/login,14398,0,0
1781509312928,14311,Ingreso Usuario,200,OK,Ingreso-usuarios-muebles 1-50,text,true,,538,336,200,200,https://compumuebles-sabana-api.cyk.com.co/api/auth/login,14311,0,0
1781509312848,14392,Ingreso Usuario,200,OK,Ingreso-usuarios-muebles 1-197,text,true,,538,336,200,200,https://compumuebles-sabana-api.cyk.com.co/api/auth/login,14392,0,0
1781509312928,14313,Ingreso Usuario,200,OK,Ingreso-usuarios-muebles 1-99,text,true,,538,336,200,200,https://compumuebles-sabana-api.cyk.com.co/api/auth/login,14313,0,0
1781509312928,14313,Ingreso Usuario,200,OK,Ingreso-usuarios-muebles 1-33,text,true,,538,336,200,200,https://compumuebles-sabana-api.cyk.com.co/api/auth/login,14313,0,0
1781509312928,14313,Ingreso Usuario,200,OK,Ingreso-usuarios-muebles 1-48,text,true,,538,336,200,200,https://compumuebles-sabana-api.cyk.com.co/api/auth/login,14313,0,0
1781509312938,14303,Ingreso Usuario,200,OK,Ingreso-usuarios-muebles 1-135,text,true,,538,336,200,200,https://compumuebles-sabana-api.cyk.com.co/api/auth/login,14303,0,0
1781509312930,14313,Ingreso Usuario,200,OK,Ingreso-usuarios-muebles 1-11,text,true,,538,336,200,200,https://compumuebles-sabana-api.cyk.com.co/api/auth/login,14313,0,0
1781509312944,14299,Ingreso Usuario,200,OK,Ingreso-usuarios-muebles 1-53,text,true,,538,336,200,200,https://compumuebles-sabana-api.cyk.com.co/api/auth/login,14299,0,0
1781509312953,14291,Ingreso Usuario,200,OK,Ingreso-usuarios-muebles 1-183,text,true,,538,336,200,200,https://compumuebles-sabana-api.cyk.com.co/api/auth/login,14291,0,0
1781509312966,14281,Ingreso Usuario,200,OK,Ingreso-usuarios-muebles 1-93,text,true,,538,336,200,200,https://compumuebles-sabana-api.cyk.com.co/api/auth/login,14281,0,0
1781509312973,14281,Ingreso Usuario,200,OK,Ingreso-usuarios-muebles 1-44,text,true,,538,336,200,200,https://compumuebles-sabana-api.cyk.com.co/api/auth/login,14281,0,0
1781509312980,14274,Ingreso Usuario,200,OK,Ingreso-usuarios-muebles 1-180,text,true,,538,336,200,200,https://compumuebles-sabana-api.cyk.com.co/api/auth/login,14274,0,0
1781509312991,14263,Ingreso Usuario,200,OK,Ingreso-usuarios-muebles 1-160,text,true,,538,336,200,200,https://compumuebles-sabana-api.cyk.com.co/api/auth/login,14263,0,0
1781509313000,14257,Ingreso Usuario,200,OK,Ingreso-usuarios-muebles 1-172,text,true,,538,336,200,200,https://compumuebles-sabana-api.cyk.com.co/api/auth/login,14257,0,0
1781509312998,14260,Ingreso Usuario,200,OK,Ingreso-usuarios-muebles 1-74,text,true,,538,336,200,200,https://compumuebles-sabana-api.cyk.com.co/api/auth/login,14260,0,0
1781509313031,14228,Ingreso Usuario,200,OK,Ingreso-usuarios-muebles 1-71,text,true,,538,336,200,200,https://compumuebles-sabana-api.cyk.com.co/api/auth/login,14228,0,0
1781509313058,14205,Ingreso Usuario,200,OK,Ingreso-usuarios-muebles 1-86,text,true,,538,336,200,200,https://compumuebles-sabana-api.cyk.com.co/api/auth/login,14205,0,0
1781509313105,14158,Ingreso Usuario,200,OK,Ingreso-usuarios-muebles 1-54,text,true,,538,336,200,200,https://compumuebles-sabana-api.cyk.com.co/api/auth/login,14158,0,0
1781509313137,14174,Ingreso Usuario,200,OK,Ingreso-usuarios-muebles 1-78,text,true,,538,336,200,200,https://compumuebles-sabana-api.cyk.com.co/api/auth/login,14174,0,0
1781509313153,14158,Ingreso Usuario,200,OK,Ingreso-usuarios-muebles 1-59,text,true,,538,336,200,200,https://compumuebles-sabana-api.cyk.com.co/api/auth/login,14158,0,0
1781509313159,14153,Ingreso Usuario,200,OK,Ingreso-usuarios-muebles 1-118,text,true,,538,336,200,200,https://compumuebles-sabana-api.cyk.com.co/api/auth/login,14153,0,0
1781509313152,14160,Ingreso Usuario,200,OK,Ingreso-usuarios-muebles 1-69,text,true,,538,336,200,200,https://compumuebles-sabana-api.cyk.com.co/api/auth/login,14160,0,0
1781509313176,14137,Ingreso Usuario,200,OK,Ingreso-usuarios-muebles 1-166,text,true,,538,336,200,200,https://compumuebles-sabana-api.cyk.com.co/api/auth/login,14137,0,0
1781509313174,14144,Ingreso Usuario,200,OK,Ingreso-usuarios-muebles 1-38,text,true,,538,336,200,200,https://compumuebles-sabana-api.cyk.com.co/api/auth/login,14144,0,0
1781509313203,14119,Ingreso Usuario,200,OK,Ingreso-usuarios-muebles 1-184,text,true,,538,336,200,200,https://compumuebles-sabana-api.cyk.com.co/api/auth/login,14119,0,0
1781509313211,14119,Ingreso Usuario,200,OK,Ingreso-usuarios-muebles 1-150,text,true,,538,336,200,200,https://compumuebles-sabana-api.cyk.com.co/api/auth/login,14119,0,0
1781509312777,14562,Ingreso Usuario,200,OK,Ingreso-usuarios-muebles 1-43,text,true,,538,336,200,200,https://compumuebles-sabana-api.cyk.com.co/api/auth/login,14562,0,0
1781509312775,14564,Ingreso Usuario,200,OK,Ingreso-usuarios-muebles 1-107,text,true,,538,336,200,200,https://compumuebles-sabana-api.cyk.com.co/api/auth/login,14564,0,0
1781509313218,14121,Ingreso Usuario,200,OK,Ingreso-usuarios-muebles 1-77,text,true,,538,336,200,200,https://compumuebles-sabana-api.cyk.com.co/api/auth/login,14121,0,0
1781509312801,14538,Ingreso Usuario,200,OK,Ingreso-usuarios-muebles 1-6,text,true,,538,336,200,200,https://compumuebles-sabana-api.cyk.com.co/api/auth/login,14538,0,0
1781509312786,14553,Ingreso Usuario,200,OK,Ingreso-usuarios-muebles 1-63,text,true,,538,336,200,200,https://compumuebles-sabana-api.cyk.com.co/api/auth/login,14553,0,0
1781509312794,14545,Ingreso Usuario,200,OK,Ingreso-usuarios-muebles 1-70,text,true,,538,336,200,200,https://compumuebles-sabana-api.cyk.com.co/api/auth/login,14545,0,0
1781509312802,14537,Ingreso Usuario,200,OK,Ingreso-usuarios-muebles 1-131,text,true,,538,336,200,200,https://compumuebles-sabana-api.cyk.com.co/api/auth/login,14537,0,0
1781509312816,14526,Ingreso Usuario,200,OK,Ingreso-usuarios-muebles 1-85,text,true,,538,336,200,200,https://compumuebles-sabana-api.cyk.com.co/api/auth/login,14526,0,0
1781509312834,14518,Ingreso Usuario,200,OK,Ingreso-usuarios-muebles 1-56,text,true,,538,336,200,200,https://compumuebles-sabana-api.cyk.com.co/api/auth/login,14518,0,0
1781509312816,14536,Ingreso Usuario,200,OK,Ingreso-usuarios-muebles 1-113,text,true,,538,336,200,200,https://compumuebles-sabana-api.cyk.com.co/api/auth/login,14536,0,0
1781509312846,14510,Ingreso Usuario,200,OK,Ingreso-usuarios-muebles 1-109,text,true,,538,336,200,200,https://compumuebles-sabana-api.cyk.com.co/api/auth/login,14510,0,0
1781509312834,14524,Ingreso Usuario,200,OK,Ingreso-usuarios-muebles 1-176,text,true,,538,336,200,200,https://compumuebles-sabana-api.cyk.com.co/api/auth/login,14524,0,0
1781509312852,14508,Ingreso Usuario,200,OK,Ingreso-usuarios-muebles 1-122,text,true,,538,336,200,200,https://compumuebles-sabana-api.cyk.com.co/api/auth/login,14508,0,0
1781509312928,14434,Ingreso Usuario,200,OK,Ingreso-usuarios-muebles 1-196,text,true,,538,336,200,200,https://compumuebles-sabana-api.cyk.com.co/api/auth/login,14434,0,0
1781509312928,14434,Ingreso Usuario,200,OK,Ingreso-usuarios-muebles 1-136,text,true,,538,336,200,200,https://compumuebles-sabana-api.cyk.com.co/api/auth/login,14434,0,0
1781509312928,14434,Ingreso Usuario,200,OK,Ingreso-usuarios-muebles 1-117,text,true,,538,336,200,200,https://compumuebles-sabana-api.cyk.com.co/api/auth/login,14434,0,0
1781509312928,14436,Ingreso Usuario,200,OK,Ingreso-usuarios-muebles 1-126,text,true,,538,336,200,200,https://compumuebles-sabana-api.cyk.com.co/api/auth/login,14436,0,0
1781509312930,14434,Ingreso Usuario,200,OK,Ingreso-usuarios-muebles 1-24,text,true,,538,336,200,200,https://compumuebles-sabana-api.cyk.com.co/api/auth/login,14434,0,0
1781509312939,14428,Ingreso Usuario,200,OK,Ingreso-usuarios-muebles 1-120,text,true,,538,336,200,200,https://compumuebles-sabana-api.cyk.com.co/api/auth/login,14428,0,0
1781509312959,14410,Ingreso Usuario,200,OK,Ingreso-usuarios-muebles 1-185,text,true,,538,336,200,200,https://compumuebles-sabana-api.cyk.com.co/api/auth/login,14410,0,0
1781509312947,14423,Ingreso Usuario,200,OK,Ingreso-usuarios-muebles 1-163,text,true,,538,336,200,200,https://compumuebles-sabana-api.cyk.com.co/api/auth/login,14423,0,0
1781509312961,14413,Ingreso Usuario,200,OK,Ingreso-usuarios-muebles 1-146,text,true,,538,336,200,200,https://compumuebles-sabana-api.cyk.com.co/api/auth/login,14413,0,0
1781509312974,14403,Ingreso Usuario,200,OK,Ingreso-usuarios-muebles 1-147,text,true,,538,336,200,200,https://compumuebles-sabana-api.cyk.com.co/api/auth/login,14403,0,0
1781509312984,14394,Ingreso Usuario,200,OK,Ingreso-usuarios-muebles 1-26,text,true,,538,336,200,200,https://compumuebles-sabana-api.cyk.com.co/api/auth/login,14394,0,0
1781509312990,14389,Ingreso Usuario,200,OK,Ingreso-usuarios-muebles 1-66,text,true,,538,336,200,200,https://compumuebles-sabana-api.cyk.com.co/api/auth/login,14389,0,0
1781509312989,14393,Ingreso Usuario,200,OK,Ingreso-usuarios-muebles 1-27,text,true,,538,336,200,200,https://compumuebles-sabana-api.cyk.com.co/api/auth/login,14393,0,0
1781509313041,14344,Ingreso Usuario,200,OK,Ingreso-usuarios-muebles 1-46,text,true,,538,336,200,200,https://compumuebles-sabana-api.cyk.com.co/api/auth/login,14344,0,0
1781509313057,14332,Ingreso Usuario,200,OK,Ingreso-usuarios-muebles 1-82,text,true,,538,336,200,200,https://compumuebles-sabana-api.cyk.com.co/api/auth/login,14332,0,0
1781509313101,14290,Ingreso Usuario,200,OK,Ingreso-usuarios-muebles 1-39,text,true,,538,336,200,200,https://compumuebles-sabana-api.cyk.com.co/api/auth/login,14290,0,0
1781509312794,14609,Ingreso Usuario,200,OK,Ingreso-usuarios-muebles 1-68,text,true,,538,336,200,200,https://compumuebles-sabana-api.cyk.com.co/api/auth/login,14609,0,0
1781509313132,14283,Ingreso Usuario,200,OK,Ingreso-usuarios-muebles 1-101,text,true,,538,336,200,200,https://compumuebles-sabana-api.cyk.com.co/api/auth/login,14283,0,0
1781509313148,14269,Ingreso Usuario,200,OK,Ingreso-usuarios-muebles 1-158,text,true,,538,336,200,200,https://compumuebles-sabana-api.cyk.com.co/api/auth/login,14269,0,0
1781509313152,14266,Ingreso Usuario,200,OK,Ingreso-usuarios-muebles 1-58,text,true,,538,336,200,200,https://compumuebles-sabana-api.cyk.com.co/api/auth/login,14266,0,0
1781509313168,14266,Ingreso Usuario,200,OK,Ingreso-usuarios-muebles 1-95,text,true,,538,336,200,200,https://compumuebles-sabana-api.cyk.com.co/api/auth/login,14266,0,0
1781509313202,14232,Ingreso Usuario,200,OK,Ingreso-usuarios-muebles 1-79,text,true,,538,336,200,200,https://compumuebles-sabana-api.cyk.com.co/api/auth/login,14232,0,0
1781509313209,14225,Ingreso Usuario,200,OK,Ingreso-usuarios-muebles 1-170,text,true,,538,336,200,200,https://compumuebles-sabana-api.cyk.com.co/api/auth/login,14225,0,0
1781509313152,14282,Ingreso Usuario,200,OK,Ingreso-usuarios-muebles 1-100,text,true,,538,336,200,200,https://compumuebles-sabana-api.cyk.com.co/api/auth/login,14282,0,0
1781509313175,14259,Ingreso Usuario,200,OK,Ingreso-usuarios-muebles 1-142,text,true,,538,336,200,200,https://compumuebles-sabana-api.cyk.com.co/api/auth/login,14259,0,0
1781509313205,14229,Ingreso Usuario,200,OK,Ingreso-usuarios-muebles 1-169,text,true,,538,336,200,200,https://compumuebles-sabana-api.cyk.com.co/api/auth/login,14229,0,0
1781509313219,17649,Ingreso Usuario,200,OK,Ingreso-usuarios-muebles 1-37,text,true,,538,336,200,200,https://compumuebles-sabana-api.cyk.com.co/api/auth/login,17649,0,0
1781509316708,14162,Ingreso Usuario,200,OK,Ingreso-usuarios-muebles 1-164,text,true,,538,336,200,200,https://compumuebles-sabana-api.cyk.com.co/api/auth/login,14162,0,0
1781509316723,14147,Ingreso Usuario,200,OK,Ingreso-usuarios-muebles 1-194,text,true,,538,336,200,200,https://compumuebles-sabana-api.cyk.com.co/api/auth/login,14147,0,0
1781509316714,14160,Ingreso Usuario,200,OK,Ingreso-usuarios-muebles 1-30,text,true,,538,336,200,200,https://compumuebles-sabana-api.cyk.com.co/api/auth/login,14160,0,0
1781509316729,14152,Ingreso Usuario,200,OK,Ingreso-usuarios-muebles 1-154,text,true,,538,336,200,200,https://compumuebles-sabana-api.cyk.com.co/api/auth/login,14152,0,0
1781509316752,14131,Ingreso Usuario,200,OK,Ingreso-usuarios-muebles 1-2,text,true,,538,336,200,200,https://compumuebles-sabana-api.cyk.com.co/api/auth/login,14131,0,0
1781509316737,14146,Ingreso Usuario,200,OK,Ingreso-usuarios-muebles 1-159,text,true,,538,336,200,200,https://compumuebles-sabana-api.cyk.com.co/api/auth/login,14146,0,0
1781509316765,14118,Ingreso Usuario,200,OK,Ingreso-usuarios-muebles 1-91,text,true,,538,336,200,200,https://compumuebles-sabana-api.cyk.com.co/api/auth/login,14118,0,0
1781509316774,14109,Ingreso Usuario,200,OK,Ingreso-usuarios-muebles 1-16,text,true,,538,336,200,200,https://compumuebles-sabana-api.cyk.com.co/api/auth/login,14109,0,0
1781509316781,14103,Ingreso Usuario,200,OK,Ingreso-usuarios-muebles 1-45,text,true,,538,336,200,200,https://compumuebles-sabana-api.cyk.com.co/api/auth/login,14103,0,0
1781509316787,14097,Ingreso Usuario,200,OK,Ingreso-usuarios-muebles 1-80,text,true,,538,336,200,200,https://compumuebles-sabana-api.cyk.com.co/api/auth/login,14097,0,0
1781509313218,17668,Ingreso Usuario,200,OK,Ingreso-usuarios-muebles 1-96,text,true,,538,336,200,200,https://compumuebles-sabana-api.cyk.com.co/api/auth/login,17668,0,0
1781509316704,14185,Ingreso Usuario,200,OK,Ingreso-usuarios-muebles 1-195,text,true,,538,336,200,200,https://compumuebles-sabana-api.cyk.com.co/api/auth/login,14185,0,0
1781509316712,14177,Ingreso Usuario,200,OK,Ingreso-usuarios-muebles 1-14,text,true,,538,336,200,200,https://compumuebles-sabana-api.cyk.com.co/api/auth/login,14177,0,0
1781509316725,14165,Ingreso Usuario,200,OK,Ingreso-usuarios-muebles 1-110,text,true,,538,336,200,200,https://compumuebles-sabana-api.cyk.com.co/api/auth/login,14165,0,0
1781509316716,14181,Ingreso Usuario,200,OK,Ingreso-usuarios-muebles 1-81,text,true,,538,336,200,200,https://compumuebles-sabana-api.cyk.com.co/api/auth/login,14181,0,0
1781509316751,14147,Ingreso Usuario,200,OK,Ingreso-usuarios-muebles 1-130,text,true,,538,336,200,200,https://compumuebles-sabana-api.cyk.com.co/api/auth/login,14147,0,0
1781509316739,14159,Ingreso Usuario,200,OK,Ingreso-usuarios-muebles 1-21,text,true,,538,336,200,200,https://compumuebles-sabana-api.cyk.com.co/api/auth/login,14159,0,0
1781509316755,14144,Ingreso Usuario,200,OK,Ingreso-usuarios-muebles 1-177,text,true,,538,336,200,200,https://compumuebles-sabana-api.cyk.com.co/api/auth/login,14144,0,0
1781509316764,14136,Ingreso Usuario,200,OK,Ingreso-usuarios-muebles 1-1,text,true,,538,336,200,200,https://compumuebles-sabana-api.cyk.com.co/api/auth/login,14136,0,0
1781509316773,14131,Ingreso Usuario,200,OK,Ingreso-usuarios-muebles 1-25,text,true,,538,336,200,200,https://compumuebles-sabana-api.cyk.com.co/api/auth/login,14131,0,0
1781509316787,14117,Ingreso Usuario,200,OK,Ingreso-usuarios-muebles 1-129,text,true,,538,336,200,200,https://compumuebles-sabana-api.cyk.com.co/api/auth/login,14117,0,0
1781509313228,17676,Ingreso Usuario,200,OK,Ingreso-usuarios-muebles 1-5,text,true,,538,336,200,200,https://compumuebles-sabana-api.cyk.com.co/api/auth/login,17676,0,0
1781509316815,14091,Ingreso Usuario,200,OK,Ingreso-usuarios-muebles 1-97,text,true,,538,336,200,200,https://compumuebles-sabana-api.cyk.com.co/api/auth/login,14091,0,0
1781509316721,14185,Ingreso Usuario,200,OK,Ingreso-usuarios-muebles 1-181,text,true,,538,336,200,200,https://compumuebles-sabana-api.cyk.com.co/api/auth/login,14185,0,0
1781509316718,14189,Ingreso Usuario,200,OK,Ingreso-usuarios-muebles 1-178,text,true,,538,336,200,200,https://compumuebles-sabana-api.cyk.com.co/api/auth/login,14189,0,0
1781509316732,14177,Ingreso Usuario,200,OK,Ingreso-usuarios-muebles 1-73,text,true,,538,336,200,200,https://compumuebles-sabana-api.cyk.com.co/api/auth/login,14177,0,0
1781509316735,14174,Ingreso Usuario,200,OK,Ingreso-usuarios-muebles 1-171,text,true,,538,336,200,200,https://compumuebles-sabana-api.cyk.com.co/api/auth/login,14174,0,0
1781509316746,14165,Ingreso Usuario,200,OK,Ingreso-usuarios-muebles 1-116,text,true,,538,336,200,200,https://compumuebles-sabana-api.cyk.com.co/api/auth/login,14165,0,0
1781509316758,14157,Ingreso Usuario,200,OK,Ingreso-usuarios-muebles 1-174,text,true,,538,336,200,200,https://compumuebles-sabana-api.cyk.com.co/api/auth/login,14157,0,0
1781509316762,14155,Ingreso Usuario,200,OK,Ingreso-usuarios-muebles 1-75,text,true,,538,336,200,200,https://compumuebles-sabana-api.cyk.com.co/api/auth/login,14155,0,0
1781509316778,14141,Ingreso Usuario,200,OK,Ingreso-usuarios-muebles 1-28,text,true,,538,336,200,200,https://compumuebles-sabana-api.cyk.com.co/api/auth/login,14141,0,0
1781509316777,14145,Ingreso Usuario,200,OK,Ingreso-usuarios-muebles 1-19,text,true,,538,336,200,200,https://compumuebles-sabana-api.cyk.com.co/api/auth/login,14145,0,0
1781509316815,14108,Ingreso Usuario,200,OK,Ingreso-usuarios-muebles 1-40,text,true,,538,336,200,200,https://compumuebles-sabana-api.cyk.com.co/api/auth/login,14108,0,0
1781509316709,14217,Ingreso Usuario,200,OK,Ingreso-usuarios-muebles 1-193,text,true,,538,336,200,200,https://compumuebles-sabana-api.cyk.com.co/api/auth/login,14217,0,0
1781509316719,14208,Ingreso Usuario,200,OK,Ingreso-usuarios-muebles 1-57,text,true,,538,336,200,200,https://compumuebles-sabana-api.cyk.com.co/api/auth/login,14208,0,0
1781509316715,14214,Ingreso Usuario,200,OK,Ingreso-usuarios-muebles 1-34,text,true,,538,336,200,200,https://compumuebles-sabana-api.cyk.com.co/api/auth/login,14214,0,0
1781509316735,14197,Ingreso Usuario,200,OK,Ingreso-usuarios-muebles 1-139,text,true,,538,336,200,200,https://compumuebles-sabana-api.cyk.com.co/api/auth/login,14197,0,0
1781509316737,14198,Ingreso Usuario,200,OK,Ingreso-usuarios-muebles 1-134,text,true,,538,336,200,200,https://compumuebles-sabana-api.cyk.com.co/api/auth/login,14198,0,0
1781509316759,14179,Ingreso Usuario,200,OK,Ingreso-usuarios-muebles 1-10,text,true,,538,336,200,200,https://compumuebles-sabana-api.cyk.com.co/api/auth/login,14179,0,0
1781509316751,14187,Ingreso Usuario,200,OK,Ingreso-usuarios-muebles 1-31,text,true,,538,336,200,200,https://compumuebles-sabana-api.cyk.com.co/api/auth/login,14187,0,0
1781509316774,14166,Ingreso Usuario,200,OK,Ingreso-usuarios-muebles 1-18,text,true,,538,336,200,200,https://compumuebles-sabana-api.cyk.com.co/api/auth/login,14166,0,0
1781509316777,14165,Ingreso Usuario,200,OK,Ingreso-usuarios-muebles 1-84,text,true,,538,336,200,200,https://compumuebles-sabana-api.cyk.com.co/api/auth/login,14165,0,0
1781509316786,14158,Ingreso Usuario,200,OK,Ingreso-usuarios-muebles 1-198,text,true,,538,336,200,200,https://compumuebles-sabana-api.cyk.com.co/api/auth/login,14158,0,0
1781509316793,14155,Ingreso Usuario,200,OK,Ingreso-usuarios-muebles 1-90,text,true,,538,336,200,200,https://compumuebles-sabana-api.cyk.com.co/api/auth/login,14155,0,0
1781509316791,14159,Ingreso Usuario,200,OK,Ingreso-usuarios-muebles 1-145,text,true,,538,336,200,200,https://compumuebles-sabana-api.cyk.com.co/api/auth/login,14159,0,0
1781509316819,24428,Ingreso Usuario,200,OK,Ingreso-usuarios-muebles 1-23,text,true,,538,336,200,200,https://compumuebles-sabana-api.cyk.com.co/api/auth/login,24428,0,0
1781509316834,24413,Ingreso Usuario,200,OK,Ingreso-usuarios-muebles 1-64,text,true,,538,336,200,200,https://compumuebles-sabana-api.cyk.com.co/api/auth/login,24413,0,0
1781509327025,14232,Ingreso Usuario,200,OK,Ingreso-usuarios-muebles 1-121,text,true,,538,336,200,200,https://compumuebles-sabana-api.cyk.com.co/api/auth/login,14232,0,0
1781509327034,14225,Ingreso Usuario,200,OK,Ingreso-usuarios-muebles 1-92,text,true,,538,336,200,200,https://compumuebles-sabana-api.cyk.com.co/api/auth/login,14225,0,0
1781509327045,14218,Ingreso Usuario,200,OK,Ingreso-usuarios-muebles 1-125,text,true,,538,336,200,200,https://compumuebles-sabana-api.cyk.com.co/api/auth/login,14218,0,0
1781509327044,14221,Ingreso Usuario,200,OK,Ingreso-usuarios-muebles 1-138,text,true,,538,336,200,200,https://compumuebles-sabana-api.cyk.com.co/api/auth/login,14221,0,0
1781509327056,14213,Ingreso Usuario,200,OK,Ingreso-usuarios-muebles 1-119,text,true,,538,336,200,200,https://compumuebles-sabana-api.cyk.com.co/api/auth/login,14213,0,0
1781509327064,14206,Ingreso Usuario,200,OK,Ingreso-usuarios-muebles 1-200,text,true,,538,336,200,200,https://compumuebles-sabana-api.cyk.com.co/api/auth/login,14206,0,0
1781509327074,14200,Ingreso Usuario,200,OK,Ingreso-usuarios-muebles 1-153,text,true,,538,336,200,200,https://compumuebles-sabana-api.cyk.com.co/api/auth/login,14200,0,0
1781509327079,14198,Ingreso Usuario,200,OK,Ingreso-usuarios-muebles 1-88,text,true,,538,336,200,200,https://compumuebles-sabana-api.cyk.com.co/api/auth/login,14198,0,0
1781509327088,14191,Ingreso Usuario,200,OK,Ingreso-usuarios-muebles 1-29,text,true,,538,336,200,200,https://compumuebles-sabana-api.cyk.com.co/api/auth/login,14191,0,0
1781509327099,14180,Ingreso Usuario,200,OK,Ingreso-usuarios-muebles 1-151,text,true,,538,336,200,200,https://compumuebles-sabana-api.cyk.com.co/api/auth/login,14180,0,0
1781509327110,14173,Ingreso Usuario,200,OK,Ingreso-usuarios-muebles 1-72,text,true,,538,336,200,200,https://compumuebles-sabana-api.cyk.com.co/api/auth/login,14173,0,0
1781509327181,14102,Ingreso Usuario,200,OK,Ingreso-usuarios-muebles 1-89,text,true,,538,336,200,200,https://compumuebles-sabana-api.cyk.com.co/api/auth/login,14102,0,0
1781509327182,14102,Ingreso Usuario,200,OK,Ingreso-usuarios-muebles 1-192,text,true,,538,336,200,200,https://compumuebles-sabana-api.cyk.com.co/api/auth/login,14102,0,0
1781509327182,14103,Ingreso Usuario,200,OK,Ingreso-usuarios-muebles 1-188,text,true,,538,336,200,200,https://compumuebles-sabana-api.cyk.com.co/api/auth/login,14103,0,0
1781509327196,14092,Ingreso Usuario,200,OK,Ingreso-usuarios-muebles 1-124,text,true,,538,336,200,200,https://compumuebles-sabana-api.cyk.com.co/api/auth/login,14092,0,0
1781509327204,14085,Ingreso Usuario,200,OK,Ingreso-usuarios-muebles 1-173,text,true,,538,336,200,200,https://compumuebles-sabana-api.cyk.com.co/api/auth/login,14085,0,0
1781509327212,14078,Ingreso Usuario,200,OK,Ingreso-usuarios-muebles 1-115,text,true,,538,336,200,200,https://compumuebles-sabana-api.cyk.com.co/api/auth/login,14078,0,0
1781509327220,14076,Ingreso Usuario,200,OK,Ingreso-usuarios-muebles 1-60,text,true,,538,336,200,200,https://compumuebles-sabana-api.cyk.com.co/api/auth/login,14076,0,0
1781509327242,14058,Ingreso Usuario,200,OK,Ingreso-usuarios-muebles 1-99,text,true,,538,336,200,200,https://compumuebles-sabana-api.cyk.com.co/api/auth/login,14058,0,0
1781509327244,14057,Ingreso Usuario,200,OK,Ingreso-usuarios-muebles 1-53,text,true,,538,336,200,200,https://compumuebles-sabana-api.cyk.com.co/api/auth/login,14057,0,0
1781509327023,14278,Ingreso Usuario,200,OK,Ingreso-usuarios-muebles 1-12,text,true,,538,336,200,200,https://compumuebles-sabana-api.cyk.com.co/api/auth/login,14278,0,233
1781509327258,14044,Ingreso Usuario,200,OK,Ingreso-usuarios-muebles 1-172,text,true,,538,336,200,200,https://compumuebles-sabana-api.cyk.com.co/api/auth/login,14044,0,0
1781509327264,14040,Ingreso Usuario,200,OK,Ingreso-usuarios-muebles 1-86,text,true,,538,336,200,200,https://compumuebles-sabana-api.cyk.com.co/api/auth/login,14040,0,0
1781509327312,13992,Ingreso Usuario,200,OK,Ingreso-usuarios-muebles 1-78,text,true,,538,336,200,200,https://compumuebles-sabana-api.cyk.com.co/api/auth/login,13992,0,0
1781509327340,13966,Ingreso Usuario,200,OK,Ingreso-usuarios-muebles 1-63,text,true,,538,336,200,200,https://compumuebles-sabana-api.cyk.com.co/api/auth/login,13966,0,0
1781509327340,13966,Ingreso Usuario,200,OK,Ingreso-usuarios-muebles 1-77,text,true,,538,336,200,200,https://compumuebles-sabana-api.cyk.com.co/api/auth/login,13966,0,0
1781509327182,14127,Ingreso Usuario,200,OK,Ingreso-usuarios-muebles 1-15,text,true,,538,336,200,200,https://compumuebles-sabana-api.cyk.com.co/api/auth/login,14127,0,169
1781509327365,13944,Ingreso Usuario,200,OK,Ingreso-usuarios-muebles 1-126,text,true,,538,336,200,200,https://compumuebles-sabana-api.cyk.com.co/api/auth/login,13944,0,0
1781509327363,13949,Ingreso Usuario,200,OK,Ingreso-usuarios-muebles 1-136,text,true,,538,336,200,200,https://compumuebles-sabana-api.cyk.com.co/api/auth/login,13949,0,0
1781509327370,13944,Ingreso Usuario,200,OK,Ingreso-usuarios-muebles 1-185,text,true,,538,336,200,200,https://compumuebles-sabana-api.cyk.com.co/api/auth/login,13944,0,0
1781509327380,13934,Ingreso Usuario,200,OK,Ingreso-usuarios-muebles 1-66,text,true,,538,336,200,200,https://compumuebles-sabana-api.cyk.com.co/api/auth/login,13934,0,0
1781509327383,13986,Ingreso Usuario,200,OK,Ingreso-usuarios-muebles 1-27,text,true,,538,336,200,200,https://compumuebles-sabana-api.cyk.com.co/api/auth/login,13986,0,0
1781509327416,13954,Ingreso Usuario,200,OK,Ingreso-usuarios-muebles 1-101,text,true,,538,336,200,200,https://compumuebles-sabana-api.cyk.com.co/api/auth/login,13954,0,0
1781509327419,13951,Ingreso Usuario,200,OK,Ingreso-usuarios-muebles 1-58,text,true,,538,336,200,200,https://compumuebles-sabana-api.cyk.com.co/api/auth/login,13951,0,0
1781509327025,14345,Ingreso Usuario,200,OK,Ingreso-usuarios-muebles 1-83,text,true,,538,336,200,200,https://compumuebles-sabana-api.cyk.com.co/api/auth/login,14345,0,0
1781509316834,24535,Ingreso Usuario,200,OK,Ingreso-usuarios-muebles 1-199,text,true,,538,336,200,200,https://compumuebles-sabana-api.cyk.com.co/api/auth/login,24535,0,0
1781509327045,14325,Ingreso Usuario,200,OK,Ingreso-usuarios-muebles 1-140,text,true,,538,336,200,200,https://compumuebles-sabana-api.cyk.com.co/api/auth/login,14325,0,0
1781509327038,14332,Ingreso Usuario,200,OK,Ingreso-usuarios-muebles 1-182,text,true,,538,336,200,200,https://compumuebles-sabana-api.cyk.com.co/api/auth/login,14332,0,0
1781509316829,24541,Ingreso Usuario,200,OK,Ingreso-usuarios-muebles 1-132,text,true,,538,336,200,200,https://compumuebles-sabana-api.cyk.com.co/api/auth/login,24541,0,0
1781509327052,14319,Ingreso Usuario,200,OK,Ingreso-usuarios-muebles 1-123,text,true,,538,336,200,200,https://compumuebles-sabana-api.cyk.com.co/api/auth/login,14319,0,0
1781509327057,14316,Ingreso Usuario,200,OK,Ingreso-usuarios-muebles 1-102,text,true,,538,336,200,200,https://compumuebles-sabana-api.cyk.com.co/api/auth/login,14316,0,0
1781509327067,14306,Ingreso Usuario,200,OK,Ingreso-usuarios-muebles 1-162,text,true,,538,336,200,200,https://compumuebles-sabana-api.cyk.com.co/api/auth/login,14306,0,0
1781509327072,14302,Ingreso Usuario,200,OK,Ingreso-usuarios-muebles 1-32,text,true,,538,336,200,200,https://compumuebles-sabana-api.cyk.com.co/api/auth/login,14302,0,0
1781509327079,14295,Ingreso Usuario,200,OK,Ingreso-usuarios-muebles 1-42,text,true,,538,336,200,200,https://compumuebles-sabana-api.cyk.com.co/api/auth/login,14295,0,0
1781509327095,14301,Ingreso Usuario,200,OK,Ingreso-usuarios-muebles 1-189,text,true,,538,336,200,200,https://compumuebles-sabana-api.cyk.com.co/api/auth/login,14301,0,0
1781509327101,14295,Ingreso Usuario,200,OK,Ingreso-usuarios-muebles 1-175,text,true,,538,336,200,200,https://compumuebles-sabana-api.cyk.com.co/api/auth/login,14295,0,0
1781509327181,14215,Ingreso Usuario,200,OK,Ingreso-usuarios-muebles 1-149,text,true,,538,336,200,200,https://compumuebles-sabana-api.cyk.com.co/api/auth/login,14215,0,0
1781509327182,14215,Ingreso Usuario,200,OK,Ingreso-usuarios-muebles 1-157,text,true,,538,336,200,200,https://compumuebles-sabana-api.cyk.com.co/api/auth/login,14215,0,0
1781509327182,14219,Ingreso Usuario,200,OK,Ingreso-usuarios-muebles 1-65,text,true,,538,336,200,200,https://compumuebles-sabana-api.cyk.com.co/api/auth/login,14219,0,0
1781509327182,14226,Ingreso Usuario,200,OK,Ingreso-usuarios-muebles 1-9,text,true,,538,336,200,200,https://compumuebles-sabana-api.cyk.com.co/api/auth/login,14226,0,0
1781509327195,14214,Ingreso Usuario,200,OK,Ingreso-usuarios-muebles 1-35,text,true,,538,336,200,200,https://compumuebles-sabana-api.cyk.com.co/api/auth/login,14214,0,0
1781509327203,14206,Ingreso Usuario,200,OK,Ingreso-usuarios-muebles 1-41,text,true,,538,336,200,200,https://compumuebles-sabana-api.cyk.com.co/api/auth/login,14206,0,0
1781509327222,14203,Ingreso Usuario,200,OK,Ingreso-usuarios-muebles 1-128,text,true,,538,336,200,200,https://compumuebles-sabana-api.cyk.com.co/api/auth/login,14203,0,0
1781509327229,14197,Ingreso Usuario,200,OK,Ingreso-usuarios-muebles 1-61,text,true,,538,336,200,200,https://compumuebles-sabana-api.cyk.com.co/api/auth/login,14197,0,0
1781509327244,14184,Ingreso Usuario,200,OK,Ingreso-usuarios-muebles 1-11,text,true,,538,336,200,200,https://compumuebles-sabana-api.cyk.com.co/api/auth/login,14184,0,0
1781509327245,14184,Ingreso Usuario,200,OK,Ingreso-usuarios-muebles 1-183,text,true,,538,336,200,200,https://compumuebles-sabana-api.cyk.com.co/api/auth/login,14184,0,0
1781509327255,14177,Ingreso Usuario,200,OK,Ingreso-usuarios-muebles 1-160,text,true,,538,336,200,200,https://compumuebles-sabana-api.cyk.com.co/api/auth/login,14177,0,0
1781509327255,14205,Ingreso Usuario,200,OK,Ingreso-usuarios-muebles 1-44,text,true,,538,336,200,200,https://compumuebles-sabana-api.cyk.com.co/api/auth/login,14205,0,0
1781509327102,14365,Ingreso Usuario,200,OK,Ingreso-usuarios-muebles 1-17,text,true,,538,336,200,200,https://compumuebles-sabana-api.cyk.com.co/api/auth/login,14365,0,186
1781509327331,14138,Ingreso Usuario,200,OK,Ingreso-usuarios-muebles 1-150,text,true,,538,336,200,200,https://compumuebles-sabana-api.cyk.com.co/api/auth/login,14138,0,0
1781509327313,14168,Ingreso Usuario,200,OK,Ingreso-usuarios-muebles 1-69,text,true,,538,336,200,200,https://compumuebles-sabana-api.cyk.com.co/api/auth/login,14168,0,0
1781509327340,14147,Ingreso Usuario,200,OK,Ingreso-usuarios-muebles 1-131,text,true,,538,336,200,200,https://compumuebles-sabana-api.cyk.com.co/api/auth/login,14147,0,0
1781509327353,14134,Ingreso Usuario,200,OK,Ingreso-usuarios-muebles 1-56,text,true,,538,336,200,200,https://compumuebles-sabana-api.cyk.com.co/api/auth/login,14134,0,0
1781509327363,14125,Ingreso Usuario,200,OK,Ingreso-usuarios-muebles 1-196,text,true,,538,336,200,200,https://compumuebles-sabana-api.cyk.com.co/api/auth/login,14125,0,0
1781509327361,14128,Ingreso Usuario,200,OK,Ingreso-usuarios-muebles 1-122,text,true,,538,336,200,200,https://compumuebles-sabana-api.cyk.com.co/api/auth/login,14128,0,0
1781509327371,14122,Ingreso Usuario,200,OK,Ingreso-usuarios-muebles 1-163,text,true,,538,336,200,200,https://compumuebles-sabana-api.cyk.com.co/api/auth/login,14122,0,0
1781509327223,14270,Ingreso Usuario,200,OK,Ingreso-usuarios-muebles 1-20,text,true,,538,336,200,200,https://compumuebles-sabana-api.cyk.com.co/api/auth/login,14270,0,161
1781509327386,14110,Ingreso Usuario,200,OK,Ingreso-usuarios-muebles 1-46,text,true,,538,336,200,200,https://compumuebles-sabana-api.cyk.com.co/api/auth/login,14110,0,0
1781509327404,14094,Ingreso Usuario,200,OK,Ingreso-usuarios-muebles 1-68,text,true,,538,336,200,200,https://compumuebles-sabana-api.cyk.com.co/api/auth/login,14094,0,0
1781509327435,14072,Ingreso Usuario,200,OK,Ingreso-usuarios-muebles 1-95,text,true,,538,336,200,200,https://compumuebles-sabana-api.cyk.com.co/api/auth/login,14072,0,0
1781509327435,14074,Ingreso Usuario,200,OK,Ingreso-usuarios-muebles 1-100,text,true,,538,336,200,200,https://compumuebles-sabana-api.cyk.com.co/api/auth/login,14074,0,0
1781509316817,24691,Ingreso Usuario,200,OK,Ingreso-usuarios-muebles 1-186,text,true,,538,336,200,200,https://compumuebles-sabana-api.cyk.com.co/api/auth/login,24691,0,0
1781509316847,24685,Ingreso Usuario,200,OK,Ingreso-usuarios-muebles 1-105,text,true,,538,336,200,200,https://compumuebles-sabana-api.cyk.com.co/api/auth/login,24685,0,0
1781509327043,14494,Ingreso Usuario,200,OK,Ingreso-usuarios-muebles 1-133,text,true,,538,336,200,200,https://compumuebles-sabana-api.cyk.com.co/api/auth/login,14494,0,0
1781509327036,14501,Ingreso Usuario,200,OK,Ingreso-usuarios-muebles 1-187,text,true,,538,336,200,200,https://compumuebles-sabana-api.cyk.com.co/api/auth/login,14501,0,0
1781509327042,14495,Ingreso Usuario,200,OK,Ingreso-usuarios-muebles 1-152,text,true,,538,336,200,200,https://compumuebles-sabana-api.cyk.com.co/api/auth/login,14495,0,0
1781509327026,14511,Ingreso Usuario,200,OK,Ingreso-usuarios-muebles 1-155,text,true,,538,336,200,200,https://compumuebles-sabana-api.cyk.com.co/api/auth/login,14511,0,0
1781509327024,14513,Ingreso Usuario,200,OK,Ingreso-usuarios-muebles 1-98,text,true,,538,336,200,200,https://compumuebles-sabana-api.cyk.com.co/api/auth/login,14513,0,0
1781509327061,14476,Ingreso Usuario,200,OK,Ingreso-usuarios-muebles 1-4,text,true,,538,336,200,200,https://compumuebles-sabana-api.cyk.com.co/api/auth/login,14476,0,0
1781509327078,14459,Ingreso Usuario,200,OK,Ingreso-usuarios-muebles 1-161,text,true,,538,336,200,200,https://compumuebles-sabana-api.cyk.com.co/api/auth/login,14459,0,0
1781509327062,14475,Ingreso Usuario,200,OK,Ingreso-usuarios-muebles 1-179,text,true,,538,336,200,200,https://compumuebles-sabana-api.cyk.com.co/api/auth/login,14475,0,0
1781509327079,14470,Ingreso Usuario,200,OK,Ingreso-usuarios-muebles 1-52,text,true,,538,336,200,200,https://compumuebles-sabana-api.cyk.com.co/api/auth/login,14470,0,0
1781509327099,14450,Ingreso Usuario,200,OK,Ingreso-usuarios-muebles 1-167,text,true,,538,336,200,200,https://compumuebles-sabana-api.cyk.com.co/api/auth/login,14450,0,0
1781509327100,14453,Ingreso Usuario,200,OK,Ingreso-usuarios-muebles 1-36,text,true,,538,336,200,200,https://compumuebles-sabana-api.cyk.com.co/api/auth/login,14453,0,0
1781509327182,14377,Ingreso Usuario,200,OK,Ingreso-usuarios-muebles 1-143,text,true,,538,336,200,200,https://compumuebles-sabana-api.cyk.com.co/api/auth/login,14377,0,0
1781509327182,14382,Ingreso Usuario,200,OK,Ingreso-usuarios-muebles 1-87,text,true,,538,336,200,200,https://compumuebles-sabana-api.cyk.com.co/api/auth/login,14382,0,0
1781509327182,14402,Ingreso Usuario,200,OK,Ingreso-usuarios-muebles 1-49,text,true,,538,336,200,200,https://compumuebles-sabana-api.cyk.com.co/api/auth/login,14402,0,0
1781509327195,14393,Ingreso Usuario,200,OK,Ingreso-usuarios-muebles 1-144,text,true,,538,336,200,200,https://compumuebles-sabana-api.cyk.com.co/api/auth/login,14393,0,0
1781509327226,14364,Ingreso Usuario,200,OK,Ingreso-usuarios-muebles 1-108,text,true,,538,336,200,200,https://compumuebles-sabana-api.cyk.com.co/api/auth/login,14364,0,0
1781509327205,14385,Ingreso Usuario,200,OK,Ingreso-usuarios-muebles 1-148,text,true,,538,336,200,200,https://compumuebles-sabana-api.cyk.com.co/api/auth/login,14385,0,0
1781509327207,14383,Ingreso Usuario,200,OK,Ingreso-usuarios-muebles 1-168,text,true,,538,336,200,200,https://compumuebles-sabana-api.cyk.com.co/api/auth/login,14383,0,0
1781509327240,14350,Ingreso Usuario,200,OK,Ingreso-usuarios-muebles 1-50,text,true,,538,336,200,200,https://compumuebles-sabana-api.cyk.com.co/api/auth/login,14350,0,0
1781509327242,14348,Ingreso Usuario,200,OK,Ingreso-usuarios-muebles 1-135,text,true,,538,336,200,200,https://compumuebles-sabana-api.cyk.com.co/api/auth/login,14348,0,0
1781509327248,14347,Ingreso Usuario,200,OK,Ingreso-usuarios-muebles 1-93,text,true,,538,336,200,200,https://compumuebles-sabana-api.cyk.com.co/api/auth/login,14347,0,0
1781509327313,14315,Ingreso Usuario,200,OK,Ingreso-usuarios-muebles 1-118,text,true,,538,336,200,200,https://compumuebles-sabana-api.cyk.com.co/api/auth/login,14315,0,0
1781509327260,14368,Ingreso Usuario,200,OK,Ingreso-usuarios-muebles 1-71,text,true,,538,336,200,200,https://compumuebles-sabana-api.cyk.com.co/api/auth/login,14368,0,0
1781509327314,14314,Ingreso Usuario,200,OK,Ingreso-usuarios-muebles 1-166,text,true,,538,336,200,200,https://compumuebles-sabana-api.cyk.com.co/api/auth/login,14314,0,0
1781509327343,14286,Ingreso Usuario,200,OK,Ingreso-usuarios-muebles 1-85,text,true,,538,336,200,200,https://compumuebles-sabana-api.cyk.com.co/api/auth/login,14286,0,0
1781509327340,14289,Ingreso Usuario,200,OK,Ingreso-usuarios-muebles 1-6,text,true,,538,336,200,200,https://compumuebles-sabana-api.cyk.com.co/api/auth/login,14289,0,0
1781509327264,14365,Ingreso Usuario,200,OK,Ingreso-usuarios-muebles 1-54,text,true,,538,336,200,200,https://compumuebles-sabana-api.cyk.com.co/api/auth/login,14365,0,0
1781509327379,14251,Ingreso Usuario,200,OK,Ingreso-usuarios-muebles 1-26,text,true,,538,336,200,200,https://compumuebles-sabana-api.cyk.com.co/api/auth/login,14251,0,0
1781509327359,14271,Ingreso Usuario,200,OK,Ingreso-usuarios-muebles 1-176,text,true,,538,336,200,200,https://compumuebles-sabana-api.cyk.com.co/api/auth/login,14271,0,0
1781509327022,14608,Ingreso Usuario,200,OK,Ingreso-usuarios-muebles 1-191,text,true,,538,336,200,200,https://compumuebles-sabana-api.cyk.com.co/api/auth/login,14608,0,0
1781509327363,14267,Ingreso Usuario,200,OK,Ingreso-usuarios-muebles 1-117,text,true,,538,336,200,200,https://compumuebles-sabana-api.cyk.com.co/api/auth/login,14267,0,0
1781509327368,14262,Ingreso Usuario,200,OK,Ingreso-usuarios-muebles 1-120,text,true,,538,336,200,200,https://compumuebles-sabana-api.cyk.com.co/api/auth/login,14262,0,0
1781509327353,14277,Ingreso Usuario,200,OK,Ingreso-usuarios-muebles 1-113,text,true,,538,336,200,200,https://compumuebles-sabana-api.cyk.com.co/api/auth/login,14277,0,0
1781509327392,14238,Ingreso Usuario,200,OK,Ingreso-usuarios-muebles 1-39,text,true,,538,336,200,200,https://compumuebles-sabana-api.cyk.com.co/api/auth/login,14238,0,0
1781509316829,24800,Ingreso Usuario,200,OK,Ingreso-usuarios-muebles 1-13,text,true,,538,336,200,200,https://compumuebles-sabana-api.cyk.com.co/api/auth/login,24800,0,0
1781509316849,24780,Ingreso Usuario,200,OK,Ingreso-usuarios-muebles 1-3,text,true,,538,336,200,200,https://compumuebles-sabana-api.cyk.com.co/api/auth/login,24780,0,0
1781509327241,14390,Ingreso Usuario,200,OK,Ingreso-usuarios-muebles 1-197,text,true,,538,336,200,200,https://compumuebles-sabana-api.cyk.com.co/api/auth/login,14390,0,172
1781509327028,14617,Ingreso Usuario,200,OK,Ingreso-usuarios-muebles 1-190,text,true,,538,336,200,200,https://compumuebles-sabana-api.cyk.com.co/api/auth/login,14617,0,0
1781509327041,14604,Ingreso Usuario,200,OK,Ingreso-usuarios-muebles 1-165,text,true,,538,336,200,200,https://compumuebles-sabana-api.cyk.com.co/api/auth/login,14604,0,0
1781509327026,14619,Ingreso Usuario,200,OK,Ingreso-usuarios-muebles 1-47,text,true,,538,336,200,200,https://compumuebles-sabana-api.cyk.com.co/api/auth/login,14619,0,0
1781509327048,14597,Ingreso Usuario,200,OK,Ingreso-usuarios-muebles 1-104,text,true,,538,336,200,200,https://compumuebles-sabana-api.cyk.com.co/api/auth/login,14597,0,0
1781509327060,14585,Ingreso Usuario,200,OK,Ingreso-usuarios-muebles 1-62,text,true,,538,336,200,200,https://compumuebles-sabana-api.cyk.com.co/api/auth/login,14585,0,0
1781509327059,14586,Ingreso Usuario,200,OK,Ingreso-usuarios-muebles 1-103,text,true,,538,336,200,200,https://compumuebles-sabana-api.cyk.com.co/api/auth/login,14586,0,0
1781509327081,14597,Ingreso Usuario,200,OK,Ingreso-usuarios-muebles 1-127,text,true,,538,336,200,200,https://compumuebles-sabana-api.cyk.com.co/api/auth/login,14597,0,0
1781509327067,14611,Ingreso Usuario,200,OK,Ingreso-usuarios-muebles 1-137,text,true,,538,336,200,200,https://compumuebles-sabana-api.cyk.com.co/api/auth/login,14611,0,0
1781509327093,14588,Ingreso Usuario,200,OK,Ingreso-usuarios-muebles 1-22,text,true,,538,336,200,200,https://compumuebles-sabana-api.cyk.com.co/api/auth/login,14588,0,0
1781509327108,14573,Ingreso Usuario,200,OK,Ingreso-usuarios-muebles 1-67,text,true,,538,336,200,200,https://compumuebles-sabana-api.cyk.com.co/api/auth/login,14573,0,0
1781509327082,14599,Ingreso Usuario,200,OK,Ingreso-usuarios-muebles 1-94,text,true,,538,336,200,200,https://compumuebles-sabana-api.cyk.com.co/api/auth/login,14599,0,0
1781509327182,14500,Ingreso Usuario,200,OK,Ingreso-usuarios-muebles 1-141,text,true,,538,336,200,200,https://compumuebles-sabana-api.cyk.com.co/api/auth/login,14500,0,0
1781509327182,14503,Ingreso Usuario,200,OK,Ingreso-usuarios-muebles 1-114,text,true,,538,336,200,200,https://compumuebles-sabana-api.cyk.com.co/api/auth/login,14503,0,0
1781509327215,14477,Ingreso Usuario,200,OK,Ingreso-usuarios-muebles 1-55,text,true,,538,336,200,200,https://compumuebles-sabana-api.cyk.com.co/api/auth/login,14477,0,0
1781509327182,14511,Ingreso Usuario,200,OK,Ingreso-usuarios-muebles 1-156,text,true,,538,336,200,200,https://compumuebles-sabana-api.cyk.com.co/api/auth/login,14511,0,0
1781509327192,14501,Ingreso Usuario,200,OK,Ingreso-usuarios-muebles 1-106,text,true,,538,336,200,200,https://compumuebles-sabana-api.cyk.com.co/api/auth/login,14501,0,0
1781509327209,14486,Ingreso Usuario,200,OK,Ingreso-usuarios-muebles 1-112,text,true,,538,336,200,200,https://compumuebles-sabana-api.cyk.com.co/api/auth/login,14486,0,0
1781509327221,14475,Ingreso Usuario,200,OK,Ingreso-usuarios-muebles 1-111,text,true,,538,336,200,200,https://compumuebles-sabana-api.cyk.com.co/api/auth/login,14475,0,0
1781509327242,14457,Ingreso Usuario,200,OK,Ingreso-usuarios-muebles 1-33,text,true,,538,336,200,200,https://compumuebles-sabana-api.cyk.com.co/api/auth/login,14457,0,0
1781509327242,14476,Ingreso Usuario,200,OK,Ingreso-usuarios-muebles 1-48,text,true,,538,336,200,200,https://compumuebles-sabana-api.cyk.com.co/api/auth/login,14476,0,0
1781509327255,14463,Ingreso Usuario,200,OK,Ingreso-usuarios-muebles 1-180,text,true,,538,336,200,200,https://compumuebles-sabana-api.cyk.com.co/api/auth/login,14463,0,0
1781509327259,14460,Ingreso Usuario,200,OK,Ingreso-usuarios-muebles 1-74,text,true,,538,336,200,200,https://compumuebles-sabana-api.cyk.com.co/api/auth/login,14460,0,0
1781509327182,14538,Ingreso Usuario,200,OK,Ingreso-usuarios-muebles 1-8,text,true,,538,336,200,200,https://compumuebles-sabana-api.cyk.com.co/api/auth/login,14538,0,164
1781509327084,14636,Ingreso Usuario,200,OK,Ingreso-usuarios-muebles 1-76,text,true,,538,336,200,200,https://compumuebles-sabana-api.cyk.com.co/api/auth/login,14636,0,169
1781509327312,14408,Ingreso Usuario,200,OK,Ingreso-usuarios-muebles 1-59,text,true,,538,336,200,200,https://compumuebles-sabana-api.cyk.com.co/api/auth/login,14408,0,0
1781509327182,14542,Ingreso Usuario,200,OK,Ingreso-usuarios-muebles 1-51,text,true,,538,336,200,200,https://compumuebles-sabana-api.cyk.com.co/api/auth/login,14542,0,169
1781509327209,14515,Ingreso Usuario,200,OK,Ingreso-usuarios-muebles 1-7,text,true,,538,336,200,200,https://compumuebles-sabana-api.cyk.com.co/api/auth/login,14515,0,158
1781509327340,14384,Ingreso Usuario,200,OK,Ingreso-usuarios-muebles 1-70,text,true,,538,336,200,200,https://compumuebles-sabana-api.cyk.com.co/api/auth/login,14384,0,0
1781509327323,14401,Ingreso Usuario,200,OK,Ingreso-usuarios-muebles 1-184,text,true,,538,336,200,200,https://compumuebles-sabana-api.cyk.com.co/api/auth/login,14401,0,0
1781509327390,14349,Ingreso Usuario,200,OK,Ingreso-usuarios-muebles 1-82,text,true,,538,336,200,200,https://compumuebles-sabana-api.cyk.com.co/api/auth/login,14349,0,0
1781509327378,14362,Ingreso Usuario,200,OK,Ingreso-usuarios-muebles 1-147,text,true,,538,336,200,200,https://compumuebles-sabana-api.cyk.com.co/api/auth/login,14362,0,0
1781509327375,14366,Ingreso Usuario,200,OK,Ingreso-usuarios-muebles 1-146,text,true,,538,336,200,200,https://compumuebles-sabana-api.cyk.com.co/api/auth/login,14366,0,0
1781509327418,14325,Ingreso Usuario,200,OK,Ingreso-usuarios-muebles 1-158,text,true,,538,336,200,200,https://compumuebles-sabana-api.cyk.com.co/api/auth/login,14325,0,0
1781509327365,14385,Ingreso Usuario,200,OK,Ingreso-usuarios-muebles 1-24,text,true,,538,336,200,200,https://compumuebles-sabana-api.cyk.com.co/api/auth/login,14385,0,0
1781509327435,17546,Ingreso Usuario,200,OK,Ingreso-usuarios-muebles 1-79,text,true,,538,336,200,200,https://compumuebles-sabana-api.cyk.com.co/api/auth/login,17546,0,0
1781509327435,17555,Ingreso Usuario,200,OK,Ingreso-usuarios-muebles 1-142,text,true,,538,336,200,200,https://compumuebles-sabana-api.cyk.com.co/api/auth/login,17555,0,0
1781509330872,14122,Ingreso Usuario,200,OK,Ingreso-usuarios-muebles 1-194,text,true,,538,336,200,200,https://compumuebles-sabana-api.cyk.com.co/api/auth/login,14122,0,159
1781509330869,14125,Ingreso Usuario,200,OK,Ingreso-usuarios-muebles 1-37,text,true,,538,336,200,200,https://compumuebles-sabana-api.cyk.com.co/api/auth/login,14125,0,159
1781509330887,14114,Ingreso Usuario,200,OK,Ingreso-usuarios-muebles 1-96,text,true,,538,336,200,200,https://compumuebles-sabana-api.cyk.com.co/api/auth/login,14114,0,166
1781509330890,14113,Ingreso Usuario,200,OK,Ingreso-usuarios-muebles 1-195,text,true,,538,336,200,200,https://compumuebles-sabana-api.cyk.com.co/api/auth/login,14113,0,166
1781509330912,14095,Ingreso Usuario,200,OK,Ingreso-usuarios-muebles 1-116,text,true,,538,336,200,200,https://compumuebles-sabana-api.cyk.com.co/api/auth/login,14095,0,174
1781509330902,14106,Ingreso Usuario,200,OK,Ingreso-usuarios-muebles 1-1,text,true,,538,336,200,200,https://compumuebles-sabana-api.cyk.com.co/api/auth/login,14106,0,182
1781509330899,14110,Ingreso Usuario,200,OK,Ingreso-usuarios-muebles 1-21,text,true,,538,336,200,200,https://compumuebles-sabana-api.cyk.com.co/api/auth/login,14110,0,182
1781509330918,14093,Ingreso Usuario,200,OK,Ingreso-usuarios-muebles 1-75,text,true,,538,336,200,200,https://compumuebles-sabana-api.cyk.com.co/api/auth/login,14093,0,171
1781509330924,14092,Ingreso Usuario,200,OK,Ingreso-usuarios-muebles 1-40,text,true,,538,336,200,200,https://compumuebles-sabana-api.cyk.com.co/api/auth/login,14092,0,166
1781509327435,17583,Ingreso Usuario,200,OK,Ingreso-usuarios-muebles 1-170,text,true,,538,336,200,200,https://compumuebles-sabana-api.cyk.com.co/api/auth/login,17583,0,0
1781509327435,17590,Ingreso Usuario,200,OK,Ingreso-usuarios-muebles 1-169,text,true,,538,336,200,200,https://compumuebles-sabana-api.cyk.com.co/api/auth/login,17590,0,0
1781509330882,14145,Ingreso Usuario,200,OK,Ingreso-usuarios-muebles 1-154,text,true,,538,336,200,200,https://compumuebles-sabana-api.cyk.com.co/api/auth/login,14145,0,159
1781509330884,14145,Ingreso Usuario,200,OK,Ingreso-usuarios-muebles 1-16,text,true,,538,336,200,200,https://compumuebles-sabana-api.cyk.com.co/api/auth/login,14145,0,169
1781509330884,14148,Ingreso Usuario,200,OK,Ingreso-usuarios-muebles 1-2,text,true,,538,336,200,200,https://compumuebles-sabana-api.cyk.com.co/api/auth/login,14148,0,176
1781509330905,14127,Ingreso Usuario,200,OK,Ingreso-usuarios-muebles 1-25,text,true,,538,336,200,200,https://compumuebles-sabana-api.cyk.com.co/api/auth/login,14127,0,171
1781509330910,14122,Ingreso Usuario,200,OK,Ingreso-usuarios-muebles 1-73,text,true,,538,336,200,200,https://compumuebles-sabana-api.cyk.com.co/api/auth/login,14122,0,176
1781509330907,14125,Ingreso Usuario,200,OK,Ingreso-usuarios-muebles 1-97,text,true,,538,336,200,200,https://compumuebles-sabana-api.cyk.com.co/api/auth/login,14125,0,174
1781509330890,14142,Ingreso Usuario,200,OK,Ingreso-usuarios-muebles 1-14,text,true,,538,336,200,200,https://compumuebles-sabana-api.cyk.com.co/api/auth/login,14142,0,171
1781509330916,14118,Ingreso Usuario,200,OK,Ingreso-usuarios-muebles 1-174,text,true,,538,336,200,200,https://compumuebles-sabana-api.cyk.com.co/api/auth/login,14118,0,172
1781509330936,14101,Ingreso Usuario,200,OK,Ingreso-usuarios-muebles 1-134,text,true,,538,336,200,200,https://compumuebles-sabana-api.cyk.com.co/api/auth/login,14101,0,164
1781509327319,17722,Ingreso Usuario,200,OK,Ingreso-usuarios-muebles 1-38,text,true,,538,336,200,200,https://compumuebles-sabana-api.cyk.com.co/api/auth/login,17722,0,179
1781509330876,14167,Ingreso Usuario,200,OK,Ingreso-usuarios-muebles 1-30,text,true,,538,336,200,200,https://compumuebles-sabana-api.cyk.com.co/api/auth/login,14167,0,156
1781509327357,17688,Ingreso Usuario,200,OK,Ingreso-usuarios-muebles 1-109,text,true,,538,336,200,200,https://compumuebles-sabana-api.cyk.com.co/api/auth/login,17688,0,164
1781509330884,14169,Ingreso Usuario,200,OK,Ingreso-usuarios-muebles 1-91,text,true,,538,336,200,200,https://compumuebles-sabana-api.cyk.com.co/api/auth/login,14169,0,167
1781509330885,14172,Ingreso Usuario,200,OK,Ingreso-usuarios-muebles 1-45,text,true,,538,336,200,200,https://compumuebles-sabana-api.cyk.com.co/api/auth/login,14172,0,174
1781509330907,14155,Ingreso Usuario,200,OK,Ingreso-usuarios-muebles 1-181,text,true,,538,336,200,200,https://compumuebles-sabana-api.cyk.com.co/api/auth/login,14155,0,176
1781509330898,14165,Ingreso Usuario,200,OK,Ingreso-usuarios-muebles 1-81,text,true,,538,336,200,200,https://compumuebles-sabana-api.cyk.com.co/api/auth/login,14165,0,165
1781509330909,14158,Ingreso Usuario,200,OK,Ingreso-usuarios-muebles 1-178,text,true,,538,336,200,200,https://compumuebles-sabana-api.cyk.com.co/api/auth/login,14158,0,173
1781509330899,14169,Ingreso Usuario,200,OK,Ingreso-usuarios-muebles 1-130,text,true,,538,336,200,200,https://compumuebles-sabana-api.cyk.com.co/api/auth/login,14169,0,178
1781509330920,14150,Ingreso Usuario,200,OK,Ingreso-usuarios-muebles 1-28,text,true,,538,336,200,200,https://compumuebles-sabana-api.cyk.com.co/api/auth/login,14150,0,168
1781509330930,14140,Ingreso Usuario,200,OK,Ingreso-usuarios-muebles 1-34,text,true,,538,336,200,200,https://compumuebles-sabana-api.cyk.com.co/api/auth/login,14140,0,167
1781509330872,14214,Ingreso Usuario,200,OK,Ingreso-usuarios-muebles 1-164,text,true,,538,336,200,200,https://compumuebles-sabana-api.cyk.com.co/api/auth/login,14214,0,159
1781509327340,17746,Ingreso Usuario,200,OK,Ingreso-usuarios-muebles 1-43,text,true,,538,336,200,200,https://compumuebles-sabana-api.cyk.com.co/api/auth/login,17746,0,172
1781509330884,14206,Ingreso Usuario,200,OK,Ingreso-usuarios-muebles 1-159,text,true,,538,336,200,200,https://compumuebles-sabana-api.cyk.com.co/api/auth/login,14206,0,162
1781509327340,17751,Ingreso Usuario,200,OK,Ingreso-usuarios-muebles 1-107,text,true,,538,336,200,200,https://compumuebles-sabana-api.cyk.com.co/api/auth/login,17751,0,173
1781509330905,14187,Ingreso Usuario,200,OK,Ingreso-usuarios-muebles 1-5,text,true,,538,336,200,200,https://compumuebles-sabana-api.cyk.com.co/api/auth/login,14187,0,165
1781509330891,14201,Ingreso Usuario,200,OK,Ingreso-usuarios-muebles 1-110,text,true,,538,336,200,200,https://compumuebles-sabana-api.cyk.com.co/api/auth/login,14201,0,171
1781509330910,14182,Ingreso Usuario,200,OK,Ingreso-usuarios-muebles 1-171,text,true,,538,336,200,200,https://compumuebles-sabana-api.cyk.com.co/api/auth/login,14182,0,170
1781509330885,14207,Ingreso Usuario,200,OK,Ingreso-usuarios-muebles 1-80,text,true,,538,336,200,200,https://compumuebles-sabana-api.cyk.com.co/api/auth/login,14207,0,172
1781509330900,14192,Ingreso Usuario,200,OK,Ingreso-usuarios-muebles 1-177,text,true,,538,336,200,200,https://compumuebles-sabana-api.cyk.com.co/api/auth/login,14192,0,175
1781509330923,14171,Ingreso Usuario,200,OK,Ingreso-usuarios-muebles 1-19,text,true,,538,336,200,200,https://compumuebles-sabana-api.cyk.com.co/api/auth/login,14171,0,170
1781509330905,14195,Ingreso Usuario,200,OK,Ingreso-usuarios-muebles 1-129,text,true,,538,336,200,200,https://compumuebles-sabana-api.cyk.com.co/api/auth/login,14195,0,180
1781509330941,14175,Ingreso Usuario,200,OK,Ingreso-usuarios-muebles 1-18,text,true,,538,336,200,200,https://compumuebles-sabana-api.cyk.com.co/api/auth/login,14175,0,163
1781509330933,14183,Ingreso Usuario,200,OK,Ingreso-usuarios-muebles 1-139,text,true,,538,336,200,200,https://compumuebles-sabana-api.cyk.com.co/api/auth/login,14183,0,165
1781509330939,24664,Ingreso Usuario,200,OK,Ingreso-usuarios-muebles 1-10,text,true,,538,336,200,200,https://compumuebles-sabana-api.cyk.com.co/api/auth/login,24664,0,162
1781509330939,24681,Ingreso Usuario,200,OK,Ingreso-usuarios-muebles 1-31,text,true,,538,336,200,200,https://compumuebles-sabana-api.cyk.com.co/api/auth/login,24681,0,162
1781509330949,24672,Ingreso Usuario,200,OK,Ingreso-usuarios-muebles 1-90,text,true,,538,336,200,200,https://compumuebles-sabana-api.cyk.com.co/api/auth/login,24672,0,156
1781509341278,14353,Ingreso Usuario,200,OK,Ingreso-usuarios-muebles 1-29,text,true,,538,336,200,200,https://compumuebles-sabana-api.cyk.com.co/api/auth/login,14353,0,212
1781509341288,14343,Ingreso Usuario,200,OK,Ingreso-usuarios-muebles 1-173,text,true,,538,336,200,200,https://compumuebles-sabana-api.cyk.com.co/api/auth/login,14343,0,209
1781509341269,14362,Ingreso Usuario,200,OK,Ingreso-usuarios-muebles 1-200,text,true,,538,336,200,200,https://compumuebles-sabana-api.cyk.com.co/api/auth/login,14362,0,204
1781509341248,14384,Ingreso Usuario,200,OK,Ingreso-usuarios-muebles 1-64,text,true,,538,336,200,200,https://compumuebles-sabana-api.cyk.com.co/api/auth/login,14384,0,225
1781509341278,14354,Ingreso Usuario,200,OK,Ingreso-usuarios-muebles 1-151,text,true,,538,336,200,200,https://compumuebles-sabana-api.cyk.com.co/api/auth/login,14354,0,235
1781509341313,14319,Ingreso Usuario,200,OK,Ingreso-usuarios-muebles 1-66,text,true,,538,336,200,200,https://compumuebles-sabana-api.cyk.com.co/api/auth/login,14319,0,225
1781509341308,14324,Ingreso Usuario,200,OK,Ingreso-usuarios-muebles 1-15,text,true,,538,336,200,200,https://compumuebles-sabana-api.cyk.com.co/api/auth/login,14324,0,0
1781509341301,14332,Ingreso Usuario,200,OK,Ingreso-usuarios-muebles 1-172,text,true,,538,336,200,200,https://compumuebles-sabana-api.cyk.com.co/api/auth/login,14332,0,237
1781509341369,14270,Ingreso Usuario,200,OK,Ingreso-usuarios-muebles 1-199,text,true,,538,336,200,200,https://compumuebles-sabana-api.cyk.com.co/api/auth/login,14270,0,200
1781509341311,14329,Ingreso Usuario,200,OK,Ingreso-usuarios-muebles 1-136,text,true,,538,336,200,200,https://compumuebles-sabana-api.cyk.com.co/api/auth/login,14329,0,227
1781509341370,14276,Ingreso Usuario,200,OK,Ingreso-usuarios-muebles 1-123,text,true,,538,336,200,200,https://compumuebles-sabana-api.cyk.com.co/api/auth/login,14276,0,218
1781509341369,14279,Ingreso Usuario,200,OK,Ingreso-usuarios-muebles 1-58,text,true,,538,336,200,200,https://compumuebles-sabana-api.cyk.com.co/api/auth/login,14279,0,284
1781509341441,14209,Ingreso Usuario,200,OK,Ingreso-usuarios-muebles 1-35,text,true,,538,336,200,200,https://compumuebles-sabana-api.cyk.com.co/api/auth/login,14209,0,307
1781509341719,13933,Ingreso Usuario,200,OK,Ingreso-usuarios-muebles 1-76,text,true,,538,336,200,200,https://compumuebles-sabana-api.cyk.com.co/api/auth/login,13933,0,0
1781509341441,14214,Ingreso Usuario,200,OK,Ingreso-usuarios-muebles 1-160,text,true,,538,336,200,200,https://compumuebles-sabana-api.cyk.com.co/api/auth/login,14214,0,330
1781509341441,14216,Ingreso Usuario,200,OK,Ingreso-usuarios-muebles 1-9,text,true,,538,336,200,200,https://compumuebles-sabana-api.cyk.com.co/api/auth/login,14216,0,337
1781509341441,14216,Ingreso Usuario,200,OK,Ingreso-usuarios-muebles 1-175,text,true,,538,336,200,200,https://compumuebles-sabana-api.cyk.com.co/api/auth/login,14216,0,335
1781509341486,14173,Ingreso Usuario,200,OK,Ingreso-usuarios-muebles 1-131,text,true,,538,336,200,200,https://compumuebles-sabana-api.cyk.com.co/api/auth/login,14173,0,303
1781509341487,14175,Ingreso Usuario,200,OK,Ingreso-usuarios-muebles 1-196,text,true,,538,336,200,200,https://compumuebles-sabana-api.cyk.com.co/api/auth/login,14175,0,313
1781509341508,14155,Ingreso Usuario,200,OK,Ingreso-usuarios-muebles 1-186,text,true,,538,336,200,200,https://compumuebles-sabana-api.cyk.com.co/api/auth/login,14155,0,301
1781509341536,14137,Ingreso Usuario,200,OK,Ingreso-usuarios-muebles 1-133,text,true,,538,336,200,200,https://compumuebles-sabana-api.cyk.com.co/api/auth/login,14137,0,290
1781509341563,14110,Ingreso Usuario,200,OK,Ingreso-usuarios-muebles 1-87,text,true,,538,336,200,200,https://compumuebles-sabana-api.cyk.com.co/api/auth/login,14110,0,272
1781509341553,14120,Ingreso Usuario,200,OK,Ingreso-usuarios-muebles 1-36,text,true,,538,336,200,200,https://compumuebles-sabana-api.cyk.com.co/api/auth/login,14120,0,275
1781509341536,14137,Ingreso Usuario,200,OK,Ingreso-usuarios-muebles 1-152,text,true,,538,336,200,200,https://compumuebles-sabana-api.cyk.com.co/api/auth/login,14137,0,289
1781509341589,14086,Ingreso Usuario,200,OK,Ingreso-usuarios-muebles 1-108,text,true,,538,336,200,200,https://compumuebles-sabana-api.cyk.com.co/api/auth/login,14086,0,255
1781509341594,14083,Ingreso Usuario,200,OK,Ingreso-usuarios-muebles 1-93,text,true,,538,336,200,200,https://compumuebles-sabana-api.cyk.com.co/api/auth/login,14083,0,250
1781509341627,14061,Ingreso Usuario,200,OK,Ingreso-usuarios-muebles 1-118,text,true,,538,336,200,200,https://compumuebles-sabana-api.cyk.com.co/api/auth/login,14061,0,243
1781509341644,14045,Ingreso Usuario,200,OK,Ingreso-usuarios-muebles 1-165,text,true,,538,336,200,200,https://compumuebles-sabana-api.cyk.com.co/api/auth/login,14045,0,318
1781509341644,14046,Ingreso Usuario,200,OK,Ingreso-usuarios-muebles 1-47,text,true,,538,336,200,200,https://compumuebles-sabana-api.cyk.com.co/api/auth/login,14046,0,279
1781509341629,14062,Ingreso Usuario,200,OK,Ingreso-usuarios-muebles 1-176,text,true,,538,336,200,200,https://compumuebles-sabana-api.cyk.com.co/api/auth/login,14062,0,255
1781509341629,14064,Ingreso Usuario,200,OK,Ingreso-usuarios-muebles 1-191,text,true,,538,336,200,200,https://compumuebles-sabana-api.cyk.com.co/api/auth/login,14064,0,242
1781509341681,14012,Ingreso Usuario,200,OK,Ingreso-usuarios-muebles 1-94,text,true,,538,336,200,200,https://compumuebles-sabana-api.cyk.com.co/api/auth/login,14012,0,324
1781509330943,24751,Ingreso Usuario,200,OK,Ingreso-usuarios-muebles 1-84,text,true,,538,336,200,200,https://compumuebles-sabana-api.cyk.com.co/api/auth/login,24751,0,159
1781509341684,14009,Ingreso Usuario,200,OK,Ingreso-usuarios-muebles 1-114,text,true,,538,336,200,200,https://compumuebles-sabana-api.cyk.com.co/api/auth/login,14009,0,327
1781509341694,13999,Ingreso Usuario,200,OK,Ingreso-usuarios-muebles 1-112,text,true,,538,336,200,200,https://compumuebles-sabana-api.cyk.com.co/api/auth/login,13999,0,324
1781509330928,24767,Ingreso Usuario,200,OK,Ingreso-usuarios-muebles 1-57,text,true,,538,336,200,200,https://compumuebles-sabana-api.cyk.com.co/api/auth/login,24767,0,169
1781509341273,14434,Ingreso Usuario,200,OK,Ingreso-usuarios-muebles 1-153,text,true,,538,336,200,200,https://compumuebles-sabana-api.cyk.com.co/api/auth/login,14434,0,196
1781509341248,14459,Ingreso Usuario,200,OK,Ingreso-usuarios-muebles 1-23,text,true,,538,336,200,200,https://compumuebles-sabana-api.cyk.com.co/api/auth/login,14459,0,225
1781509341276,14432,Ingreso Usuario,200,OK,Ingreso-usuarios-muebles 1-88,text,true,,538,336,200,200,https://compumuebles-sabana-api.cyk.com.co/api/auth/login,14432,0,210
1781509341303,14410,Ingreso Usuario,200,OK,Ingreso-usuarios-muebles 1-78,text,true,,538,336,200,200,https://compumuebles-sabana-api.cyk.com.co/api/auth/login,14410,0,235
1781509341303,14410,Ingreso Usuario,200,OK,Ingreso-usuarios-muebles 1-86,text,true,,538,336,200,200,https://compumuebles-sabana-api.cyk.com.co/api/auth/login,14410,0,235
1781509341287,14427,Ingreso Usuario,200,OK,Ingreso-usuarios-muebles 1-124,text,true,,538,336,200,200,https://compumuebles-sabana-api.cyk.com.co/api/auth/login,14427,0,213
1781509341370,14345,Ingreso Usuario,200,OK,Ingreso-usuarios-muebles 1-132,text,true,,538,336,200,200,https://compumuebles-sabana-api.cyk.com.co/api/auth/login,14345,0,195
1781509341289,14426,Ingreso Usuario,200,OK,Ingreso-usuarios-muebles 1-115,text,true,,538,336,200,200,https://compumuebles-sabana-api.cyk.com.co/api/auth/login,14426,0,224
1781509341300,14416,Ingreso Usuario,200,OK,Ingreso-usuarios-muebles 1-53,text,true,,538,336,200,200,https://compumuebles-sabana-api.cyk.com.co/api/auth/login,14416,0,238
1781509341373,14343,Ingreso Usuario,200,OK,Ingreso-usuarios-muebles 1-32,text,true,,538,336,200,200,https://compumuebles-sabana-api.cyk.com.co/api/auth/login,14343,0,200
1781509341630,14088,Ingreso Usuario,200,OK,Ingreso-usuarios-muebles 1-197,text,true,,538,336,200,200,https://compumuebles-sabana-api.cyk.com.co/api/auth/login,14088,0,0
1781509341372,14346,Ingreso Usuario,200,OK,Ingreso-usuarios-muebles 1-102,text,true,,538,336,200,200,https://compumuebles-sabana-api.cyk.com.co/api/auth/login,14346,0,346
1781509341719,14002,Ingreso Usuario,200,OK,Ingreso-usuarios-muebles 1-8,text,true,,538,336,200,200,https://compumuebles-sabana-api.cyk.com.co/api/auth/login,14002,0,0
1781509341441,14281,Ingreso Usuario,200,OK,Ingreso-usuarios-muebles 1-189,text,true,,538,336,200,200,https://compumuebles-sabana-api.cyk.com.co/api/auth/login,14281,0,330
1781509341441,14282,Ingreso Usuario,200,OK,Ingreso-usuarios-muebles 1-183,text,true,,538,336,200,200,https://compumuebles-sabana-api.cyk.com.co/api/auth/login,14282,0,315
1781509341441,14284,Ingreso Usuario,200,OK,Ingreso-usuarios-muebles 1-157,text,true,,538,336,200,200,https://compumuebles-sabana-api.cyk.com.co/api/auth/login,14284,0,333
1781509341441,14285,Ingreso Usuario,200,OK,Ingreso-usuarios-muebles 1-128,text,true,,538,336,200,200,https://compumuebles-sabana-api.cyk.com.co/api/auth/login,14285,0,337
1781509341492,14237,Ingreso Usuario,200,OK,Ingreso-usuarios-muebles 1-163,text,true,,538,336,200,200,https://compumuebles-sabana-api.cyk.com.co/api/auth/login,14237,0,307
1781509341537,14194,Ingreso Usuario,200,OK,Ingreso-usuarios-muebles 1-161,text,true,,538,336,200,200,https://compumuebles-sabana-api.cyk.com.co/api/auth/login,14194,0,289
1781509341506,14226,Ingreso Usuario,200,OK,Ingreso-usuarios-muebles 1-95,text,true,,538,336,200,200,https://compumuebles-sabana-api.cyk.com.co/api/auth/login,14226,0,302
1781509341537,14195,Ingreso Usuario,200,OK,Ingreso-usuarios-muebles 1-179,text,true,,538,336,200,200,https://compumuebles-sabana-api.cyk.com.co/api/auth/login,14195,0,288
1781509341548,14191,Ingreso Usuario,200,OK,Ingreso-usuarios-muebles 1-167,text,true,,538,336,200,200,https://compumuebles-sabana-api.cyk.com.co/api/auth/login,14191,0,281
1781509341559,14182,Ingreso Usuario,200,OK,Ingreso-usuarios-muebles 1-143,text,true,,538,336,200,200,https://compumuebles-sabana-api.cyk.com.co/api/auth/login,14182,0,273
1781509341589,14153,Ingreso Usuario,200,OK,Ingreso-usuarios-muebles 1-50,text,true,,538,336,200,200,https://compumuebles-sabana-api.cyk.com.co/api/auth/login,14153,0,253
1781509341589,14154,Ingreso Usuario,200,OK,Ingreso-usuarios-muebles 1-148,text,true,,538,336,200,200,https://compumuebles-sabana-api.cyk.com.co/api/auth/login,14154,0,255
1781509341629,14116,Ingreso Usuario,200,OK,Ingreso-usuarios-muebles 1-120,text,true,,538,336,200,200,https://compumuebles-sabana-api.cyk.com.co/api/auth/login,14116,0,241
1781509341628,14123,Ingreso Usuario,200,OK,Ingreso-usuarios-muebles 1-54,text,true,,538,336,200,200,https://compumuebles-sabana-api.cyk.com.co/api/auth/login,14123,0,243
1781509341629,14122,Ingreso Usuario,200,OK,Ingreso-usuarios-muebles 1-13,text,true,,538,336,200,200,https://compumuebles-sabana-api.cyk.com.co/api/auth/login,14122,0,265
1781509341629,14122,Ingreso Usuario,200,OK,Ingreso-usuarios-muebles 1-117,text,true,,538,336,200,200,https://compumuebles-sabana-api.cyk.com.co/api/auth/login,14122,0,242
1781509341681,14071,Ingreso Usuario,200,OK,Ingreso-usuarios-muebles 1-141,text,true,,538,336,200,200,https://compumuebles-sabana-api.cyk.com.co/api/auth/login,14071,0,322
1781509341695,14063,Ingreso Usuario,200,OK,Ingreso-usuarios-muebles 1-111,text,true,,538,336,200,200,https://compumuebles-sabana-api.cyk.com.co/api/auth/login,14063,0,317
1781509341644,14116,Ingreso Usuario,200,OK,Ingreso-usuarios-muebles 1-103,text,true,,538,336,200,200,https://compumuebles-sabana-api.cyk.com.co/api/auth/login,14116,0,308
1781509341698,14062,Ingreso Usuario,200,OK,Ingreso-usuarios-muebles 1-33,text,true,,538,336,200,200,https://compumuebles-sabana-api.cyk.com.co/api/auth/login,14062,0,317
1781509341717,14045,Ingreso Usuario,200,OK,Ingreso-usuarios-muebles 1-48,text,true,,538,336,200,200,https://compumuebles-sabana-api.cyk.com.co/api/auth/login,14045,0,306
1781509330945,24819,Ingreso Usuario,200,OK,Ingreso-usuarios-muebles 1-198,text,true,,538,336,200,200,https://compumuebles-sabana-api.cyk.com.co/api/auth/login,24819,0,156
1781509341300,14466,Ingreso Usuario,200,OK,Ingreso-usuarios-muebles 1-12,text,true,,538,336,200,200,https://compumuebles-sabana-api.cyk.com.co/api/auth/login,14466,0,0
1781509330951,24822,Ingreso Usuario,200,OK,Ingreso-usuarios-muebles 1-145,text,true,,538,336,200,200,https://compumuebles-sabana-api.cyk.com.co/api/auth/login,24822,0,154
1781509341258,14525,Ingreso Usuario,200,OK,Ingreso-usuarios-muebles 1-92,text,true,,538,336,200,200,https://compumuebles-sabana-api.cyk.com.co/api/auth/login,14525,0,218
1781509341268,14515,Ingreso Usuario,200,OK,Ingreso-usuarios-muebles 1-119,text,true,,538,336,200,200,https://compumuebles-sabana-api.cyk.com.co/api/auth/login,14515,0,201
1781509341466,14317,Ingreso Usuario,200,OK,Ingreso-usuarios-muebles 1-17,text,true,,538,336,200,200,https://compumuebles-sabana-api.cyk.com.co/api/auth/login,14317,0,0
1781509341282,14526,Ingreso Usuario,200,OK,Ingreso-usuarios-muebles 1-72,text,true,,538,336,200,200,https://compumuebles-sabana-api.cyk.com.co/api/auth/login,14526,0,221
1781509341305,14503,Ingreso Usuario,200,OK,Ingreso-usuarios-muebles 1-63,text,true,,538,336,200,200,https://compumuebles-sabana-api.cyk.com.co/api/auth/login,14503,0,233
1781509341313,14496,Ingreso Usuario,200,OK,Ingreso-usuarios-muebles 1-185,text,true,,538,336,200,200,https://compumuebles-sabana-api.cyk.com.co/api/auth/login,14496,0,226
1781509341283,14526,Ingreso Usuario,200,OK,Ingreso-usuarios-muebles 1-192,text,true,,538,336,200,200,https://compumuebles-sabana-api.cyk.com.co/api/auth/login,14526,0,212
1781509341299,14510,Ingreso Usuario,200,OK,Ingreso-usuarios-muebles 1-99,text,true,,538,336,200,200,https://compumuebles-sabana-api.cyk.com.co/api/auth/login,14510,0,239
1781509341305,14504,Ingreso Usuario,200,OK,Ingreso-usuarios-muebles 1-77,text,true,,538,336,200,200,https://compumuebles-sabana-api.cyk.com.co/api/auth/login,14504,0,233
1781509341368,14441,Ingreso Usuario,200,OK,Ingreso-usuarios-muebles 1-27,text,true,,538,336,200,200,https://compumuebles-sabana-api.cyk.com.co/api/auth/login,14441,0,202
1781509341369,14453,Ingreso Usuario,200,OK,Ingreso-usuarios-muebles 1-101,text,true,,538,336,200,200,https://compumuebles-sabana-api.cyk.com.co/api/auth/login,14453,0,260
1781509341441,14385,Ingreso Usuario,200,OK,Ingreso-usuarios-muebles 1-61,text,true,,538,336,200,200,https://compumuebles-sabana-api.cyk.com.co/api/auth/login,14385,0,321
1781509341723,14103,Ingreso Usuario,200,OK,Ingreso-usuarios-muebles 1-51,text,true,,538,336,200,200,https://compumuebles-sabana-api.cyk.com.co/api/auth/login,14103,0,0
1781509341441,14386,Ingreso Usuario,200,OK,Ingreso-usuarios-muebles 1-11,text,true,,538,336,200,200,https://compumuebles-sabana-api.cyk.com.co/api/auth/login,14386,0,327
1781509341369,14458,Ingreso Usuario,200,OK,Ingreso-usuarios-muebles 1-83,text,true,,538,336,200,200,https://compumuebles-sabana-api.cyk.com.co/api/auth/login,14458,0,262
1781509341508,14369,Ingreso Usuario,200,OK,Ingreso-usuarios-muebles 1-100,text,true,,538,336,200,200,https://compumuebles-sabana-api.cyk.com.co/api/auth/login,14369,0,309
1781509341468,14409,Ingreso Usuario,200,OK,Ingreso-usuarios-muebles 1-150,text,true,,538,336,200,200,https://compumuebles-sabana-api.cyk.com.co/api/auth/login,14409,0,312
1781509341488,14404,Ingreso Usuario,200,OK,Ingreso-usuarios-muebles 1-122,text,true,,538,336,200,200,https://compumuebles-sabana-api.cyk.com.co/api/auth/login,14404,0,304
1781509341459,14434,Ingreso Usuario,200,OK,Ingreso-usuarios-muebles 1-44,text,true,,538,336,200,200,https://compumuebles-sabana-api.cyk.com.co/api/auth/login,14434,0,317
1781509341548,14345,Ingreso Usuario,200,OK,Ingreso-usuarios-muebles 1-52,text,true,,538,336,200,200,https://compumuebles-sabana-api.cyk.com.co/api/auth/login,14345,0,283
1781509341536,14357,Ingreso Usuario,200,OK,Ingreso-usuarios-muebles 1-98,text,true,,538,336,200,200,https://compumuebles-sabana-api.cyk.com.co/api/auth/login,14357,0,288
1781509341497,14397,Ingreso Usuario,200,OK,Ingreso-usuarios-muebles 1-68,text,true,,538,336,200,200,https://compumuebles-sabana-api.cyk.com.co/api/auth/login,14397,0,309
1781509341533,14361,Ingreso Usuario,200,OK,Ingreso-usuarios-muebles 1-105,text,true,,538,336,200,200,https://compumuebles-sabana-api.cyk.com.co/api/auth/login,14361,0,292
1781509341583,14326,Ingreso Usuario,200,OK,Ingreso-usuarios-muebles 1-49,text,true,,538,336,200,200,https://compumuebles-sabana-api.cyk.com.co/api/auth/login,14326,0,253
1781509341628,14297,Ingreso Usuario,200,OK,Ingreso-usuarios-muebles 1-85,text,true,,538,336,200,200,https://compumuebles-sabana-api.cyk.com.co/api/auth/login,14297,0,217
1781509341629,14296,Ingreso Usuario,200,OK,Ingreso-usuarios-muebles 1-3,text,true,,538,336,200,200,https://compumuebles-sabana-api.cyk.com.co/api/auth/login,14296,0,249
1781509341629,14297,Ingreso Usuario,200,OK,Ingreso-usuarios-muebles 1-39,text,true,,538,336,200,200,https://compumuebles-sabana-api.cyk.com.co/api/auth/login,14297,0,258
1781509341628,14298,Ingreso Usuario,200,OK,Ingreso-usuarios-muebles 1-6,text,true,,538,336,200,200,https://compumuebles-sabana-api.cyk.com.co/api/auth/login,14298,0,240
1781509341717,14241,Ingreso Usuario,200,OK,Ingreso-usuarios-muebles 1-180,text,true,,538,336,200,200,https://compumuebles-sabana-api.cyk.com.co/api/auth/login,14241,0,303
1781509341677,14282,Ingreso Usuario,200,OK,Ingreso-usuarios-muebles 1-127,text,true,,538,336,200,200,https://compumuebles-sabana-api.cyk.com.co/api/auth/login,14282,0,324
1781509341677,14282,Ingreso Usuario,200,OK,Ingreso-usuarios-muebles 1-137,text,true,,538,336,200,200,https://compumuebles-sabana-api.cyk.com.co/api/auth/login,14282,0,303
1781509341644,14315,Ingreso Usuario,200,OK,Ingreso-usuarios-muebles 1-62,text,true,,538,336,200,200,https://compumuebles-sabana-api.cyk.com.co/api/auth/login,14315,0,248
1781509341644,14317,Ingreso Usuario,200,OK,Ingreso-usuarios-muebles 1-190,text,true,,538,336,200,200,https://compumuebles-sabana-api.cyk.com.co/api/auth/login,14317,0,262
1781509341681,14280,Ingreso Usuario,200,OK,Ingreso-usuarios-muebles 1-67,text,true,,538,336,200,200,https://compumuebles-sabana-api.cyk.com.co/api/auth/login,14280,0,331
1781509330927,25664,Ingreso Usuario,200,OK,Ingreso-usuarios-muebles 1-193,text,true,,538,336,200,200,https://compumuebles-sabana-api.cyk.com.co/api/auth/login,25664,0,168
1781509341265,15332,Ingreso Usuario,200,OK,Ingreso-usuarios-muebles 1-138,text,true,,538,336,200,200,https://compumuebles-sabana-api.cyk.com.co/api/auth/login,15332,0,209
1781509341262,15340,Ingreso Usuario,200,OK,Ingreso-usuarios-muebles 1-125,text,true,,538,336,200,200,https://compumuebles-sabana-api.cyk.com.co/api/auth/login,15340,0,211
1781509341256,15348,Ingreso Usuario,200,OK,Ingreso-usuarios-muebles 1-121,text,true,,538,336,200,200,https://compumuebles-sabana-api.cyk.com.co/api/auth/login,15348,0,217
1781509341492,15113,Ingreso Usuario,200,OK,Ingreso-usuarios-muebles 1-20,text,true,,538,336,200,200,https://compumuebles-sabana-api.cyk.com.co/api/auth/login,15113,0,0
1781509341284,15321,Ingreso Usuario,200,OK,Ingreso-usuarios-muebles 1-188,text,true,,538,336,200,200,https://compumuebles-sabana-api.cyk.com.co/api/auth/login,15321,0,222
1781509341282,15324,Ingreso Usuario,200,OK,Ingreso-usuarios-muebles 1-89,text,true,,538,336,200,200,https://compumuebles-sabana-api.cyk.com.co/api/auth/login,15324,0,229
1781509341295,15311,Ingreso Usuario,200,OK,Ingreso-usuarios-muebles 1-60,text,true,,538,336,200,200,https://compumuebles-sabana-api.cyk.com.co/api/auth/login,15311,0,239
1781509341308,15304,Ingreso Usuario,200,OK,Ingreso-usuarios-muebles 1-126,text,true,,538,336,200,200,https://compumuebles-sabana-api.cyk.com.co/api/auth/login,15304,0,230
1781509341369,15253,Ingreso Usuario,200,OK,Ingreso-usuarios-muebles 1-182,text,true,,538,336,200,200,https://compumuebles-sabana-api.cyk.com.co/api/auth/login,15253,0,185
1781509341372,15255,Ingreso Usuario,200,OK,Ingreso-usuarios-muebles 1-162,text,true,,538,336,200,200,https://compumuebles-sabana-api.cyk.com.co/api/auth/login,15255,0,273
1781509341369,15258,Ingreso Usuario,200,OK,Ingreso-usuarios-muebles 1-140,text,true,,538,336,200,200,https://compumuebles-sabana-api.cyk.com.co/api/auth/login,15258,0,201
1781509341373,15255,Ingreso Usuario,200,OK,Ingreso-usuarios-muebles 1-42,text,true,,538,336,200,200,https://compumuebles-sabana-api.cyk.com.co/api/auth/login,15255,0,291
1781509341441,15188,Ingreso Usuario,200,OK,Ingreso-usuarios-muebles 1-149,text,true,,538,336,200,200,https://compumuebles-sabana-api.cyk.com.co/api/auth/login,15188,0,318
1781509341723,14908,Ingreso Usuario,200,OK,Ingreso-usuarios-muebles 1-7,text,true,,538,336,200,200,https://compumuebles-sabana-api.cyk.com.co/api/auth/login,14908,0,0
1781509341441,15191,Ingreso Usuario,200,OK,Ingreso-usuarios-muebles 1-65,text,true,,538,336,200,200,https://compumuebles-sabana-api.cyk.com.co/api/auth/login,15191,0,328
1781509341441,15193,Ingreso Usuario,200,OK,Ingreso-usuarios-muebles 1-41,text,true,,538,336,200,200,https://compumuebles-sabana-api.cyk.com.co/api/auth/login,15193,0,338
1781509341480,15161,Ingreso Usuario,200,OK,Ingreso-usuarios-muebles 1-69,text,true,,538,336,200,200,https://compumuebles-sabana-api.cyk.com.co/api/auth/login,15161,0,308
1781509341536,15121,Ingreso Usuario,200,OK,Ingreso-usuarios-muebles 1-4,text,true,,538,336,200,200,https://compumuebles-sabana-api.cyk.com.co/api/auth/login,15121,0,283
1781509341536,15121,Ingreso Usuario,200,OK,Ingreso-usuarios-muebles 1-155,text,true,,538,336,200,200,https://compumuebles-sabana-api.cyk.com.co/api/auth/login,15121,0,290
1781509341486,15171,Ingreso Usuario,200,OK,Ingreso-usuarios-muebles 1-56,text,true,,538,336,200,200,https://compumuebles-sabana-api.cyk.com.co/api/auth/login,15171,0,310
1781509341495,15162,Ingreso Usuario,200,OK,Ingreso-usuarios-muebles 1-46,text,true,,538,336,200,200,https://compumuebles-sabana-api.cyk.com.co/api/auth/login,15162,0,309
1781509341536,15121,Ingreso Usuario,200,OK,Ingreso-usuarios-muebles 1-187,text,true,,538,336,200,200,https://compumuebles-sabana-api.cyk.com.co/api/auth/login,15121,0,290
1781509341589,15068,Ingreso Usuario,200,OK,Ingreso-usuarios-muebles 1-168,text,true,,538,336,200,200,https://compumuebles-sabana-api.cyk.com.co/api/auth/login,15068,0,247
1781509341590,15081,Ingreso Usuario,200,OK,Ingreso-usuarios-muebles 1-135,text,true,,538,336,200,200,https://compumuebles-sabana-api.cyk.com.co/api/auth/login,15081,0,254
1781509341587,15084,Ingreso Usuario,200,OK,Ingreso-usuarios-muebles 1-144,text,true,,538,336,200,200,https://compumuebles-sabana-api.cyk.com.co/api/auth/login,15084,0,248
1781509341627,15060,Ingreso Usuario,200,OK,Ingreso-usuarios-muebles 1-166,text,true,,538,336,200,200,https://compumuebles-sabana-api.cyk.com.co/api/auth/login,15060,0,243
1781509341627,15060,Ingreso Usuario,200,OK,Ingreso-usuarios-muebles 1-71,text,true,,538,336,200,200,https://compumuebles-sabana-api.cyk.com.co/api/auth/login,15060,0,244
1781509341644,15043,Ingreso Usuario,200,OK,Ingreso-usuarios-muebles 1-104,text,true,,538,336,200,200,https://compumuebles-sabana-api.cyk.com.co/api/auth/login,15043,0,279
1781509341629,15058,Ingreso Usuario,200,OK,Ingreso-usuarios-muebles 1-26,text,true,,538,336,200,200,https://compumuebles-sabana-api.cyk.com.co/api/auth/login,15058,0,250
1781509341629,15058,Ingreso Usuario,200,OK,Ingreso-usuarios-muebles 1-113,text,true,,538,336,200,200,https://compumuebles-sabana-api.cyk.com.co/api/auth/login,15058,0,265
1781509341691,15012,Ingreso Usuario,200,OK,Ingreso-usuarios-muebles 1-55,text,true,,538,336,200,200,https://compumuebles-sabana-api.cyk.com.co/api/auth/login,15012,0,319
1781509341723,14980,Ingreso Usuario,200,OK,Ingreso-usuarios-muebles 1-70,text,true,,538,336,200,200,https://compumuebles-sabana-api.cyk.com.co/api/auth/login,14980,0,301
1781509341680,15023,Ingreso Usuario,200,OK,Ingreso-usuarios-muebles 1-22,text,true,,538,336,200,200,https://compumuebles-sabana-api.cyk.com.co/api/auth/login,15023,0,325
1781509341692,15011,Ingreso Usuario,200,OK,Ingreso-usuarios-muebles 1-156,text,true,,538,336,200,200,https://compumuebles-sabana-api.cyk.com.co/api/auth/login,15011,0,325
1781509341692,15011,Ingreso Usuario,200,OK,Ingreso-usuarios-muebles 1-106,text,true,,538,336,200,200,https://compumuebles-sabana-api.cyk.com.co/api/auth/login,15011,0,319
1781509341723,14992,Ingreso Usuario,200,OK,Ingreso-usuarios-muebles 1-184,text,true,,538,336,200,200,https://compumuebles-sabana-api.cyk.com.co/api/auth/login,14992,0,301
1781509341719,18689,Ingreso Usuario,200,OK,Ingreso-usuarios-muebles 1-59,text,true,,538,336,200,200,https://compumuebles-sabana-api.cyk.com.co/api/auth/login,18689,0,303
1781509341718,18695,Ingreso Usuario,200,OK,Ingreso-usuarios-muebles 1-74,text,true,,538,336,200,200,https://compumuebles-sabana-api.cyk.com.co/api/auth/login,18695,0,304
1781509341749,18668,Ingreso Usuario,200,OK,Ingreso-usuarios-muebles 1-24,text,true,,538,336,200,200,https://compumuebles-sabana-api.cyk.com.co/api/auth/login,18668,0,279
1781509344993,15429,Ingreso Usuario,200,OK,Ingreso-usuarios-muebles 1-37,text,true,,538,336,200,200,https://compumuebles-sabana-api.cyk.com.co/api/auth/login,15429,0,0
1781509345002,15424,Ingreso Usuario,200,OK,Ingreso-usuarios-muebles 1-195,text,true,,538,336,200,200,https://compumuebles-sabana-api.cyk.com.co/api/auth/login,15424,0,0
1781509345007,15423,Ingreso Usuario,200,OK,Ingreso-usuarios-muebles 1-1,text,true,,538,336,200,200,https://compumuebles-sabana-api.cyk.com.co/api/auth/login,15423,0,0
1781509345031,15400,Ingreso Usuario,200,OK,Ingreso-usuarios-muebles 1-97,text,true,,538,336,200,200,https://compumuebles-sabana-api.cyk.com.co/api/auth/login,15400,0,0
1781509345044,15389,Ingreso Usuario,200,OK,Ingreso-usuarios-muebles 1-109,text,true,,538,336,200,200,https://compumuebles-sabana-api.cyk.com.co/api/auth/login,15389,0,0
1781509345031,15408,Ingreso Usuario,200,OK,Ingreso-usuarios-muebles 1-2,text,true,,538,336,200,200,https://compumuebles-sabana-api.cyk.com.co/api/auth/login,15408,0,0
1781509345062,15378,Ingreso Usuario,200,OK,Ingreso-usuarios-muebles 1-81,text,true,,538,336,200,200,https://compumuebles-sabana-api.cyk.com.co/api/auth/login,15378,0,0
1781509345069,15375,Ingreso Usuario,200,OK,Ingreso-usuarios-muebles 1-28,text,true,,538,336,200,200,https://compumuebles-sabana-api.cyk.com.co/api/auth/login,15375,0,0
1781509345085,15362,Ingreso Usuario,200,OK,Ingreso-usuarios-muebles 1-43,text,true,,538,336,200,200,https://compumuebles-sabana-api.cyk.com.co/api/auth/login,15362,0,0
1781509345115,15335,Ingreso Usuario,200,OK,Ingreso-usuarios-muebles 1-139,text,true,,538,336,200,200,https://compumuebles-sabana-api.cyk.com.co/api/auth/login,15335,0,0
1781509341739,18716,Ingreso Usuario,200,OK,Ingreso-usuarios-muebles 1-147,text,true,,538,336,200,200,https://compumuebles-sabana-api.cyk.com.co/api/auth/login,18716,0,289
1781509341738,18720,Ingreso Usuario,200,OK,Ingreso-usuarios-muebles 1-82,text,true,,538,336,200,200,https://compumuebles-sabana-api.cyk.com.co/api/auth/login,18720,0,287
1781509345006,15456,Ingreso Usuario,200,OK,Ingreso-usuarios-muebles 1-116,text,true,,538,336,200,200,https://compumuebles-sabana-api.cyk.com.co/api/auth/login,15456,0,0
1781509345015,15450,Ingreso Usuario,200,OK,Ingreso-usuarios-muebles 1-40,text,true,,538,336,200,200,https://compumuebles-sabana-api.cyk.com.co/api/auth/login,15450,0,0
1781509345037,15431,Ingreso Usuario,200,OK,Ingreso-usuarios-muebles 1-134,text,true,,538,336,200,200,https://compumuebles-sabana-api.cyk.com.co/api/auth/login,15431,0,0
1781509345042,15426,Ingreso Usuario,200,OK,Ingreso-usuarios-muebles 1-30,text,true,,538,336,200,200,https://compumuebles-sabana-api.cyk.com.co/api/auth/login,15426,0,0
1781509345031,15439,Ingreso Usuario,200,OK,Ingreso-usuarios-muebles 1-73,text,true,,538,336,200,200,https://compumuebles-sabana-api.cyk.com.co/api/auth/login,15439,0,0
1781509345056,15415,Ingreso Usuario,200,OK,Ingreso-usuarios-muebles 1-45,text,true,,538,336,200,200,https://compumuebles-sabana-api.cyk.com.co/api/auth/login,15415,0,0
1781509345069,15406,Ingreso Usuario,200,OK,Ingreso-usuarios-muebles 1-34,text,true,,538,336,200,200,https://compumuebles-sabana-api.cyk.com.co/api/auth/login,15406,0,0
1781509345092,15386,Ingreso Usuario,200,OK,Ingreso-usuarios-muebles 1-177,text,true,,538,336,200,200,https://compumuebles-sabana-api.cyk.com.co/api/auth/login,15386,0,0
1781509345092,15389,Ingreso Usuario,200,OK,Ingreso-usuarios-muebles 1-80,text,true,,538,336,200,200,https://compumuebles-sabana-api.cyk.com.co/api/auth/login,15389,0,0
1781509345094,15391,Ingreso Usuario,200,OK,Ingreso-usuarios-muebles 1-19,text,true,,538,336,200,200,https://compumuebles-sabana-api.cyk.com.co/api/auth/login,15391,0,0
1781509341742,18752,Ingreso Usuario,200,OK,Ingreso-usuarios-muebles 1-158,text,true,,538,336,200,200,https://compumuebles-sabana-api.cyk.com.co/api/auth/login,18752,0,283
1781509341740,18755,Ingreso Usuario,200,OK,Ingreso-usuarios-muebles 1-146,text,true,,538,336,200,200,https://compumuebles-sabana-api.cyk.com.co/api/auth/login,18755,0,286
1781509345000,15502,Ingreso Usuario,200,OK,Ingreso-usuarios-muebles 1-96,text,true,,538,336,200,200,https://compumuebles-sabana-api.cyk.com.co/api/auth/login,15502,0,0
1781509345028,15488,Ingreso Usuario,200,OK,Ingreso-usuarios-muebles 1-16,text,true,,538,336,200,200,https://compumuebles-sabana-api.cyk.com.co/api/auth/login,15488,0,0
1781509345008,15509,Ingreso Usuario,200,OK,Ingreso-usuarios-muebles 1-21,text,true,,538,336,200,200,https://compumuebles-sabana-api.cyk.com.co/api/auth/login,15509,0,0
1781509345040,15484,Ingreso Usuario,200,OK,Ingreso-usuarios-muebles 1-38,text,true,,538,336,200,200,https://compumuebles-sabana-api.cyk.com.co/api/auth/login,15484,0,0
1781509345033,15493,Ingreso Usuario,200,OK,Ingreso-usuarios-muebles 1-174,text,true,,538,336,200,200,https://compumuebles-sabana-api.cyk.com.co/api/auth/login,15493,0,0
1781509345052,15478,Ingreso Usuario,200,OK,Ingreso-usuarios-muebles 1-91,text,true,,538,336,200,200,https://compumuebles-sabana-api.cyk.com.co/api/auth/login,15478,0,0
1781509345067,15465,Ingreso Usuario,200,OK,Ingreso-usuarios-muebles 1-178,text,true,,538,336,200,200,https://compumuebles-sabana-api.cyk.com.co/api/auth/login,15465,0,0
1781509345089,15446,Ingreso Usuario,200,OK,Ingreso-usuarios-muebles 1-159,text,true,,538,336,200,200,https://compumuebles-sabana-api.cyk.com.co/api/auth/login,15446,0,0
1781509345091,15447,Ingreso Usuario,200,OK,Ingreso-usuarios-muebles 1-5,text,true,,538,336,200,200,https://compumuebles-sabana-api.cyk.com.co/api/auth/login,15447,0,0
1781509345010,23429,Ingreso Usuario,200,OK,Ingreso-usuarios-muebles 1-75,text,true,,538,336,200,200,https://compumuebles-sabana-api.cyk.com.co/api/auth/login,23429,0,0
1781509344993,23446,Ingreso Usuario,200,OK,Ingreso-usuarios-muebles 1-194,text,true,,538,336,200,200,https://compumuebles-sabana-api.cyk.com.co/api/auth/login,23446,0,0
1781509345026,23414,Ingreso Usuario,200,OK,Ingreso-usuarios-muebles 1-154,text,true,,538,336,200,200,https://compumuebles-sabana-api.cyk.com.co/api/auth/login,23414,0,0
1781509345031,23414,Ingreso Usuario,200,OK,Ingreso-usuarios-muebles 1-25,text,true,,538,336,200,200,https://compumuebles-sabana-api.cyk.com.co/api/auth/login,23414,0,0
1781509345031,23418,Ingreso Usuario,200,OK,Ingreso-usuarios-muebles 1-14,text,true,,538,336,200,200,https://compumuebles-sabana-api.cyk.com.co/api/auth/login,23418,0,0
1781509345061,23388,Ingreso Usuario,200,OK,Ingreso-usuarios-muebles 1-181,text,true,,538,336,200,200,https://compumuebles-sabana-api.cyk.com.co/api/auth/login,23388,0,0
1781509345067,23384,Ingreso Usuario,200,OK,Ingreso-usuarios-muebles 1-130,text,true,,538,336,200,200,https://compumuebles-sabana-api.cyk.com.co/api/auth/login,23384,0,0
1781509345085,23370,Ingreso Usuario,200,OK,Ingreso-usuarios-muebles 1-164,text,true,,538,336,200,200,https://compumuebles-sabana-api.cyk.com.co/api/auth/login,23370,0,0
1781509345091,23365,Ingreso Usuario,200,OK,Ingreso-usuarios-muebles 1-110,text,true,,538,336,200,200,https://compumuebles-sabana-api.cyk.com.co/api/auth/login,23365,0,0
1781509345091,23367,Ingreso Usuario,200,OK,Ingreso-usuarios-muebles 1-107,text,true,,538,336,200,200,https://compumuebles-sabana-api.cyk.com.co/api/auth/login,23367,0,0
1781509345099,23367,Ingreso Usuario,200,OK,Ingreso-usuarios-muebles 1-129,text,true,,538,336,200,200,https://compumuebles-sabana-api.cyk.com.co/api/auth/login,23367,0,0
1781509344989,23480,Ingreso Usuario,200,OK,Ingreso-usuarios-muebles 1-142,text,true,,538,336,200,200,https://compumuebles-sabana-api.cyk.com.co/api/auth/login,23480,0,169
1781509345024,23455,Ingreso Usuario,200,OK,Ingreso-usuarios-muebles 1-169,text,true,,538,336,200,200,https://compumuebles-sabana-api.cyk.com.co/api/auth/login,23455,0,165
1781509345091,24414,Ingreso Usuario,200,OK,Ingreso-usuarios-muebles 1-171,text,true,,538,336,200,200,https://compumuebles-sabana-api.cyk.com.co/api/auth/login,24414,0,0
1781509355620,13888,Ingreso Usuario,200,OK,Ingreso-usuarios-muebles 1-31,text,true,,538,336,200,200,https://compumuebles-sabana-api.cyk.com.co/api/auth/login,13888,0,0
1781509355686,13826,Ingreso Usuario,200,OK,Ingreso-usuarios-muebles 1-108,text,true,,538,336,200,200,https://compumuebles-sabana-api.cyk.com.co/api/auth/login,13826,0,0
1781509355686,13830,Ingreso Usuario,200,OK,Ingreso-usuarios-muebles 1-15,text,true,,538,336,200,200,https://compumuebles-sabana-api.cyk.com.co/api/auth/login,13830,0,0
1781509355686,13832,Ingreso Usuario,200,OK,Ingreso-usuarios-muebles 1-87,text,true,,538,336,200,200,https://compumuebles-sabana-api.cyk.com.co/api/auth/login,13832,0,0
1781509355686,13833,Ingreso Usuario,200,OK,Ingreso-usuarios-muebles 1-133,text,true,,538,336,200,200,https://compumuebles-sabana-api.cyk.com.co/api/auth/login,13833,0,0
1781509355686,13834,Ingreso Usuario,200,OK,Ingreso-usuarios-muebles 1-172,text,true,,538,336,200,200,https://compumuebles-sabana-api.cyk.com.co/api/auth/login,13834,0,0
1781509355686,13836,Ingreso Usuario,200,OK,Ingreso-usuarios-muebles 1-9,text,true,,538,336,200,200,https://compumuebles-sabana-api.cyk.com.co/api/auth/login,13836,0,0
1781509355686,13838,Ingreso Usuario,200,OK,Ingreso-usuarios-muebles 1-123,text,true,,538,336,200,200,https://compumuebles-sabana-api.cyk.com.co/api/auth/login,13838,0,0
1781509355686,13840,Ingreso Usuario,200,OK,Ingreso-usuarios-muebles 1-66,text,true,,538,336,200,200,https://compumuebles-sabana-api.cyk.com.co/api/auth/login,13840,0,0
1781509355686,13843,Ingreso Usuario,200,OK,Ingreso-usuarios-muebles 1-151,text,true,,538,336,200,200,https://compumuebles-sabana-api.cyk.com.co/api/auth/login,13843,0,0
1781509355694,13836,Ingreso Usuario,200,OK,Ingreso-usuarios-muebles 1-114,text,true,,538,336,200,200,https://compumuebles-sabana-api.cyk.com.co/api/auth/login,13836,0,0
1781509355692,13843,Ingreso Usuario,200,OK,Ingreso-usuarios-muebles 1-176,text,true,,538,336,200,200,https://compumuebles-sabana-api.cyk.com.co/api/auth/login,13843,0,0
1781509355695,13842,Ingreso Usuario,200,OK,Ingreso-usuarios-muebles 1-57,text,true,,538,336,200,200,https://compumuebles-sabana-api.cyk.com.co/api/auth/login,13842,0,0
1781509355709,13830,Ingreso Usuario,200,OK,Ingreso-usuarios-muebles 1-88,text,true,,538,336,200,200,https://compumuebles-sabana-api.cyk.com.co/api/auth/login,13830,0,0
1781509355716,13829,Ingreso Usuario,200,OK,Ingreso-usuarios-muebles 1-115,text,true,,538,336,200,200,https://compumuebles-sabana-api.cyk.com.co/api/auth/login,13829,0,0
1781509355717,13830,Ingreso Usuario,200,OK,Ingreso-usuarios-muebles 1-32,text,true,,538,336,200,200,https://compumuebles-sabana-api.cyk.com.co/api/auth/login,13830,0,0
1781509355717,13832,Ingreso Usuario,200,OK,Ingreso-usuarios-muebles 1-53,text,true,,538,336,200,200,https://compumuebles-sabana-api.cyk.com.co/api/auth/login,13832,0,0
1781509355727,13824,Ingreso Usuario,200,OK,Ingreso-usuarios-muebles 1-128,text,true,,538,336,200,200,https://compumuebles-sabana-api.cyk.com.co/api/auth/login,13824,0,0
1781509355730,13823,Ingreso Usuario,200,OK,Ingreso-usuarios-muebles 1-163,text,true,,538,336,200,200,https://compumuebles-sabana-api.cyk.com.co/api/auth/login,13823,0,0
1781509355742,13814,Ingreso Usuario,200,OK,Ingreso-usuarios-muebles 1-143,text,true,,538,336,200,200,https://compumuebles-sabana-api.cyk.com.co/api/auth/login,13814,0,0
1781509355723,13835,Ingreso Usuario,200,OK,Ingreso-usuarios-muebles 1-189,text,true,,538,336,200,200,https://compumuebles-sabana-api.cyk.com.co/api/auth/login,13835,0,0
1781509355744,13817,Ingreso Usuario,200,OK,Ingreso-usuarios-muebles 1-148,text,true,,538,336,200,200,https://compumuebles-sabana-api.cyk.com.co/api/auth/login,13817,0,0
1781509355753,13810,Ingreso Usuario,200,OK,Ingreso-usuarios-muebles 1-141,text,true,,538,336,200,200,https://compumuebles-sabana-api.cyk.com.co/api/auth/login,13810,0,0
1781509355763,13803,Ingreso Usuario,200,OK,Ingreso-usuarios-muebles 1-48,text,true,,538,336,200,200,https://compumuebles-sabana-api.cyk.com.co/api/auth/login,13803,0,0
1781509355764,13803,Ingreso Usuario,200,OK,Ingreso-usuarios-muebles 1-198,text,true,,538,336,200,200,https://compumuebles-sabana-api.cyk.com.co/api/auth/login,13803,0,0
1781509355759,13809,Ingreso Usuario,200,OK,Ingreso-usuarios-muebles 1-111,text,true,,538,336,200,200,https://compumuebles-sabana-api.cyk.com.co/api/auth/login,13809,0,0
1781509355809,13762,Ingreso Usuario,200,OK,Ingreso-usuarios-muebles 1-63,text,true,,538,336,200,200,https://compumuebles-sabana-api.cyk.com.co/api/auth/login,13762,0,0
1781509355810,13766,Ingreso Usuario,200,OK,Ingreso-usuarios-muebles 1-27,text,true,,538,336,200,200,https://compumuebles-sabana-api.cyk.com.co/api/auth/login,13766,0,0
1781509355810,13769,Ingreso Usuario,200,OK,Ingreso-usuarios-muebles 1-99,text,true,,538,336,200,200,https://compumuebles-sabana-api.cyk.com.co/api/auth/login,13769,0,0
1781509355827,13757,Ingreso Usuario,200,OK,Ingreso-usuarios-muebles 1-51,text,true,,538,336,200,200,https://compumuebles-sabana-api.cyk.com.co/api/auth/login,13757,0,0
1781509355894,13695,Ingreso Usuario,200,OK,Ingreso-usuarios-muebles 1-122,text,true,,538,336,200,200,https://compumuebles-sabana-api.cyk.com.co/api/auth/login,13695,0,0
1781509355878,13712,Ingreso Usuario,200,OK,Ingreso-usuarios-muebles 1-100,text,true,,538,336,200,200,https://compumuebles-sabana-api.cyk.com.co/api/auth/login,13712,0,0
1781509355896,13695,Ingreso Usuario,200,OK,Ingreso-usuarios-muebles 1-68,text,true,,538,336,200,200,https://compumuebles-sabana-api.cyk.com.co/api/auth/login,13695,0,0
1781509355927,13669,Ingreso Usuario,200,OK,Ingreso-usuarios-muebles 1-6,text,true,,538,336,200,200,https://compumuebles-sabana-api.cyk.com.co/api/auth/login,13669,0,0
1781509355926,13677,Ingreso Usuario,200,OK,Ingreso-usuarios-muebles 1-3,text,true,,538,336,200,200,https://compumuebles-sabana-api.cyk.com.co/api/auth/login,13677,0,0
1781509355960,13671,Ingreso Usuario,200,OK,Ingreso-usuarios-muebles 1-137,text,true,,538,336,200,200,https://compumuebles-sabana-api.cyk.com.co/api/auth/login,13671,0,0
1781509355959,13676,Ingreso Usuario,200,OK,Ingreso-usuarios-muebles 1-180,text,true,,538,336,200,200,https://compumuebles-sabana-api.cyk.com.co/api/auth/login,13676,0,0
1781509344980,26025,Ingreso Usuario,200,OK,Ingreso-usuarios-muebles 1-79,text,true,,538,336,200,200,https://compumuebles-sabana-api.cyk.com.co/api/auth/login,26025,0,170
1781509345017,25994,Ingreso Usuario,200,OK,Ingreso-usuarios-muebles 1-170,text,true,,538,336,200,200,https://compumuebles-sabana-api.cyk.com.co/api/auth/login,25994,0,174
1781509355686,15327,Ingreso Usuario,200,OK,Ingreso-usuarios-muebles 1-36,text,true,,538,336,200,200,https://compumuebles-sabana-api.cyk.com.co/api/auth/login,15327,0,0
1781509355686,15339,Ingreso Usuario,200,OK,Ingreso-usuarios-muebles 1-64,text,true,,538,336,200,200,https://compumuebles-sabana-api.cyk.com.co/api/auth/login,15339,0,0
1781509355686,15339,Ingreso Usuario,200,OK,Ingreso-usuarios-muebles 1-196,text,true,,538,336,200,200,https://compumuebles-sabana-api.cyk.com.co/api/auth/login,15339,0,0
1781509355686,15340,Ingreso Usuario,200,OK,Ingreso-usuarios-muebles 1-152,text,true,,538,336,200,200,https://compumuebles-sabana-api.cyk.com.co/api/auth/login,15340,0,0
1781509355686,15341,Ingreso Usuario,200,OK,Ingreso-usuarios-muebles 1-160,text,true,,538,336,200,200,https://compumuebles-sabana-api.cyk.com.co/api/auth/login,15341,0,0
1781509355686,15341,Ingreso Usuario,200,OK,Ingreso-usuarios-muebles 1-200,text,true,,538,336,200,200,https://compumuebles-sabana-api.cyk.com.co/api/auth/login,15341,0,0
1781509355686,15341,Ingreso Usuario,200,OK,Ingreso-usuarios-muebles 1-35,text,true,,538,336,200,200,https://compumuebles-sabana-api.cyk.com.co/api/auth/login,15341,0,0
1781509355686,15342,Ingreso Usuario,200,OK,Ingreso-usuarios-muebles 1-29,text,true,,538,336,200,200,https://compumuebles-sabana-api.cyk.com.co/api/auth/login,15342,0,0
1781509355689,15340,Ingreso Usuario,200,OK,Ingreso-usuarios-muebles 1-118,text,true,,538,336,200,200,https://compumuebles-sabana-api.cyk.com.co/api/auth/login,15340,0,0
1781509355691,15338,Ingreso Usuario,200,OK,Ingreso-usuarios-muebles 1-47,text,true,,538,336,200,200,https://compumuebles-sabana-api.cyk.com.co/api/auth/login,15338,0,0
1781509355690,15339,Ingreso Usuario,200,OK,Ingreso-usuarios-muebles 1-165,text,true,,538,336,200,200,https://compumuebles-sabana-api.cyk.com.co/api/auth/login,15339,0,0
1781509355694,15343,Ingreso Usuario,200,OK,Ingreso-usuarios-muebles 1-84,text,true,,538,336,200,200,https://compumuebles-sabana-api.cyk.com.co/api/auth/login,15343,0,0
1781509355694,15343,Ingreso Usuario,200,OK,Ingreso-usuarios-muebles 1-94,text,true,,538,336,200,200,https://compumuebles-sabana-api.cyk.com.co/api/auth/login,15343,0,0
1781509355715,15323,Ingreso Usuario,200,OK,Ingreso-usuarios-muebles 1-124,text,true,,538,336,200,200,https://compumuebles-sabana-api.cyk.com.co/api/auth/login,15323,0,0
1781509355715,15327,Ingreso Usuario,200,OK,Ingreso-usuarios-muebles 1-78,text,true,,538,336,200,200,https://compumuebles-sabana-api.cyk.com.co/api/auth/login,15327,0,0
1781509355732,15310,Ingreso Usuario,200,OK,Ingreso-usuarios-muebles 1-161,text,true,,538,336,200,200,https://compumuebles-sabana-api.cyk.com.co/api/auth/login,15310,0,0
1781509355724,15320,Ingreso Usuario,200,OK,Ingreso-usuarios-muebles 1-183,text,true,,538,336,200,200,https://compumuebles-sabana-api.cyk.com.co/api/auth/login,15320,0,0
1781509355733,15313,Ingreso Usuario,200,OK,Ingreso-usuarios-muebles 1-95,text,true,,538,336,200,200,https://compumuebles-sabana-api.cyk.com.co/api/auth/login,15313,0,0
1781509355733,15316,Ingreso Usuario,200,OK,Ingreso-usuarios-muebles 1-179,text,true,,538,336,200,200,https://compumuebles-sabana-api.cyk.com.co/api/auth/login,15316,0,0
1781509355722,15329,Ingreso Usuario,200,OK,Ingreso-usuarios-muebles 1-8,text,true,,538,336,200,200,https://compumuebles-sabana-api.cyk.com.co/api/auth/login,15329,0,0
1781509355743,15310,Ingreso Usuario,200,OK,Ingreso-usuarios-muebles 1-50,text,true,,538,336,200,200,https://compumuebles-sabana-api.cyk.com.co/api/auth/login,15310,0,0
1781509355752,15304,Ingreso Usuario,200,OK,Ingreso-usuarios-muebles 1-13,text,true,,538,336,200,200,https://compumuebles-sabana-api.cyk.com.co/api/auth/login,15304,0,0
1781509355773,15284,Ingreso Usuario,200,OK,Ingreso-usuarios-muebles 1-145,text,true,,538,336,200,200,https://compumuebles-sabana-api.cyk.com.co/api/auth/login,15284,0,0
1781509355761,15298,Ingreso Usuario,200,OK,Ingreso-usuarios-muebles 1-103,text,true,,538,336,200,200,https://compumuebles-sabana-api.cyk.com.co/api/auth/login,15298,0,0
1781509355809,15250,Ingreso Usuario,200,OK,Ingreso-usuarios-muebles 1-72,text,true,,538,336,200,200,https://compumuebles-sabana-api.cyk.com.co/api/auth/login,15250,0,0
1781509355784,15277,Ingreso Usuario,200,OK,Ingreso-usuarios-muebles 1-92,text,true,,538,336,200,200,https://compumuebles-sabana-api.cyk.com.co/api/auth/login,15277,0,0
1781509355767,15298,Ingreso Usuario,200,OK,Ingreso-usuarios-muebles 1-12,text,true,,538,336,200,200,https://compumuebles-sabana-api.cyk.com.co/api/auth/login,15298,0,0
1781509355810,15264,Ingreso Usuario,200,OK,Ingreso-usuarios-muebles 1-192,text,true,,538,336,200,200,https://compumuebles-sabana-api.cyk.com.co/api/auth/login,15264,0,0
1781509355823,15251,Ingreso Usuario,200,OK,Ingreso-usuarios-muebles 1-101,text,true,,538,336,200,200,https://compumuebles-sabana-api.cyk.com.co/api/auth/login,15251,0,0
1781509355827,15247,Ingreso Usuario,200,OK,Ingreso-usuarios-muebles 1-61,text,true,,538,336,200,200,https://compumuebles-sabana-api.cyk.com.co/api/auth/login,15247,0,0
1781509355896,15181,Ingreso Usuario,200,OK,Ingreso-usuarios-muebles 1-105,text,true,,538,336,200,200,https://compumuebles-sabana-api.cyk.com.co/api/auth/login,15181,0,0
1781509355895,15183,Ingreso Usuario,200,OK,Ingreso-usuarios-muebles 1-98,text,true,,538,336,200,200,https://compumuebles-sabana-api.cyk.com.co/api/auth/login,15183,0,0
1781509355910,15168,Ingreso Usuario,200,OK,Ingreso-usuarios-muebles 1-49,text,true,,538,336,200,200,https://compumuebles-sabana-api.cyk.com.co/api/auth/login,15168,0,0
1781509355926,15152,Ingreso Usuario,200,OK,Ingreso-usuarios-muebles 1-85,text,true,,538,336,200,200,https://compumuebles-sabana-api.cyk.com.co/api/auth/login,15152,0,0
1781509355960,15120,Ingreso Usuario,200,OK,Ingreso-usuarios-muebles 1-127,text,true,,538,336,200,200,https://compumuebles-sabana-api.cyk.com.co/api/auth/login,15120,0,0
1781509355962,15119,Ingreso Usuario,200,OK,Ingreso-usuarios-muebles 1-190,text,true,,538,336,200,200,https://compumuebles-sabana-api.cyk.com.co/api/auth/login,15119,0,0
1781509345115,25969,Ingreso Usuario,200,OK,Ingreso-usuarios-muebles 1-18,text,true,,538,336,200,200,https://compumuebles-sabana-api.cyk.com.co/api/auth/login,25969,0,0
1781509355621,15465,Ingreso Usuario,200,OK,Ingreso-usuarios-muebles 1-90,text,true,,538,336,200,200,https://compumuebles-sabana-api.cyk.com.co/api/auth/login,15465,0,0
1781509355603,15486,Ingreso Usuario,200,OK,Ingreso-usuarios-muebles 1-10,text,true,,538,336,200,200,https://compumuebles-sabana-api.cyk.com.co/api/auth/login,15486,0,0
1781509355686,15404,Ingreso Usuario,200,OK,Ingreso-usuarios-muebles 1-93,text,true,,538,336,200,200,https://compumuebles-sabana-api.cyk.com.co/api/auth/login,15404,0,0
1781509355686,15412,Ingreso Usuario,200,OK,Ingreso-usuarios-muebles 1-186,text,true,,538,336,200,200,https://compumuebles-sabana-api.cyk.com.co/api/auth/login,15412,0,0
1781509355686,15416,Ingreso Usuario,200,OK,Ingreso-usuarios-muebles 1-131,text,true,,538,336,200,200,https://compumuebles-sabana-api.cyk.com.co/api/auth/login,15416,0,0
1781509355686,15434,Ingreso Usuario,200,OK,Ingreso-usuarios-muebles 1-199,text,true,,538,336,200,200,https://compumuebles-sabana-api.cyk.com.co/api/auth/login,15434,0,0
1781509355686,15435,Ingreso Usuario,200,OK,Ingreso-usuarios-muebles 1-136,text,true,,538,336,200,200,https://compumuebles-sabana-api.cyk.com.co/api/auth/login,15435,0,0
1781509355686,15435,Ingreso Usuario,200,OK,Ingreso-usuarios-muebles 1-76,text,true,,538,336,200,200,https://compumuebles-sabana-api.cyk.com.co/api/auth/login,15435,0,0
1781509355686,15436,Ingreso Usuario,200,OK,Ingreso-usuarios-muebles 1-58,text,true,,538,336,200,200,https://compumuebles-sabana-api.cyk.com.co/api/auth/login,15436,0,0
1781509355694,15428,Ingreso Usuario,200,OK,Ingreso-usuarios-muebles 1-191,text,true,,538,336,200,200,https://compumuebles-sabana-api.cyk.com.co/api/auth/login,15428,0,0
1781509355686,15437,Ingreso Usuario,200,OK,Ingreso-usuarios-muebles 1-175,text,true,,538,336,200,200,https://compumuebles-sabana-api.cyk.com.co/api/auth/login,15437,0,0
1781509355686,15437,Ingreso Usuario,200,OK,Ingreso-usuarios-muebles 1-173,text,true,,538,336,200,200,https://compumuebles-sabana-api.cyk.com.co/api/auth/login,15437,0,0
1781509355694,15430,Ingreso Usuario,200,OK,Ingreso-usuarios-muebles 1-112,text,true,,538,336,200,200,https://compumuebles-sabana-api.cyk.com.co/api/auth/login,15430,0,0
1781509355708,15437,Ingreso Usuario,200,OK,Ingreso-usuarios-muebles 1-23,text,true,,538,336,200,200,https://compumuebles-sabana-api.cyk.com.co/api/auth/login,15437,0,0
1781509355708,15437,Ingreso Usuario,200,OK,Ingreso-usuarios-muebles 1-153,text,true,,538,336,200,200,https://compumuebles-sabana-api.cyk.com.co/api/auth/login,15437,0,0
1781509355716,15430,Ingreso Usuario,200,OK,Ingreso-usuarios-muebles 1-132,text,true,,538,336,200,200,https://compumuebles-sabana-api.cyk.com.co/api/auth/login,15430,0,0
1781509355715,15437,Ingreso Usuario,200,OK,Ingreso-usuarios-muebles 1-86,text,true,,538,336,200,200,https://compumuebles-sabana-api.cyk.com.co/api/auth/login,15437,0,0
1781509355740,15413,Ingreso Usuario,200,OK,Ingreso-usuarios-muebles 1-167,text,true,,538,336,200,200,https://compumuebles-sabana-api.cyk.com.co/api/auth/login,15413,0,0
1781509355719,15448,Ingreso Usuario,200,OK,Ingreso-usuarios-muebles 1-197,text,true,,538,336,200,200,https://compumuebles-sabana-api.cyk.com.co/api/auth/login,15448,0,0
1781509355719,15448,Ingreso Usuario,200,OK,Ingreso-usuarios-muebles 1-102,text,true,,538,336,200,200,https://compumuebles-sabana-api.cyk.com.co/api/auth/login,15448,0,0
1781509355726,15441,Ingreso Usuario,200,OK,Ingreso-usuarios-muebles 1-157,text,true,,538,336,200,200,https://compumuebles-sabana-api.cyk.com.co/api/auth/login,15441,0,0
1781509355752,15416,Ingreso Usuario,200,OK,Ingreso-usuarios-muebles 1-54,text,true,,538,336,200,200,https://compumuebles-sabana-api.cyk.com.co/api/auth/login,15416,0,0
1781509355753,15415,Ingreso Usuario,200,OK,Ingreso-usuarios-muebles 1-117,text,true,,538,336,200,200,https://compumuebles-sabana-api.cyk.com.co/api/auth/login,15415,0,0
1781509355761,15413,Ingreso Usuario,200,OK,Ingreso-usuarios-muebles 1-33,text,true,,538,336,200,200,https://compumuebles-sabana-api.cyk.com.co/api/auth/login,15413,0,0
1781509355746,15429,Ingreso Usuario,200,OK,Ingreso-usuarios-muebles 1-120,text,true,,538,336,200,200,https://compumuebles-sabana-api.cyk.com.co/api/auth/login,15429,0,0
1781509355784,15404,Ingreso Usuario,200,OK,Ingreso-usuarios-muebles 1-119,text,true,,538,336,200,200,https://compumuebles-sabana-api.cyk.com.co/api/auth/login,15404,0,0
1781509355810,15380,Ingreso Usuario,200,OK,Ingreso-usuarios-muebles 1-77,text,true,,538,336,200,200,https://compumuebles-sabana-api.cyk.com.co/api/auth/login,15380,0,0
1781509355784,15406,Ingreso Usuario,200,OK,Ingreso-usuarios-muebles 1-17,text,true,,538,336,200,200,https://compumuebles-sabana-api.cyk.com.co/api/auth/login,15406,0,0
1781509355828,15381,Ingreso Usuario,200,OK,Ingreso-usuarios-muebles 1-83,text,true,,538,336,200,200,https://compumuebles-sabana-api.cyk.com.co/api/auth/login,15381,0,0
1781509355810,15399,Ingreso Usuario,200,OK,Ingreso-usuarios-muebles 1-185,text,true,,538,336,200,200,https://compumuebles-sabana-api.cyk.com.co/api/auth/login,15399,0,0
1781509355828,15403,Ingreso Usuario,200,OK,Ingreso-usuarios-muebles 1-11,text,true,,538,336,200,200,https://compumuebles-sabana-api.cyk.com.co/api/auth/login,15403,0,0
1781509355878,15357,Ingreso Usuario,200,OK,Ingreso-usuarios-muebles 1-150,text,true,,538,336,200,200,https://compumuebles-sabana-api.cyk.com.co/api/auth/login,15357,0,0
1781509355895,15341,Ingreso Usuario,200,OK,Ingreso-usuarios-muebles 1-44,text,true,,538,336,200,200,https://compumuebles-sabana-api.cyk.com.co/api/auth/login,15341,0,0
1781509355895,15343,Ingreso Usuario,200,OK,Ingreso-usuarios-muebles 1-52,text,true,,538,336,200,200,https://compumuebles-sabana-api.cyk.com.co/api/auth/login,15343,0,0
1781509355927,15316,Ingreso Usuario,200,OK,Ingreso-usuarios-muebles 1-39,text,true,,538,336,200,200,https://compumuebles-sabana-api.cyk.com.co/api/auth/login,15316,0,0
1781509355962,15282,Ingreso Usuario,200,OK,Ingreso-usuarios-muebles 1-67,text,true,,538,336,200,200,https://compumuebles-sabana-api.cyk.com.co/api/auth/login,15282,0,0
1781509355960,15299,Ingreso Usuario,200,OK,Ingreso-usuarios-muebles 1-62,text,true,,538,336,200,200,https://compumuebles-sabana-api.cyk.com.co/api/auth/login,15299,0,0
1781509356591,17099,Ingreso Usuario,200,OK,Ingreso-usuarios-muebles 1-193,text,true,,538,336,200,200,https://compumuebles-sabana-api.cyk.com.co/api/auth/login,17099,0,0
1781509356598,17097,Ingreso Usuario,200,OK,Ingreso-usuarios-muebles 1-138,text,true,,538,336,200,200,https://compumuebles-sabana-api.cyk.com.co/api/auth/login,17097,0,0
1781509356606,17091,Ingreso Usuario,200,OK,Ingreso-usuarios-muebles 1-20,text,true,,538,336,200,200,https://compumuebles-sabana-api.cyk.com.co/api/auth/login,17091,0,0
1781509356606,17095,Ingreso Usuario,200,OK,Ingreso-usuarios-muebles 1-188,text,true,,538,336,200,200,https://compumuebles-sabana-api.cyk.com.co/api/auth/login,17095,0,0
1781509356607,17097,Ingreso Usuario,200,OK,Ingreso-usuarios-muebles 1-60,text,true,,538,336,200,200,https://compumuebles-sabana-api.cyk.com.co/api/auth/login,17097,0,0
1781509356607,17098,Ingreso Usuario,200,OK,Ingreso-usuarios-muebles 1-89,text,true,,538,336,200,200,https://compumuebles-sabana-api.cyk.com.co/api/auth/login,17098,0,0
1781509356605,17101,Ingreso Usuario,200,OK,Ingreso-usuarios-muebles 1-121,text,true,,538,336,200,200,https://compumuebles-sabana-api.cyk.com.co/api/auth/login,17101,0,0
1781509356603,17105,Ingreso Usuario,200,OK,Ingreso-usuarios-muebles 1-125,text,true,,538,336,200,200,https://compumuebles-sabana-api.cyk.com.co/api/auth/login,17105,0,0
1781509356623,17087,Ingreso Usuario,200,OK,Ingreso-usuarios-muebles 1-182,text,true,,538,336,200,200,https://compumuebles-sabana-api.cyk.com.co/api/auth/login,17087,0,0
1781509356613,17101,Ingreso Usuario,200,OK,Ingreso-usuarios-muebles 1-126,text,true,,538,336,200,200,https://compumuebles-sabana-api.cyk.com.co/api/auth/login,17101,0,0
1781509356633,17084,Ingreso Usuario,200,OK,Ingreso-usuarios-muebles 1-65,text,true,,538,336,200,200,https://compumuebles-sabana-api.cyk.com.co/api/auth/login,17084,0,0
1781509356630,17092,Ingreso Usuario,200,OK,Ingreso-usuarios-muebles 1-149,text,true,,538,336,200,200,https://compumuebles-sabana-api.cyk.com.co/api/auth/login,17092,0,0
1781509356629,17096,Ingreso Usuario,200,OK,Ingreso-usuarios-muebles 1-42,text,true,,538,336,200,200,https://compumuebles-sabana-api.cyk.com.co/api/auth/login,17096,0,0
1781509356628,17099,Ingreso Usuario,200,OK,Ingreso-usuarios-muebles 1-162,text,true,,538,336,200,200,https://compumuebles-sabana-api.cyk.com.co/api/auth/login,17099,0,0
1781509356632,17097,Ingreso Usuario,200,OK,Ingreso-usuarios-muebles 1-7,text,true,,538,336,200,200,https://compumuebles-sabana-api.cyk.com.co/api/auth/login,17097,0,0
1781509356635,17096,Ingreso Usuario,200,OK,Ingreso-usuarios-muebles 1-41,text,true,,538,336,200,200,https://compumuebles-sabana-api.cyk.com.co/api/auth/login,17096,0,0
1781509356628,17107,Ingreso Usuario,200,OK,Ingreso-usuarios-muebles 1-140,text,true,,538,336,200,200,https://compumuebles-sabana-api.cyk.com.co/api/auth/login,17107,0,0
1781509356716,17021,Ingreso Usuario,200,OK,Ingreso-usuarios-muebles 1-70,text,true,,538,336,200,200,https://compumuebles-sabana-api.cyk.com.co/api/auth/login,17021,0,0
1781509356716,17025,Ingreso Usuario,200,OK,Ingreso-usuarios-muebles 1-156,text,true,,538,336,200,200,https://compumuebles-sabana-api.cyk.com.co/api/auth/login,17025,0,0
1781509356716,17027,Ingreso Usuario,200,OK,Ingreso-usuarios-muebles 1-106,text,true,,538,336,200,200,https://compumuebles-sabana-api.cyk.com.co/api/auth/login,17027,0,0
1781509356716,17027,Ingreso Usuario,200,OK,Ingreso-usuarios-muebles 1-113,text,true,,538,336,200,200,https://compumuebles-sabana-api.cyk.com.co/api/auth/login,17027,0,0
1781509356716,17027,Ingreso Usuario,200,OK,Ingreso-usuarios-muebles 1-55,text,true,,538,336,200,200,https://compumuebles-sabana-api.cyk.com.co/api/auth/login,17027,0,0
1781509356716,17030,Ingreso Usuario,200,OK,Ingreso-usuarios-muebles 1-184,text,true,,538,336,200,200,https://compumuebles-sabana-api.cyk.com.co/api/auth/login,17030,0,0
1781509356716,17033,Ingreso Usuario,200,OK,Ingreso-usuarios-muebles 1-168,text,true,,538,336,200,200,https://compumuebles-sabana-api.cyk.com.co/api/auth/login,17033,0,0
1781509356716,17036,Ingreso Usuario,200,OK,Ingreso-usuarios-muebles 1-22,text,true,,538,336,200,200,https://compumuebles-sabana-api.cyk.com.co/api/auth/login,17036,0,0
1781509356716,17038,Ingreso Usuario,200,OK,Ingreso-usuarios-muebles 1-26,text,true,,538,336,200,200,https://compumuebles-sabana-api.cyk.com.co/api/auth/login,17038,0,0
1781509356716,17043,Ingreso Usuario,200,OK,Ingreso-usuarios-muebles 1-144,text,true,,538,336,200,200,https://compumuebles-sabana-api.cyk.com.co/api/auth/login,17043,0,0
1781509356716,17043,Ingreso Usuario,200,OK,Ingreso-usuarios-muebles 1-69,text,true,,538,336,200,200,https://compumuebles-sabana-api.cyk.com.co/api/auth/login,17043,0,0
1781509356716,17043,Ingreso Usuario,200,OK,Ingreso-usuarios-muebles 1-104,text,true,,538,336,200,200,https://compumuebles-sabana-api.cyk.com.co/api/auth/login,17043,0,0
1781509356716,17046,Ingreso Usuario,200,OK,Ingreso-usuarios-muebles 1-71,text,true,,538,336,200,200,https://compumuebles-sabana-api.cyk.com.co/api/auth/login,17046,0,0
1781509356716,17047,Ingreso Usuario,200,OK,Ingreso-usuarios-muebles 1-166,text,true,,538,336,200,200,https://compumuebles-sabana-api.cyk.com.co/api/auth/login,17047,0,0
1781509356716,17048,Ingreso Usuario,200,OK,Ingreso-usuarios-muebles 1-56,text,true,,538,336,200,200,https://compumuebles-sabana-api.cyk.com.co/api/auth/login,17048,0,0
1781509356716,17049,Ingreso Usuario,200,OK,Ingreso-usuarios-muebles 1-155,text,true,,538,336,200,200,https://compumuebles-sabana-api.cyk.com.co/api/auth/login,17049,0,0
1781509356716,17053,Ingreso Usuario,200,OK,Ingreso-usuarios-muebles 1-46,text,true,,538,336,200,200,https://compumuebles-sabana-api.cyk.com.co/api/auth/login,17053,0,0
1781509356716,17059,Ingreso Usuario,200,OK,Ingreso-usuarios-muebles 1-187,text,true,,538,336,200,200,https://compumuebles-sabana-api.cyk.com.co/api/auth/login,17059,0,0
1781509356716,17066,Ingreso Usuario,200,OK,Ingreso-usuarios-muebles 1-4,text,true,,538,336,200,200,https://compumuebles-sabana-api.cyk.com.co/api/auth/login,17066,0,0
1781509356716,17066,Ingreso Usuario,200,OK,Ingreso-usuarios-muebles 1-135,text,true,,538,336,200,200,https://compumuebles-sabana-api.cyk.com.co/api/auth/login,17066,0,0
1781509360409,17228,Ingreso Usuario,200,OK,Ingreso-usuarios-muebles 1-59,text,true,,538,336,200,200,https://compumuebles-sabana-api.cyk.com.co/api/auth/login,17228,0,0
1781509360424,17214,Ingreso Usuario,200,OK,Ingreso-usuarios-muebles 1-37,text,true,,538,336,200,200,https://compumuebles-sabana-api.cyk.com.co/api/auth/login,17214,0,0
1781509360432,17210,Ingreso Usuario,200,OK,Ingreso-usuarios-muebles 1-97,text,true,,538,336,200,200,https://compumuebles-sabana-api.cyk.com.co/api/auth/login,17210,0,0
1781509360440,17203,Ingreso Usuario,200,OK,Ingreso-usuarios-muebles 1-2,text,true,,538,336,200,200,https://compumuebles-sabana-api.cyk.com.co/api/auth/login,17203,0,0
1781509360451,17192,Ingreso Usuario,200,OK,Ingreso-usuarios-muebles 1-139,text,true,,538,336,200,200,https://compumuebles-sabana-api.cyk.com.co/api/auth/login,17192,0,0
1781509360460,17184,Ingreso Usuario,200,OK,Ingreso-usuarios-muebles 1-82,text,true,,538,336,200,200,https://compumuebles-sabana-api.cyk.com.co/api/auth/login,17184,0,0
1781509360469,17176,Ingreso Usuario,200,OK,Ingreso-usuarios-muebles 1-30,text,true,,538,336,200,200,https://compumuebles-sabana-api.cyk.com.co/api/auth/login,17176,0,0
1781509360472,17175,Ingreso Usuario,200,OK,Ingreso-usuarios-muebles 1-45,text,true,,538,336,200,200,https://compumuebles-sabana-api.cyk.com.co/api/auth/login,17174,0,0
1781509360479,17171,Ingreso Usuario,200,OK,Ingreso-usuarios-muebles 1-177,text,true,,538,336,200,200,https://compumuebles-sabana-api.cyk.com.co/api/auth/login,17171,0,0
1781509360518,17134,Ingreso Usuario,200,OK,Ingreso-usuarios-muebles 1-21,text,true,,538,336,200,200,https://compumuebles-sabana-api.cyk.com.co/api/auth/login,17134,0,0
1781509360527,17127,Ingreso Usuario,200,OK,Ingreso-usuarios-muebles 1-174,text,true,,538,336,200,200,https://compumuebles-sabana-api.cyk.com.co/api/auth/login,17127,0,0
1781509360539,17116,Ingreso Usuario,200,OK,Ingreso-usuarios-muebles 1-5,text,true,,538,336,200,200,https://compumuebles-sabana-api.cyk.com.co/api/auth/login,17116,0,0
1781509369508,8154,Ingreso Usuario,200,OK,Ingreso-usuarios-muebles 1-31,text,true,,538,336,200,200,https://compumuebles-sabana-api.cyk.com.co/api/auth/login,8154,0,0
1781509369506,8156,Ingreso Usuario,200,OK,Ingreso-usuarios-muebles 1-171,text,true,,538,336,200,200,https://compumuebles-sabana-api.cyk.com.co/api/auth/login,8156,0,0
1781509369512,8153,Ingreso Usuario,200,OK,Ingreso-usuarios-muebles 1-108,text,true,,538,336,200,200,https://compumuebles-sabana-api.cyk.com.co/api/auth/login,8153,0,0
1781509369516,8150,Ingreso Usuario,200,OK,Ingreso-usuarios-muebles 1-15,text,true,,538,336,200,200,https://compumuebles-sabana-api.cyk.com.co/api/auth/login,8150,0,0
1781509369518,8151,Ingreso Usuario,200,OK,Ingreso-usuarios-muebles 1-87,text,true,,538,336,200,200,https://compumuebles-sabana-api.cyk.com.co/api/auth/login,8151,0,0
1781509369520,8152,Ingreso Usuario,200,OK,Ingreso-usuarios-muebles 1-172,text,true,,538,336,200,200,https://compumuebles-sabana-api.cyk.com.co/api/auth/login,8152,0,0
1781509369519,8154,Ingreso Usuario,200,OK,Ingreso-usuarios-muebles 1-133,text,true,,538,336,200,200,https://compumuebles-sabana-api.cyk.com.co/api/auth/login,8154,0,0
1781509369524,8154,Ingreso Usuario,200,OK,Ingreso-usuarios-muebles 1-123,text,true,,538,336,200,200,https://compumuebles-sabana-api.cyk.com.co/api/auth/login,8154,0,0
1781509369522,8158,Ingreso Usuario,200,OK,Ingreso-usuarios-muebles 1-9,text,true,,538,336,200,200,https://compumuebles-sabana-api.cyk.com.co/api/auth/login,8158,0,0
1781509369526,8156,Ingreso Usuario,200,OK,Ingreso-usuarios-muebles 1-66,text,true,,538,336,200,200,https://compumuebles-sabana-api.cyk.com.co/api/auth/login,8156,0,0
1781509369529,8153,Ingreso Usuario,200,OK,Ingreso-usuarios-muebles 1-151,text,true,,538,336,200,200,https://compumuebles-sabana-api.cyk.com.co/api/auth/login,8153,0,0
1781509369545,8139,Ingreso Usuario,200,OK,Ingreso-usuarios-muebles 1-115,text,true,,538,336,200,200,https://compumuebles-sabana-api.cyk.com.co/api/auth/login,8139,0,0
1781509369537,8151,Ingreso Usuario,200,OK,Ingreso-usuarios-muebles 1-57,text,true,,538,336,200,200,https://compumuebles-sabana-api.cyk.com.co/api/auth/login,8151,0,0
1781509369540,8152,Ingreso Usuario,200,OK,Ingreso-usuarios-muebles 1-88,text,true,,538,336,200,200,https://compumuebles-sabana-api.cyk.com.co/api/auth/login,8152,0,0
1781509369530,8163,Ingreso Usuario,200,OK,Ingreso-usuarios-muebles 1-114,text,true,,538,336,200,200,https://compumuebles-sabana-api.cyk.com.co/api/auth/login,8163,0,0
1781509369535,8161,Ingreso Usuario,200,OK,Ingreso-usuarios-muebles 1-176,text,true,,538,336,200,200,https://compumuebles-sabana-api.cyk.com.co/api/auth/login,8161,0,0
1781509369547,8150,Ingreso Usuario,200,OK,Ingreso-usuarios-muebles 1-32,text,true,,538,336,200,200,https://compumuebles-sabana-api.cyk.com.co/api/auth/login,8150,0,0
1781509369552,8148,Ingreso Usuario,200,OK,Ingreso-usuarios-muebles 1-128,text,true,,538,336,200,200,https://compumuebles-sabana-api.cyk.com.co/api/auth/login,8148,0,0
1781509369556,8144,Ingreso Usuario,200,OK,Ingreso-usuarios-muebles 1-143,text,true,,538,336,200,200,https://compumuebles-sabana-api.cyk.com.co/api/auth/login,8144,0,0
1781509369549,8152,Ingreso Usuario,200,OK,Ingreso-usuarios-muebles 1-53,text,true,,538,336,200,200,https://compumuebles-sabana-api.cyk.com.co/api/auth/login,8152,0,0
1781509369553,8149,Ingreso Usuario,200,OK,Ingreso-usuarios-muebles 1-163,text,true,,538,336,200,200,https://compumuebles-sabana-api.cyk.com.co/api/auth/login,8149,0,0
1781509369558,8147,Ingreso Usuario,200,OK,Ingreso-usuarios-muebles 1-189,text,true,,538,336,200,200,https://compumuebles-sabana-api.cyk.com.co/api/auth/login,8147,0,0
1781509369571,8141,Ingreso Usuario,200,OK,Ingreso-usuarios-muebles 1-63,text,true,,538,336,200,200,https://compumuebles-sabana-api.cyk.com.co/api/auth/login,8141,0,0
1781509369567,8146,Ingreso Usuario,200,OK,Ingreso-usuarios-muebles 1-198,text,true,,538,336,200,200,https://compumuebles-sabana-api.cyk.com.co/api/auth/login,8146,0,0
1781509369561,8152,Ingreso Usuario,200,OK,Ingreso-usuarios-muebles 1-148,text,true,,538,336,200,200,https://compumuebles-sabana-api.cyk.com.co/api/auth/login,8152,0,0
1781509369566,8148,Ingreso Usuario,200,OK,Ingreso-usuarios-muebles 1-48,text,true,,538,336,200,200,https://compumuebles-sabana-api.cyk.com.co/api/auth/login,8148,0,0
1781509369568,8148,Ingreso Usuario,200,OK,Ingreso-usuarios-muebles 1-111,text,true,,538,336,200,200,https://compumuebles-sabana-api.cyk.com.co/api/auth/login,8148,0,0
1781509369576,8142,Ingreso Usuario,200,OK,Ingreso-usuarios-muebles 1-27,text,true,,538,336,200,200,https://compumuebles-sabana-api.cyk.com.co/api/auth/login,8142,0,0
1781509369563,8156,Ingreso Usuario,200,OK,Ingreso-usuarios-muebles 1-141,text,true,,538,336,200,200,https://compumuebles-sabana-api.cyk.com.co/api/auth/login,8156,0,0
1781509369585,8139,Ingreso Usuario,200,OK,Ingreso-usuarios-muebles 1-51,text,true,,538,336,200,200,https://compumuebles-sabana-api.cyk.com.co/api/auth/login,8139,0,0
1781509369579,8160,Ingreso Usuario,200,OK,Ingreso-usuarios-muebles 1-99,text,true,,538,336,200,200,https://compumuebles-sabana-api.cyk.com.co/api/auth/login,8160,0,0
1781509369591,8156,Ingreso Usuario,200,OK,Ingreso-usuarios-muebles 1-68,text,true,,538,336,200,200,https://compumuebles-sabana-api.cyk.com.co/api/auth/login,8156,0,0
1781509369589,8159,Ingreso Usuario,200,OK,Ingreso-usuarios-muebles 1-122,text,true,,538,336,200,200,https://compumuebles-sabana-api.cyk.com.co/api/auth/login,8159,0,0
1781509369596,8152,Ingreso Usuario,200,OK,Ingreso-usuarios-muebles 1-6,text,true,,538,336,200,200,https://compumuebles-sabana-api.cyk.com.co/api/auth/login,8152,0,0
1781509369590,8158,Ingreso Usuario,200,OK,Ingreso-usuarios-muebles 1-100,text,true,,538,336,200,200,https://compumuebles-sabana-api.cyk.com.co/api/auth/login,8158,0,0
1781509360414,17345,Ingreso Usuario,200,OK,Ingreso-usuarios-muebles 1-74,text,true,,538,336,200,200,https://compumuebles-sabana-api.cyk.com.co/api/auth/login,17345,0,0
1781509360434,17338,Ingreso Usuario,200,OK,Ingreso-usuarios-muebles 1-109,text,true,,538,336,200,200,https://compumuebles-sabana-api.cyk.com.co/api/auth/login,17338,0,0
1781509360427,17359,Ingreso Usuario,200,OK,Ingreso-usuarios-muebles 1-195,text,true,,538,336,200,200,https://compumuebles-sabana-api.cyk.com.co/api/auth/login,17359,0,0
1781509360448,17353,Ingreso Usuario,200,OK,Ingreso-usuarios-muebles 1-43,text,true,,538,336,200,200,https://compumuebles-sabana-api.cyk.com.co/api/auth/login,17353,0,0
1781509360456,17345,Ingreso Usuario,200,OK,Ingreso-usuarios-muebles 1-147,text,true,,538,336,200,200,https://compumuebles-sabana-api.cyk.com.co/api/auth/login,17345,0,0
1781509360467,17337,Ingreso Usuario,200,OK,Ingreso-usuarios-muebles 1-40,text,true,,538,336,200,200,https://compumuebles-sabana-api.cyk.com.co/api/auth/login,17337,0,0
1781509360476,17329,Ingreso Usuario,200,OK,Ingreso-usuarios-muebles 1-34,text,true,,538,336,200,200,https://compumuebles-sabana-api.cyk.com.co/api/auth/login,17329,0,0
1781509360472,17333,Ingreso Usuario,200,OK,Ingreso-usuarios-muebles 1-73,text,true,,538,336,200,200,https://compumuebles-sabana-api.cyk.com.co/api/auth/login,17333,0,0
1781509360495,17313,Ingreso Usuario,200,OK,Ingreso-usuarios-muebles 1-158,text,true,,538,336,200,200,https://compumuebles-sabana-api.cyk.com.co/api/auth/login,17313,0,0
1781509360525,17285,Ingreso Usuario,200,OK,Ingreso-usuarios-muebles 1-38,text,true,,538,336,200,200,https://compumuebles-sabana-api.cyk.com.co/api/auth/login,17285,0,0
1781509360496,17316,Ingreso Usuario,200,OK,Ingreso-usuarios-muebles 1-146,text,true,,538,336,200,200,https://compumuebles-sabana-api.cyk.com.co/api/auth/login,17316,0,0
1781509360418,17411,Ingreso Usuario,200,OK,Ingreso-usuarios-muebles 1-24,text,true,,538,336,200,200,https://compumuebles-sabana-api.cyk.com.co/api/auth/login,17411,0,0
1781509360531,17305,Ingreso Usuario,200,OK,Ingreso-usuarios-muebles 1-91,text,true,,538,336,200,200,https://compumuebles-sabana-api.cyk.com.co/api/auth/login,17305,0,0
1781509360431,17405,Ingreso Usuario,200,OK,Ingreso-usuarios-muebles 1-1,text,true,,538,336,200,200,https://compumuebles-sabana-api.cyk.com.co/api/auth/login,17405,0,0
1781509360441,17395,Ingreso Usuario,200,OK,Ingreso-usuarios-muebles 1-81,text,true,,538,336,200,200,https://compumuebles-sabana-api.cyk.com.co/api/auth/login,17395,0,0
1781509360445,17397,Ingreso Usuario,200,OK,Ingreso-usuarios-muebles 1-28,text,true,,538,336,200,200,https://compumuebles-sabana-api.cyk.com.co/api/auth/login,17397,0,0
1781509360482,17383,Ingreso Usuario,200,OK,Ingreso-usuarios-muebles 1-80,text,true,,538,336,200,200,https://compumuebles-sabana-api.cyk.com.co/api/auth/login,17383,0,0
1781509360463,17402,Ingreso Usuario,200,OK,Ingreso-usuarios-muebles 1-116,text,true,,538,336,200,200,https://compumuebles-sabana-api.cyk.com.co/api/auth/login,17402,0,0
1781509360469,17397,Ingreso Usuario,200,OK,Ingreso-usuarios-muebles 1-134,text,true,,538,336,200,200,https://compumuebles-sabana-api.cyk.com.co/api/auth/login,17397,0,0
1781509360486,17418,Ingreso Usuario,200,OK,Ingreso-usuarios-muebles 1-19,text,true,,538,336,200,200,https://compumuebles-sabana-api.cyk.com.co/api/auth/login,17418,0,0
1781509360503,17401,Ingreso Usuario,200,OK,Ingreso-usuarios-muebles 1-96,text,true,,538,336,200,200,https://compumuebles-sabana-api.cyk.com.co/api/auth/login,17401,0,0
1781509360536,17369,Ingreso Usuario,200,OK,Ingreso-usuarios-muebles 1-159,text,true,,538,336,200,200,https://compumuebles-sabana-api.cyk.com.co/api/auth/login,17369,0,0
1781509360533,17372,Ingreso Usuario,200,OK,Ingreso-usuarios-muebles 1-178,text,true,,538,336,200,200,https://compumuebles-sabana-api.cyk.com.co/api/auth/login,17372,0,0
1781509360517,17388,Ingreso Usuario,200,OK,Ingreso-usuarios-muebles 1-16,text,true,,538,336,200,200,https://compumuebles-sabana-api.cyk.com.co/api/auth/login,17388,0,0
1781509368441,14628,Ingreso Usuario,200,OK,Ingreso-usuarios-muebles 1-154,text,true,,538,336,200,200,https://compumuebles-sabana-api.cyk.com.co/api/auth/login,14628,0,0
1781509368440,14629,Ingreso Usuario,200,OK,Ingreso-usuarios-muebles 1-75,text,true,,538,336,200,200,https://compumuebles-sabana-api.cyk.com.co/api/auth/login,14629,0,0
1781509368440,14630,Ingreso Usuario,200,OK,Ingreso-usuarios-muebles 1-194,text,true,,538,336,200,200,https://compumuebles-sabana-api.cyk.com.co/api/auth/login,14630,0,0
1781509368446,14625,Ingreso Usuario,200,OK,Ingreso-usuarios-muebles 1-25,text,true,,538,336,200,200,https://compumuebles-sabana-api.cyk.com.co/api/auth/login,14625,0,0
1781509368452,14621,Ingreso Usuario,200,OK,Ingreso-usuarios-muebles 1-130,text,true,,538,336,200,200,https://compumuebles-sabana-api.cyk.com.co/api/auth/login,14621,0,0
1781509368450,14627,Ingreso Usuario,200,OK,Ingreso-usuarios-muebles 1-181,text,true,,538,336,200,200,https://compumuebles-sabana-api.cyk.com.co/api/auth/login,14627,0,0
1781509368450,14630,Ingreso Usuario,200,OK,Ingreso-usuarios-muebles 1-14,text,true,,538,336,200,200,https://compumuebles-sabana-api.cyk.com.co/api/auth/login,14630,0,0
1781509368459,14622,Ingreso Usuario,200,OK,Ingreso-usuarios-muebles 1-107,text,true,,538,336,200,200,https://compumuebles-sabana-api.cyk.com.co/api/auth/login,14622,0,0
1781509368457,14627,Ingreso Usuario,200,OK,Ingreso-usuarios-muebles 1-110,text,true,,538,336,200,200,https://compumuebles-sabana-api.cyk.com.co/api/auth/login,14627,0,0
1781509368456,14630,Ingreso Usuario,200,OK,Ingreso-usuarios-muebles 1-164,text,true,,538,336,200,200,https://compumuebles-sabana-api.cyk.com.co/api/auth/login,14630,0,0
1781509368467,14620,Ingreso Usuario,200,OK,Ingreso-usuarios-muebles 1-129,text,true,,538,336,200,200,https://compumuebles-sabana-api.cyk.com.co/api/auth/login,14620,0,0
1781509368470,14619,Ingreso Usuario,200,OK,Ingreso-usuarios-muebles 1-142,text,true,,538,336,200,200,https://compumuebles-sabana-api.cyk.com.co/api/auth/login,14619,0,0
1781509368480,14610,Ingreso Usuario,200,OK,Ingreso-usuarios-muebles 1-169,text,true,,538,336,200,200,https://compumuebles-sabana-api.cyk.com.co/api/auth/login,14610,0,0
1781509369631,16032,Ingreso Usuario,200,OK,Ingreso-usuarios-muebles 1-137,text,true,,538,336,200,200,https://compumuebles-sabana-api.cyk.com.co/api/auth/login,16032,0,0
1781509369603,16060,Ingreso Usuario,200,OK,Ingreso-usuarios-muebles 1-3,text,true,,538,336,200,200,https://compumuebles-sabana-api.cyk.com.co/api/auth/login,16060,0,0
1781509369635,16042,Ingreso Usuario,200,OK,Ingreso-usuarios-muebles 1-180,text,true,,538,336,200,200,https://compumuebles-sabana-api.cyk.com.co/api/auth/login,16042,0,0
1781509371012,14669,Ingreso Usuario,200,OK,Ingreso-usuarios-muebles 1-170,text,true,,538,336,200,200,https://compumuebles-sabana-api.cyk.com.co/api/auth/login,14669,0,0
1781509371006,14676,Ingreso Usuario,200,OK,Ingreso-usuarios-muebles 1-79,text,true,,538,336,200,200,https://compumuebles-sabana-api.cyk.com.co/api/auth/login,14676,0,0
1781509371026,14656,Ingreso Usuario,200,OK,Ingreso-usuarios-muebles 1-152,text,true,,538,336,200,200,https://compumuebles-sabana-api.cyk.com.co/api/auth/login,14656,0,0
1781509371027,14656,Ingreso Usuario,200,OK,Ingreso-usuarios-muebles 1-160,text,true,,538,336,200,200,https://compumuebles-sabana-api.cyk.com.co/api/auth/login,14656,0,0
1781509371026,14657,Ingreso Usuario,200,OK,Ingreso-usuarios-muebles 1-196,text,true,,538,336,200,200,https://compumuebles-sabana-api.cyk.com.co/api/auth/login,14657,0,0
1781509371028,14657,Ingreso Usuario,200,OK,Ingreso-usuarios-muebles 1-29,text,true,,538,336,200,200,https://compumuebles-sabana-api.cyk.com.co/api/auth/login,14657,0,0
1781509371029,14660,Ingreso Usuario,200,OK,Ingreso-usuarios-muebles 1-47,text,true,,538,336,200,200,https://compumuebles-sabana-api.cyk.com.co/api/auth/login,14660,0,0
1781509371037,14657,Ingreso Usuario,200,OK,Ingreso-usuarios-muebles 1-94,text,true,,538,336,200,200,https://compumuebles-sabana-api.cyk.com.co/api/auth/login,14657,0,0
1781509371038,14658,Ingreso Usuario,200,OK,Ingreso-usuarios-muebles 1-124,text,true,,538,336,200,200,https://compumuebles-sabana-api.cyk.com.co/api/auth/login,14658,0,0
1781509371049,14649,Ingreso Usuario,200,OK,Ingreso-usuarios-muebles 1-179,text,true,,538,336,200,200,https://compumuebles-sabana-api.cyk.com.co/api/auth/login,14649,0,0
1781509371042,14657,Ingreso Usuario,200,OK,Ingreso-usuarios-muebles 1-78,text,true,,538,336,200,200,https://compumuebles-sabana-api.cyk.com.co/api/auth/login,14657,0,0
1781509371065,14636,Ingreso Usuario,200,OK,Ingreso-usuarios-muebles 1-12,text,true,,538,336,200,200,https://compumuebles-sabana-api.cyk.com.co/api/auth/login,14636,0,0
1781509371061,14643,Ingreso Usuario,200,OK,Ingreso-usuarios-muebles 1-92,text,true,,538,336,200,200,https://compumuebles-sabana-api.cyk.com.co/api/auth/login,14643,0,0
1781509371057,14649,Ingreso Usuario,200,OK,Ingreso-usuarios-muebles 1-145,text,true,,538,336,200,200,https://compumuebles-sabana-api.cyk.com.co/api/auth/login,14649,0,0
1781509371053,14656,Ingreso Usuario,200,OK,Ingreso-usuarios-muebles 1-50,text,true,,538,336,200,200,https://compumuebles-sabana-api.cyk.com.co/api/auth/login,14656,0,0
1781509371077,14634,Ingreso Usuario,200,OK,Ingreso-usuarios-muebles 1-105,text,true,,538,336,200,200,https://compumuebles-sabana-api.cyk.com.co/api/auth/login,14634,0,0
1781509371074,14642,Ingreso Usuario,200,OK,Ingreso-usuarios-muebles 1-101,text,true,,538,336,200,200,https://compumuebles-sabana-api.cyk.com.co/api/auth/login,14642,0,0
1781509371074,14642,Ingreso Usuario,200,OK,Ingreso-usuarios-muebles 1-192,text,true,,538,336,200,200,https://compumuebles-sabana-api.cyk.com.co/api/auth/login,14642,0,0
1781509371078,14639,Ingreso Usuario,200,OK,Ingreso-usuarios-muebles 1-49,text,true,,538,336,200,200,https://compumuebles-sabana-api.cyk.com.co/api/auth/login,14639,0,0
1781509371081,14639,Ingreso Usuario,200,OK,Ingreso-usuarios-muebles 1-190,text,true,,538,336,200,200,https://compumuebles-sabana-api.cyk.com.co/api/auth/login,14639,0,0
1781509371089,14634,Ingreso Usuario,200,OK,Ingreso-usuarios-muebles 1-10,text,true,,538,336,200,200,https://compumuebles-sabana-api.cyk.com.co/api/auth/login,14634,0,0
1781509371098,14626,Ingreso Usuario,200,OK,Ingreso-usuarios-muebles 1-186,text,true,,538,336,200,200,https://compumuebles-sabana-api.cyk.com.co/api/auth/login,14626,0,0
1781509371102,14625,Ingreso Usuario,200,OK,Ingreso-usuarios-muebles 1-131,text,true,,538,336,200,200,https://compumuebles-sabana-api.cyk.com.co/api/auth/login,14625,0,0
1781509371121,14608,Ingreso Usuario,200,OK,Ingreso-usuarios-muebles 1-76,text,true,,538,336,200,200,https://compumuebles-sabana-api.cyk.com.co/api/auth/login,14608,0,0
1781509371121,14610,Ingreso Usuario,200,OK,Ingreso-usuarios-muebles 1-136,text,true,,538,336,200,200,https://compumuebles-sabana-api.cyk.com.co/api/auth/login,14610,0,0
1781509371122,14611,Ingreso Usuario,200,OK,Ingreso-usuarios-muebles 1-58,text,true,,538,336,200,200,https://compumuebles-sabana-api.cyk.com.co/api/auth/login,14611,0,0
1781509371123,14614,Ingreso Usuario,200,OK,Ingreso-usuarios-muebles 1-173,text,true,,538,336,200,200,https://compumuebles-sabana-api.cyk.com.co/api/auth/login,14613,0,0
1781509371146,14595,Ingreso Usuario,200,OK,Ingreso-usuarios-muebles 1-153,text,true,,538,336,200,200,https://compumuebles-sabana-api.cyk.com.co/api/auth/login,14595,0,0
1781509371153,14591,Ingreso Usuario,200,OK,Ingreso-usuarios-muebles 1-167,text,true,,538,336,200,200,https://compumuebles-sabana-api.cyk.com.co/api/auth/login,14591,0,0
1781509371167,14583,Ingreso Usuario,200,OK,Ingreso-usuarios-muebles 1-197,text,true,,538,336,200,200,https://compumuebles-sabana-api.cyk.com.co/api/auth/login,14583,0,0
1781509371169,14583,Ingreso Usuario,200,OK,Ingreso-usuarios-muebles 1-117,text,true,,538,336,200,200,https://compumuebles-sabana-api.cyk.com.co/api/auth/login,14583,0,0
1781509371167,14586,Ingreso Usuario,200,OK,Ingreso-usuarios-muebles 1-102,text,true,,538,336,200,200,https://compumuebles-sabana-api.cyk.com.co/api/auth/login,14586,0,0
1781509371174,14579,Ingreso Usuario,200,OK,Ingreso-usuarios-muebles 1-33,text,true,,538,336,200,200,https://compumuebles-sabana-api.cyk.com.co/api/auth/login,14579,0,0
1781509371190,14565,Ingreso Usuario,200,OK,Ingreso-usuarios-muebles 1-17,text,true,,538,336,200,200,https://compumuebles-sabana-api.cyk.com.co/api/auth/login,14565,0,0
1781509371209,14548,Ingreso Usuario,200,OK,Ingreso-usuarios-muebles 1-185,text,true,,538,336,200,200,https://compumuebles-sabana-api.cyk.com.co/api/auth/login,14548,0,0
1781509371235,14529,Ingreso Usuario,200,OK,Ingreso-usuarios-muebles 1-150,text,true,,538,336,200,200,https://compumuebles-sabana-api.cyk.com.co/api/auth/login,14529,0,0
1781509371013,14758,Ingreso Usuario,200,OK,Ingreso-usuarios-muebles 1-36,text,true,,538,336,200,200,https://compumuebles-sabana-api.cyk.com.co/api/auth/login,14758,0,0
1781509371245,14526,Ingreso Usuario,200,OK,Ingreso-usuarios-muebles 1-67,text,true,,538,336,200,200,https://compumuebles-sabana-api.cyk.com.co/api/auth/login,14526,0,0
1781509371243,14528,Ingreso Usuario,200,OK,Ingreso-usuarios-muebles 1-39,text,true,,538,336,200,200,https://compumuebles-sabana-api.cyk.com.co/api/auth/login,14528,0,0
1781509371026,14750,Ingreso Usuario,200,OK,Ingreso-usuarios-muebles 1-64,text,true,,538,336,200,200,https://compumuebles-sabana-api.cyk.com.co/api/auth/login,14750,0,0
1781509371027,14750,Ingreso Usuario,200,OK,Ingreso-usuarios-muebles 1-200,text,true,,538,336,200,200,https://compumuebles-sabana-api.cyk.com.co/api/auth/login,14750,0,0
1781509371027,14758,Ingreso Usuario,200,OK,Ingreso-usuarios-muebles 1-35,text,true,,538,336,200,200,https://compumuebles-sabana-api.cyk.com.co/api/auth/login,14758,0,0
1781509371029,14758,Ingreso Usuario,200,OK,Ingreso-usuarios-muebles 1-118,text,true,,538,336,200,200,https://compumuebles-sabana-api.cyk.com.co/api/auth/login,14757,0,0
1781509371029,14764,Ingreso Usuario,200,OK,Ingreso-usuarios-muebles 1-165,text,true,,538,336,200,200,https://compumuebles-sabana-api.cyk.com.co/api/auth/login,14764,0,0
1781509371037,14759,Ingreso Usuario,200,OK,Ingreso-usuarios-muebles 1-84,text,true,,538,336,200,200,https://compumuebles-sabana-api.cyk.com.co/api/auth/login,14759,0,0
1781509371044,14752,Ingreso Usuario,200,OK,Ingreso-usuarios-muebles 1-183,text,true,,538,336,200,200,https://compumuebles-sabana-api.cyk.com.co/api/auth/login,14752,0,0
1781509371042,14773,Ingreso Usuario,200,OK,Ingreso-usuarios-muebles 1-161,text,true,,538,336,200,200,https://compumuebles-sabana-api.cyk.com.co/api/auth/login,14773,0,0
1781509371059,14763,Ingreso Usuario,200,OK,Ingreso-usuarios-muebles 1-72,text,true,,538,336,200,200,https://compumuebles-sabana-api.cyk.com.co/api/auth/login,14763,0,0
1781509371074,14750,Ingreso Usuario,200,OK,Ingreso-usuarios-muebles 1-61,text,true,,538,336,200,200,https://compumuebles-sabana-api.cyk.com.co/api/auth/login,14750,0,0
1781509371056,14769,Ingreso Usuario,200,OK,Ingreso-usuarios-muebles 1-13,text,true,,538,336,200,200,https://compumuebles-sabana-api.cyk.com.co/api/auth/login,14769,0,0
1781509371051,14779,Ingreso Usuario,200,OK,Ingreso-usuarios-muebles 1-8,text,true,,538,336,200,200,https://compumuebles-sabana-api.cyk.com.co/api/auth/login,14779,0,0
1781509371046,14785,Ingreso Usuario,200,OK,Ingreso-usuarios-muebles 1-95,text,true,,538,336,200,200,https://compumuebles-sabana-api.cyk.com.co/api/auth/login,14785,0,0
1781509371059,14774,Ingreso Usuario,200,OK,Ingreso-usuarios-muebles 1-103,text,true,,538,336,200,200,https://compumuebles-sabana-api.cyk.com.co/api/auth/login,14773,0,0
1781509371078,14762,Ingreso Usuario,200,OK,Ingreso-usuarios-muebles 1-85,text,true,,538,336,200,200,https://compumuebles-sabana-api.cyk.com.co/api/auth/login,14762,0,0
1781509371120,14721,Ingreso Usuario,200,OK,Ingreso-usuarios-muebles 1-199,text,true,,538,336,200,200,https://compumuebles-sabana-api.cyk.com.co/api/auth/login,14721,0,0
1781509371078,14763,Ingreso Usuario,200,OK,Ingreso-usuarios-muebles 1-98,text,true,,538,336,200,200,https://compumuebles-sabana-api.cyk.com.co/api/auth/login,14763,0,0
1781509371085,14757,Ingreso Usuario,200,OK,Ingreso-usuarios-muebles 1-18,text,true,,538,336,200,200,https://compumuebles-sabana-api.cyk.com.co/api/auth/login,14757,0,0
1781509371086,14756,Ingreso Usuario,200,OK,Ingreso-usuarios-muebles 1-90,text,true,,538,336,200,200,https://compumuebles-sabana-api.cyk.com.co/api/auth/login,14756,0,0
1781509371080,14763,Ingreso Usuario,200,OK,Ingreso-usuarios-muebles 1-127,text,true,,538,336,200,200,https://compumuebles-sabana-api.cyk.com.co/api/auth/login,14763,0,0
1781509371090,14757,Ingreso Usuario,200,OK,Ingreso-usuarios-muebles 1-93,text,true,,538,336,200,200,https://compumuebles-sabana-api.cyk.com.co/api/auth/login,14757,0,0
1781509371146,14740,Ingreso Usuario,200,OK,Ingreso-usuarios-muebles 1-23,text,true,,538,336,200,200,https://compumuebles-sabana-api.cyk.com.co/api/auth/login,14740,0,0
1781509371146,14740,Ingreso Usuario,200,OK,Ingreso-usuarios-muebles 1-132,text,true,,538,336,200,200,https://compumuebles-sabana-api.cyk.com.co/api/auth/login,14740,0,0
1781509371122,14764,Ingreso Usuario,200,OK,Ingreso-usuarios-muebles 1-191,text,true,,538,336,200,200,https://compumuebles-sabana-api.cyk.com.co/api/auth/login,14764,0,0
1781509371124,14763,Ingreso Usuario,200,OK,Ingreso-usuarios-muebles 1-112,text,true,,538,336,200,200,https://compumuebles-sabana-api.cyk.com.co/api/auth/login,14763,0,0
1781509371123,14764,Ingreso Usuario,200,OK,Ingreso-usuarios-muebles 1-175,text,true,,538,336,200,200,https://compumuebles-sabana-api.cyk.com.co/api/auth/login,14764,0,0
1781509371152,14755,Ingreso Usuario,200,OK,Ingreso-usuarios-muebles 1-86,text,true,,538,336,200,200,https://compumuebles-sabana-api.cyk.com.co/api/auth/login,14755,0,0
1781509371167,14740,Ingreso Usuario,200,OK,Ingreso-usuarios-muebles 1-157,text,true,,538,336,200,200,https://compumuebles-sabana-api.cyk.com.co/api/auth/login,14740,0,0
1781509371168,14739,Ingreso Usuario,200,OK,Ingreso-usuarios-muebles 1-54,text,true,,538,336,200,200,https://compumuebles-sabana-api.cyk.com.co/api/auth/login,14739,0,0
1781509371175,14733,Ingreso Usuario,200,OK,Ingreso-usuarios-muebles 1-120,text,true,,538,336,200,200,https://compumuebles-sabana-api.cyk.com.co/api/auth/login,14733,0,0
1781509371190,14718,Ingreso Usuario,200,OK,Ingreso-usuarios-muebles 1-77,text,true,,538,336,200,200,https://compumuebles-sabana-api.cyk.com.co/api/auth/login,14718,0,0
1781509371231,14701,Ingreso Usuario,200,OK,Ingreso-usuarios-muebles 1-11,text,true,,538,336,200,200,https://compumuebles-sabana-api.cyk.com.co/api/auth/login,14701,0,0
1781509371188,14748,Ingreso Usuario,200,OK,Ingreso-usuarios-muebles 1-119,text,true,,538,336,200,200,https://compumuebles-sabana-api.cyk.com.co/api/auth/login,14748,0,0
1781509371259,14683,Ingreso Usuario,200,OK,Ingreso-usuarios-muebles 1-62,text,true,,538,336,200,200,https://compumuebles-sabana-api.cyk.com.co/api/auth/login,14683,0,0
1781509371209,14739,Ingreso Usuario,200,OK,Ingreso-usuarios-muebles 1-83,text,true,,538,336,200,200,https://compumuebles-sabana-api.cyk.com.co/api/auth/login,14739,0,0
1781509371236,14714,Ingreso Usuario,200,OK,Ingreso-usuarios-muebles 1-44,text,true,,538,336,200,200,https://compumuebles-sabana-api.cyk.com.co/api/auth/login,14714,0,0
1781509371238,14722,Ingreso Usuario,200,OK,Ingreso-usuarios-muebles 1-52,text,true,,538,336,200,200,https://compumuebles-sabana-api.cyk.com.co/api/auth/login,14722,0,0
1781509373697,17492,Ingreso Usuario,200,OK,Ingreso-usuarios-muebles 1-20,text,true,,538,336,200,200,https://compumuebles-sabana-api.cyk.com.co/api/auth/login,17492,0,0
1781509373690,17501,Ingreso Usuario,200,OK,Ingreso-usuarios-muebles 1-193,text,true,,538,336,200,200,https://compumuebles-sabana-api.cyk.com.co/api/auth/login,17501,0,0
1781509373701,17494,Ingreso Usuario,200,OK,Ingreso-usuarios-muebles 1-188,text,true,,538,336,200,200,https://compumuebles-sabana-api.cyk.com.co/api/auth/login,17494,0,0
1781509373705,17497,Ingreso Usuario,200,OK,Ingreso-usuarios-muebles 1-89,text,true,,538,336,200,200,https://compumuebles-sabana-api.cyk.com.co/api/auth/login,17497,0,0
1781509373695,17510,Ingreso Usuario,200,OK,Ingreso-usuarios-muebles 1-138,text,true,,538,336,200,200,https://compumuebles-sabana-api.cyk.com.co/api/auth/login,17509,0,0
1781509373704,17503,Ingreso Usuario,200,OK,Ingreso-usuarios-muebles 1-60,text,true,,538,336,200,200,https://compumuebles-sabana-api.cyk.com.co/api/auth/login,17503,0,0
1781509373706,17503,Ingreso Usuario,200,OK,Ingreso-usuarios-muebles 1-121,text,true,,538,336,200,200,https://compumuebles-sabana-api.cyk.com.co/api/auth/login,17503,0,0
1781509373710,17503,Ingreso Usuario,200,OK,Ingreso-usuarios-muebles 1-182,text,true,,538,336,200,200,https://compumuebles-sabana-api.cyk.com.co/api/auth/login,17503,0,0
1781509373708,17506,Ingreso Usuario,200,OK,Ingreso-usuarios-muebles 1-125,text,true,,538,336,200,200,https://compumuebles-sabana-api.cyk.com.co/api/auth/login,17506,0,0
1781509373717,17502,Ingreso Usuario,200,OK,Ingreso-usuarios-muebles 1-65,text,true,,538,336,200,200,https://compumuebles-sabana-api.cyk.com.co/api/auth/login,17502,0,0
1781509373729,17491,Ingreso Usuario,200,OK,Ingreso-usuarios-muebles 1-7,text,true,,538,336,200,200,https://compumuebles-sabana-api.cyk.com.co/api/auth/login,17491,0,0
1781509373714,17511,Ingreso Usuario,200,OK,Ingreso-usuarios-muebles 1-126,text,true,,538,336,200,200,https://compumuebles-sabana-api.cyk.com.co/api/auth/login,17511,0,0
1781509373722,17504,Ingreso Usuario,200,OK,Ingreso-usuarios-muebles 1-149,text,true,,538,336,200,200,https://compumuebles-sabana-api.cyk.com.co/api/auth/login,17504,0,0
1781509373727,17502,Ingreso Usuario,200,OK,Ingreso-usuarios-muebles 1-162,text,true,,538,336,200,200,https://compumuebles-sabana-api.cyk.com.co/api/auth/login,17502,0,0
1781509373725,17507,Ingreso Usuario,200,OK,Ingreso-usuarios-muebles 1-42,text,true,,538,336,200,200,https://compumuebles-sabana-api.cyk.com.co/api/auth/login,17507,0,0
1781509373737,17499,Ingreso Usuario,200,OK,Ingreso-usuarios-muebles 1-70,text,true,,538,336,200,200,https://compumuebles-sabana-api.cyk.com.co/api/auth/login,17499,0,0
1781509373731,17508,Ingreso Usuario,200,OK,Ingreso-usuarios-muebles 1-41,text,true,,538,336,200,200,https://compumuebles-sabana-api.cyk.com.co/api/auth/login,17508,0,0
1781509373735,17506,Ingreso Usuario,200,OK,Ingreso-usuarios-muebles 1-140,text,true,,538,336,200,200,https://compumuebles-sabana-api.cyk.com.co/api/auth/login,17506,0,0
1781509373743,17500,Ingreso Usuario,200,OK,Ingreso-usuarios-muebles 1-55,text,true,,538,336,200,200,https://compumuebles-sabana-api.cyk.com.co/api/auth/login,17500,0,0
1781509373741,17504,Ingreso Usuario,200,OK,Ingreso-usuarios-muebles 1-156,text,true,,538,336,200,200,https://compumuebles-sabana-api.cyk.com.co/api/auth/login,17503,0,0
1781509373746,17503,Ingreso Usuario,200,OK,Ingreso-usuarios-muebles 1-184,text,true,,538,336,200,200,https://compumuebles-sabana-api.cyk.com.co/api/auth/login,17503,0,0
1781509373743,17508,Ingreso Usuario,200,OK,Ingreso-usuarios-muebles 1-106,text,true,,538,336,200,200,https://compumuebles-sabana-api.cyk.com.co/api/auth/login,17508,0,0
1781509373752,17501,Ingreso Usuario,200,OK,Ingreso-usuarios-muebles 1-22,text,true,,538,336,200,200,https://compumuebles-sabana-api.cyk.com.co/api/auth/login,17501,0,0
1781509373749,17511,Ingreso Usuario,200,OK,Ingreso-usuarios-muebles 1-168,text,true,,538,336,200,200,https://compumuebles-sabana-api.cyk.com.co/api/auth/login,17511,0,0
1781509373743,17519,Ingreso Usuario,200,OK,Ingreso-usuarios-muebles 1-113,text,true,,538,336,200,200,https://compumuebles-sabana-api.cyk.com.co/api/auth/login,17519,0,0
1781509373754,17510,Ingreso Usuario,200,OK,Ingreso-usuarios-muebles 1-26,text,true,,538,336,200,200,https://compumuebles-sabana-api.cyk.com.co/api/auth/login,17510,0,0
1781509373759,17517,Ingreso Usuario,200,OK,Ingreso-usuarios-muebles 1-69,text,true,,538,336,200,200,https://compumuebles-sabana-api.cyk.com.co/api/auth/login,17517,0,0
1781509373764,17512,Ingreso Usuario,200,OK,Ingreso-usuarios-muebles 1-56,text,true,,538,336,200,200,https://compumuebles-sabana-api.cyk.com.co/api/auth/login,17512,0,0
1781509373763,17513,Ingreso Usuario,200,OK,Ingreso-usuarios-muebles 1-166,text,true,,538,336,200,200,https://compumuebles-sabana-api.cyk.com.co/api/auth/login,17513,0,0
1781509373759,17517,Ingreso Usuario,200,OK,Ingreso-usuarios-muebles 1-104,text,true,,538,336,200,200,https://compumuebles-sabana-api.cyk.com.co/api/auth/login,17517,0,0
1781509373762,17529,Ingreso Usuario,200,OK,Ingreso-usuarios-muebles 1-71,text,true,,538,336,200,200,https://compumuebles-sabana-api.cyk.com.co/api/auth/login,17529,0,0
1781509373765,17526,Ingreso Usuario,200,OK,Ingreso-usuarios-muebles 1-155,text,true,,538,336,200,200,https://compumuebles-sabana-api.cyk.com.co/api/auth/login,17526,0,0
1781509373759,17532,Ingreso Usuario,200,OK,Ingreso-usuarios-muebles 1-144,text,true,,538,336,200,200,https://compumuebles-sabana-api.cyk.com.co/api/auth/login,17532,0,0
1781509373769,17538,Ingreso Usuario,200,OK,Ingreso-usuarios-muebles 1-46,text,true,,538,336,200,200,https://compumuebles-sabana-api.cyk.com.co/api/auth/login,17538,0,0
1781509373775,17532,Ingreso Usuario,200,OK,Ingreso-usuarios-muebles 1-187,text,true,,538,336,200,200,https://compumuebles-sabana-api.cyk.com.co/api/auth/login,17532,0,0
1781509373783,17524,Ingreso Usuario,200,OK,Ingreso-usuarios-muebles 1-135,text,true,,538,336,200,200,https://compumuebles-sabana-api.cyk.com.co/api/auth/login,17524,0,0
1781509373782,17540,Ingreso Usuario,200,OK,Ingreso-usuarios-muebles 1-4,text,true,,538,336,200,200,https://compumuebles-sabana-api.cyk.com.co/api/auth/login,17540,0,0
1781509377637,14468,Ingreso Usuario,200,OK,Ingreso-usuarios-muebles 1-59,text,true,,538,336,200,200,https://compumuebles-sabana-api.cyk.com.co/api/auth/login,14468,0,0
1781509377638,14468,Ingreso Usuario,200,OK,Ingreso-usuarios-muebles 1-37,text,true,,538,336,200,200,https://compumuebles-sabana-api.cyk.com.co/api/auth/login,14468,0,0
1781509377647,14461,Ingreso Usuario,200,OK,Ingreso-usuarios-muebles 1-45,text,true,,538,336,200,200,https://compumuebles-sabana-api.cyk.com.co/api/auth/login,14461,0,0
1781509377650,14462,Ingreso Usuario,200,OK,Ingreso-usuarios-muebles 1-177,text,true,,538,336,200,200,https://compumuebles-sabana-api.cyk.com.co/api/auth/login,14462,0,0
1781509377663,14450,Ingreso Usuario,200,OK,Ingreso-usuarios-muebles 1-31,text,true,,538,336,200,200,https://compumuebles-sabana-api.cyk.com.co/api/auth/login,14450,0,0
1781509377680,14436,Ingreso Usuario,200,OK,Ingreso-usuarios-muebles 1-9,text,true,,538,336,200,200,https://compumuebles-sabana-api.cyk.com.co/api/auth/login,14436,0,0
1781509377693,14423,Ingreso Usuario,200,OK,Ingreso-usuarios-muebles 1-114,text,true,,538,336,200,200,https://compumuebles-sabana-api.cyk.com.co/api/auth/login,14423,0,0
1781509377672,14444,Ingreso Usuario,200,OK,Ingreso-usuarios-muebles 1-172,text,true,,538,336,200,200,https://compumuebles-sabana-api.cyk.com.co/api/auth/login,14444,0,0
1781509377667,14450,Ingreso Usuario,200,OK,Ingreso-usuarios-muebles 1-15,text,true,,538,336,200,200,https://compumuebles-sabana-api.cyk.com.co/api/auth/login,14450,0,0
1781509377692,14425,Ingreso Usuario,200,OK,Ingreso-usuarios-muebles 1-88,text,true,,538,336,200,200,https://compumuebles-sabana-api.cyk.com.co/api/auth/login,14425,0,0
1781509377700,14419,Ingreso Usuario,200,OK,Ingreso-usuarios-muebles 1-143,text,true,,538,336,200,200,https://compumuebles-sabana-api.cyk.com.co/api/auth/login,14419,0,0
1781509377700,14419,Ingreso Usuario,200,OK,Ingreso-usuarios-muebles 1-128,text,true,,538,336,200,200,https://compumuebles-sabana-api.cyk.com.co/api/auth/login,14419,0,0
1781509377696,14423,Ingreso Usuario,200,OK,Ingreso-usuarios-muebles 1-176,text,true,,538,336,200,200,https://compumuebles-sabana-api.cyk.com.co/api/auth/login,14423,0,0
1781509377705,14418,Ingreso Usuario,200,OK,Ingreso-usuarios-muebles 1-189,text,true,,538,336,200,200,https://compumuebles-sabana-api.cyk.com.co/api/auth/login,14418,0,0
1781509377697,14426,Ingreso Usuario,200,OK,Ingreso-usuarios-muebles 1-32,text,true,,538,336,200,200,https://compumuebles-sabana-api.cyk.com.co/api/auth/login,14426,0,0
1781509377702,14424,Ingreso Usuario,200,OK,Ingreso-usuarios-muebles 1-163,text,true,,538,336,200,200,https://compumuebles-sabana-api.cyk.com.co/api/auth/login,14424,0,0
1781509377701,14426,Ingreso Usuario,200,OK,Ingreso-usuarios-muebles 1-53,text,true,,538,336,200,200,https://compumuebles-sabana-api.cyk.com.co/api/auth/login,14426,0,0
1781509377713,14415,Ingreso Usuario,200,OK,Ingreso-usuarios-muebles 1-148,text,true,,538,336,200,200,https://compumuebles-sabana-api.cyk.com.co/api/auth/login,14415,0,0
1781509377713,14415,Ingreso Usuario,200,OK,Ingreso-usuarios-muebles 1-198,text,true,,538,336,200,200,https://compumuebles-sabana-api.cyk.com.co/api/auth/login,14415,0,0
1781509377712,14418,Ingreso Usuario,200,OK,Ingreso-usuarios-muebles 1-63,text,true,,538,336,200,200,https://compumuebles-sabana-api.cyk.com.co/api/auth/login,14418,0,0
1781509377718,14414,Ingreso Usuario,200,OK,Ingreso-usuarios-muebles 1-27,text,true,,538,336,200,200,https://compumuebles-sabana-api.cyk.com.co/api/auth/login,14414,0,0
1781509377719,14413,Ingreso Usuario,200,OK,Ingreso-usuarios-muebles 1-141,text,true,,538,336,200,200,https://compumuebles-sabana-api.cyk.com.co/api/auth/login,14413,0,0
1781509377739,14394,Ingreso Usuario,200,OK,Ingreso-usuarios-muebles 1-99,text,true,,538,336,200,200,https://compumuebles-sabana-api.cyk.com.co/api/auth/login,14394,0,0
1781509377716,14417,Ingreso Usuario,200,OK,Ingreso-usuarios-muebles 1-111,text,true,,538,336,200,200,https://compumuebles-sabana-api.cyk.com.co/api/auth/login,14417,0,0
1781509377714,14421,Ingreso Usuario,200,OK,Ingreso-usuarios-muebles 1-48,text,true,,538,336,200,200,https://compumuebles-sabana-api.cyk.com.co/api/auth/login,14421,0,0
1781509377724,14412,Ingreso Usuario,200,OK,Ingreso-usuarios-muebles 1-51,text,true,,538,336,200,200,https://compumuebles-sabana-api.cyk.com.co/api/auth/login,14412,0,0
1781509377759,14379,Ingreso Usuario,200,OK,Ingreso-usuarios-muebles 1-74,text,true,,538,336,200,200,https://compumuebles-sabana-api.cyk.com.co/api/auth/login,14379,0,0
1781509377747,14392,Ingreso Usuario,200,OK,Ingreso-usuarios-muebles 1-68,text,true,,538,336,200,200,https://compumuebles-sabana-api.cyk.com.co/api/auth/login,14392,0,0
1781509377749,14392,Ingreso Usuario,200,OK,Ingreso-usuarios-muebles 1-100,text,true,,538,336,200,200,https://compumuebles-sabana-api.cyk.com.co/api/auth/login,14392,0,0
1781509377748,14395,Ingreso Usuario,200,OK,Ingreso-usuarios-muebles 1-122,text,true,,538,336,200,200,https://compumuebles-sabana-api.cyk.com.co/api/auth/login,14395,0,0
1781509377748,14398,Ingreso Usuario,200,OK,Ingreso-usuarios-muebles 1-6,text,true,,538,336,200,200,https://compumuebles-sabana-api.cyk.com.co/api/auth/login,14398,0,0
1781509377772,14377,Ingreso Usuario,200,OK,Ingreso-usuarios-muebles 1-109,text,true,,538,336,200,200,https://compumuebles-sabana-api.cyk.com.co/api/auth/login,14377,0,0
1781509377786,14367,Ingreso Usuario,200,OK,Ingreso-usuarios-muebles 1-195,text,true,,538,336,200,200,https://compumuebles-sabana-api.cyk.com.co/api/auth/login,14367,0,0
1781509377801,14352,Ingreso Usuario,200,OK,Ingreso-usuarios-muebles 1-147,text,true,,538,336,200,200,https://compumuebles-sabana-api.cyk.com.co/api/auth/login,14352,0,0
1781509377805,14349,Ingreso Usuario,200,OK,Ingreso-usuarios-muebles 1-34,text,true,,538,336,200,200,https://compumuebles-sabana-api.cyk.com.co/api/auth/login,14349,0,0
1781509377808,14346,Ingreso Usuario,200,OK,Ingreso-usuarios-muebles 1-158,text,true,,538,336,200,200,https://compumuebles-sabana-api.cyk.com.co/api/auth/login,14346,0,0
1781509377812,14343,Ingreso Usuario,200,OK,Ingreso-usuarios-muebles 1-146,text,true,,538,336,200,200,https://compumuebles-sabana-api.cyk.com.co/api/auth/login,14343,0,0
1781509377801,14354,Ingreso Usuario,200,OK,Ingreso-usuarios-muebles 1-43,text,true,,538,336,200,200,https://compumuebles-sabana-api.cyk.com.co/api/auth/login,14354,0,0
1781509377804,14361,Ingreso Usuario,200,OK,Ingreso-usuarios-muebles 1-40,text,true,,538,336,200,200,https://compumuebles-sabana-api.cyk.com.co/api/auth/login,14361,0,0
1781509377836,14330,Ingreso Usuario,200,OK,Ingreso-usuarios-muebles 1-81,text,true,,538,336,200,200,https://compumuebles-sabana-api.cyk.com.co/api/auth/login,14330,0,0
1781509377836,14332,Ingreso Usuario,200,OK,Ingreso-usuarios-muebles 1-1,text,true,,538,336,200,200,https://compumuebles-sabana-api.cyk.com.co/api/auth/login,14332,0,0
1781509377829,14340,Ingreso Usuario,200,OK,Ingreso-usuarios-muebles 1-24,text,true,,538,336,200,200,https://compumuebles-sabana-api.cyk.com.co/api/auth/login,14340,0,0
1781509377810,14360,Ingreso Usuario,200,OK,Ingreso-usuarios-muebles 1-38,text,true,,538,336,200,200,https://compumuebles-sabana-api.cyk.com.co/api/auth/login,14360,0,0
1781509377805,14367,Ingreso Usuario,200,OK,Ingreso-usuarios-muebles 1-73,text,true,,538,336,200,200,https://compumuebles-sabana-api.cyk.com.co/api/auth/login,14367,0,0
1781509377905,14268,Ingreso Usuario,200,OK,Ingreso-usuarios-muebles 1-159,text,true,,538,336,200,200,https://compumuebles-sabana-api.cyk.com.co/api/auth/login,14268,0,0
1781509377866,14307,Ingreso Usuario,200,OK,Ingreso-usuarios-muebles 1-134,text,true,,538,336,200,200,https://compumuebles-sabana-api.cyk.com.co/api/auth/login,14307,0,0
1781509377904,14270,Ingreso Usuario,200,OK,Ingreso-usuarios-muebles 1-96,text,true,,538,336,200,200,https://compumuebles-sabana-api.cyk.com.co/api/auth/login,14270,0,0
1781509377645,14529,Ingreso Usuario,200,OK,Ingreso-usuarios-muebles 1-30,text,true,,538,336,200,200,https://compumuebles-sabana-api.cyk.com.co/api/auth/login,14529,0,0
1781509377644,14530,Ingreso Usuario,200,OK,Ingreso-usuarios-muebles 1-82,text,true,,538,336,200,200,https://compumuebles-sabana-api.cyk.com.co/api/auth/login,14530,0,0
1781509377643,14533,Ingreso Usuario,200,OK,Ingreso-usuarios-muebles 1-2,text,true,,538,336,200,200,https://compumuebles-sabana-api.cyk.com.co/api/auth/login,14533,0,0
1781509377652,14524,Ingreso Usuario,200,OK,Ingreso-usuarios-muebles 1-21,text,true,,538,336,200,200,https://compumuebles-sabana-api.cyk.com.co/api/auth/login,14524,0,0
1781509377663,14516,Ingreso Usuario,200,OK,Ingreso-usuarios-muebles 1-171,text,true,,538,336,200,200,https://compumuebles-sabana-api.cyk.com.co/api/auth/login,14516,0,0
1781509377674,14512,Ingreso Usuario,200,OK,Ingreso-usuarios-muebles 1-133,text,true,,538,336,200,200,https://compumuebles-sabana-api.cyk.com.co/api/auth/login,14512,0,0
1781509377678,14509,Ingreso Usuario,200,OK,Ingreso-usuarios-muebles 1-123,text,true,,538,336,200,200,https://compumuebles-sabana-api.cyk.com.co/api/auth/login,14509,0,0
1781509377684,14504,Ingreso Usuario,200,OK,Ingreso-usuarios-muebles 1-115,text,true,,538,336,200,200,https://compumuebles-sabana-api.cyk.com.co/api/auth/login,14504,0,0
1781509377682,14506,Ingreso Usuario,200,OK,Ingreso-usuarios-muebles 1-66,text,true,,538,336,200,200,https://compumuebles-sabana-api.cyk.com.co/api/auth/login,14506,0,0
1781509377836,14356,Ingreso Usuario,200,OK,Ingreso-usuarios-muebles 1-91,text,true,,538,336,200,200,https://compumuebles-sabana-api.cyk.com.co/api/auth/login,14356,0,0
1781509377865,14343,Ingreso Usuario,200,OK,Ingreso-usuarios-muebles 1-80,text,true,,538,336,200,200,https://compumuebles-sabana-api.cyk.com.co/api/auth/login,14343,0,0
1781509377643,14570,Ingreso Usuario,200,OK,Ingreso-usuarios-muebles 1-139,text,true,,538,336,200,200,https://compumuebles-sabana-api.cyk.com.co/api/auth/login,14570,0,0
1781509377642,14572,Ingreso Usuario,200,OK,Ingreso-usuarios-muebles 1-97,text,true,,538,336,200,200,https://compumuebles-sabana-api.cyk.com.co/api/auth/login,14572,0,0
1781509377905,14309,Ingreso Usuario,200,OK,Ingreso-usuarios-muebles 1-16,text,true,,538,336,200,200,https://compumuebles-sabana-api.cyk.com.co/api/auth/login,14309,0,0
1781509377654,14561,Ingreso Usuario,200,OK,Ingreso-usuarios-muebles 1-174,text,true,,538,336,200,200,https://compumuebles-sabana-api.cyk.com.co/api/auth/login,14561,0,0
1781509377669,14585,Ingreso Usuario,200,OK,Ingreso-usuarios-muebles 1-87,text,true,,538,336,200,200,https://compumuebles-sabana-api.cyk.com.co/api/auth/login,14585,0,0
1781509377655,14600,Ingreso Usuario,200,OK,Ingreso-usuarios-muebles 1-5,text,true,,538,336,200,200,https://compumuebles-sabana-api.cyk.com.co/api/auth/login,14600,0,0
1781509377682,14573,Ingreso Usuario,200,OK,Ingreso-usuarios-muebles 1-151,text,true,,538,336,200,200,https://compumuebles-sabana-api.cyk.com.co/api/auth/login,14573,0,0
1781509377665,14590,Ingreso Usuario,200,OK,Ingreso-usuarios-muebles 1-108,text,true,,538,336,200,200,https://compumuebles-sabana-api.cyk.com.co/api/auth/login,14590,0,0
1781509377688,14572,Ingreso Usuario,200,OK,Ingreso-usuarios-muebles 1-57,text,true,,538,336,200,200,https://compumuebles-sabana-api.cyk.com.co/api/auth/login,14572,0,0
1781509377842,14431,Ingreso Usuario,200,OK,Ingreso-usuarios-muebles 1-28,text,true,,538,336,200,200,https://compumuebles-sabana-api.cyk.com.co/api/auth/login,14431,0,0
1781509377865,14410,Ingreso Usuario,200,OK,Ingreso-usuarios-muebles 1-116,text,true,,538,336,200,200,https://compumuebles-sabana-api.cyk.com.co/api/auth/login,14410,0,0
1781509377904,14374,Ingreso Usuario,200,OK,Ingreso-usuarios-muebles 1-19,text,true,,538,336,200,200,https://compumuebles-sabana-api.cyk.com.co/api/auth/login,14374,0,0
1781509377905,14374,Ingreso Usuario,200,OK,Ingreso-usuarios-muebles 1-178,text,true,,538,336,200,200,https://compumuebles-sabana-api.cyk.com.co/api/auth/login,14374,0,0
1781509383069,15037,Ingreso Usuario,200,OK,Ingreso-usuarios-muebles 1-194,text,true,,538,336,200,200,https://compumuebles-sabana-api.cyk.com.co/api/auth/login,15037,0,0
1781509383069,15039,Ingreso Usuario,200,OK,Ingreso-usuarios-muebles 1-154,text,true,,538,336,200,200,https://compumuebles-sabana-api.cyk.com.co/api/auth/login,15039,0,0
1781509383070,15039,Ingreso Usuario,200,OK,Ingreso-usuarios-muebles 1-25,text,true,,538,336,200,200,https://compumuebles-sabana-api.cyk.com.co/api/auth/login,15039,0,0
1781509383072,15043,Ingreso Usuario,200,OK,Ingreso-usuarios-muebles 1-130,text,true,,538,336,200,200,https://compumuebles-sabana-api.cyk.com.co/api/auth/login,15043,0,0
1781509383069,15054,Ingreso Usuario,200,OK,Ingreso-usuarios-muebles 1-75,text,true,,538,336,200,200,https://compumuebles-sabana-api.cyk.com.co/api/auth/login,15054,0,0
1781509383085,15038,Ingreso Usuario,200,OK,Ingreso-usuarios-muebles 1-164,text,true,,538,336,200,200,https://compumuebles-sabana-api.cyk.com.co/api/auth/login,15038,0,0
1781509383079,15048,Ingreso Usuario,200,OK,Ingreso-usuarios-muebles 1-14,text,true,,538,336,200,200,https://compumuebles-sabana-api.cyk.com.co/api/auth/login,15048,0,0
1781509383080,15047,Ingreso Usuario,200,OK,Ingreso-usuarios-muebles 1-107,text,true,,538,336,200,200,https://compumuebles-sabana-api.cyk.com.co/api/auth/login,15047,0,0
1781509383076,15051,Ingreso Usuario,200,OK,Ingreso-usuarios-muebles 1-181,text,true,,538,336,200,200,https://compumuebles-sabana-api.cyk.com.co/api/auth/login,15051,0,0
1781509383083,15044,Ingreso Usuario,200,OK,Ingreso-usuarios-muebles 1-110,text,true,,538,336,200,200,https://compumuebles-sabana-api.cyk.com.co/api/auth/login,15044,0,0
1781509383088,15041,Ingreso Usuario,200,OK,Ingreso-usuarios-muebles 1-142,text,true,,538,336,200,200,https://compumuebles-sabana-api.cyk.com.co/api/auth/login,15041,0,0
1781509383087,15045,Ingreso Usuario,200,OK,Ingreso-usuarios-muebles 1-129,text,true,,538,336,200,200,https://compumuebles-sabana-api.cyk.com.co/api/auth/login,15045,0,0
1781509383089,15043,Ingreso Usuario,200,OK,Ingreso-usuarios-muebles 1-169,text,true,,538,336,200,200,https://compumuebles-sabana-api.cyk.com.co/api/auth/login,15043,0,0
1781509385662,15088,Ingreso Usuario,200,OK,Ingreso-usuarios-muebles 1-3,text,true,,538,336,200,200,https://compumuebles-sabana-api.cyk.com.co/api/auth/login,15088,0,0
1781509385662,15092,Ingreso Usuario,200,OK,Ingreso-usuarios-muebles 1-137,text,true,,538,336,200,200,https://compumuebles-sabana-api.cyk.com.co/api/auth/login,15092,0,0
1781509385680,15075,Ingreso Usuario,200,OK,Ingreso-usuarios-muebles 1-170,text,true,,538,336,200,200,https://compumuebles-sabana-api.cyk.com.co/api/auth/login,15075,0,0
1781509385682,15075,Ingreso Usuario,200,OK,Ingreso-usuarios-muebles 1-152,text,true,,538,336,200,200,https://compumuebles-sabana-api.cyk.com.co/api/auth/login,15075,0,0
1781509385682,15075,Ingreso Usuario,200,OK,Ingreso-usuarios-muebles 1-160,text,true,,538,336,200,200,https://compumuebles-sabana-api.cyk.com.co/api/auth/login,15075,0,0
1781509385682,15075,Ingreso Usuario,200,OK,Ingreso-usuarios-muebles 1-196,text,true,,538,336,200,200,https://compumuebles-sabana-api.cyk.com.co/api/auth/login,15075,0,0
1781509385697,15064,Ingreso Usuario,200,OK,Ingreso-usuarios-muebles 1-179,text,true,,538,336,200,200,https://compumuebles-sabana-api.cyk.com.co/api/auth/login,15064,0,0
1781509385698,15066,Ingreso Usuario,200,OK,Ingreso-usuarios-muebles 1-78,text,true,,538,336,200,200,https://compumuebles-sabana-api.cyk.com.co/api/auth/login,15066,0,0
1781509385700,15066,Ingreso Usuario,200,OK,Ingreso-usuarios-muebles 1-12,text,true,,538,336,200,200,https://compumuebles-sabana-api.cyk.com.co/api/auth/login,15066,0,0
1781509385708,15060,Ingreso Usuario,200,OK,Ingreso-usuarios-muebles 1-50,text,true,,538,336,200,200,https://compumuebles-sabana-api.cyk.com.co/api/auth/login,15060,0,0
1781509385716,15053,Ingreso Usuario,200,OK,Ingreso-usuarios-muebles 1-49,text,true,,538,336,200,200,https://compumuebles-sabana-api.cyk.com.co/api/auth/login,15053,0,0
1781509385728,15042,Ingreso Usuario,200,OK,Ingreso-usuarios-muebles 1-76,text,true,,538,336,200,200,https://compumuebles-sabana-api.cyk.com.co/api/auth/login,15042,0,0
1781509385716,15055,Ingreso Usuario,200,OK,Ingreso-usuarios-muebles 1-101,text,true,,538,336,200,200,https://compumuebles-sabana-api.cyk.com.co/api/auth/login,15055,0,0
1781509385722,15051,Ingreso Usuario,200,OK,Ingreso-usuarios-muebles 1-10,text,true,,538,336,200,200,https://compumuebles-sabana-api.cyk.com.co/api/auth/login,15051,0,0
1781509385732,15044,Ingreso Usuario,200,OK,Ingreso-usuarios-muebles 1-58,text,true,,538,336,200,200,https://compumuebles-sabana-api.cyk.com.co/api/auth/login,15044,0,0
1781509385740,15038,Ingreso Usuario,200,OK,Ingreso-usuarios-muebles 1-153,text,true,,538,336,200,200,https://compumuebles-sabana-api.cyk.com.co/api/auth/login,15038,0,0
1781509385743,15038,Ingreso Usuario,200,OK,Ingreso-usuarios-muebles 1-167,text,true,,538,336,200,200,https://compumuebles-sabana-api.cyk.com.co/api/auth/login,15038,0,0
1781509385751,15032,Ingreso Usuario,200,OK,Ingreso-usuarios-muebles 1-117,text,true,,538,336,200,200,https://compumuebles-sabana-api.cyk.com.co/api/auth/login,15032,0,0
1781509385752,15033,Ingreso Usuario,200,OK,Ingreso-usuarios-muebles 1-102,text,true,,538,336,200,200,https://compumuebles-sabana-api.cyk.com.co/api/auth/login,15033,0,0
1781509385754,15033,Ingreso Usuario,200,OK,Ingreso-usuarios-muebles 1-17,text,true,,538,336,200,200,https://compumuebles-sabana-api.cyk.com.co/api/auth/login,15033,0,0
1781509385770,15018,Ingreso Usuario,200,OK,Ingreso-usuarios-muebles 1-36,text,true,,538,336,200,200,https://compumuebles-sabana-api.cyk.com.co/api/auth/login,15018,0,0
1781509385770,15019,Ingreso Usuario,200,OK,Ingreso-usuarios-muebles 1-39,text,true,,538,336,200,200,https://compumuebles-sabana-api.cyk.com.co/api/auth/login,15019,0,0
1781509385784,15006,Ingreso Usuario,200,OK,Ingreso-usuarios-muebles 1-35,text,true,,538,336,200,200,https://compumuebles-sabana-api.cyk.com.co/api/auth/login,15006,0,0
1781509385821,14971,Ingreso Usuario,200,OK,Ingreso-usuarios-muebles 1-72,text,true,,538,336,200,200,https://compumuebles-sabana-api.cyk.com.co/api/auth/login,14971,0,0
1781509385795,15000,Ingreso Usuario,200,OK,Ingreso-usuarios-muebles 1-84,text,true,,538,336,200,200,https://compumuebles-sabana-api.cyk.com.co/api/auth/login,15000,0,0
1781509385829,14972,Ingreso Usuario,200,OK,Ingreso-usuarios-muebles 1-8,text,true,,538,336,200,200,https://compumuebles-sabana-api.cyk.com.co/api/auth/login,14972,0,0
1781509385796,15006,Ingreso Usuario,200,OK,Ingreso-usuarios-muebles 1-183,text,true,,538,336,200,200,https://compumuebles-sabana-api.cyk.com.co/api/auth/login,15006,0,0
1781509385786,15017,Ingreso Usuario,200,OK,Ingreso-usuarios-muebles 1-118,text,true,,538,336,200,200,https://compumuebles-sabana-api.cyk.com.co/api/auth/login,15017,0,0
1781509385840,14965,Ingreso Usuario,200,OK,Ingreso-usuarios-muebles 1-199,text,true,,538,336,200,200,https://compumuebles-sabana-api.cyk.com.co/api/auth/login,14965,0,0
1781509385843,14963,Ingreso Usuario,200,OK,Ingreso-usuarios-muebles 1-127,text,true,,538,336,200,200,https://compumuebles-sabana-api.cyk.com.co/api/auth/login,14963,0,0
1781509385839,14969,Ingreso Usuario,200,OK,Ingreso-usuarios-muebles 1-85,text,true,,538,336,200,200,https://compumuebles-sabana-api.cyk.com.co/api/auth/login,14969,0,0
1781509385886,14925,Ingreso Usuario,200,OK,Ingreso-usuarios-muebles 1-175,text,true,,538,336,200,200,https://compumuebles-sabana-api.cyk.com.co/api/auth/login,14925,0,0
1781509385886,14926,Ingreso Usuario,200,OK,Ingreso-usuarios-muebles 1-191,text,true,,538,336,200,200,https://compumuebles-sabana-api.cyk.com.co/api/auth/login,14926,0,0
1781509385907,14906,Ingreso Usuario,200,OK,Ingreso-usuarios-muebles 1-77,text,true,,538,336,200,200,https://compumuebles-sabana-api.cyk.com.co/api/auth/login,14906,0,0
1781509385885,14931,Ingreso Usuario,200,OK,Ingreso-usuarios-muebles 1-23,text,true,,538,336,200,200,https://compumuebles-sabana-api.cyk.com.co/api/auth/login,14931,0,0
1781509385906,14913,Ingreso Usuario,200,OK,Ingreso-usuarios-muebles 1-54,text,true,,538,336,200,200,https://compumuebles-sabana-api.cyk.com.co/api/auth/login,14913,0,0
1781509385935,14885,Ingreso Usuario,200,OK,Ingreso-usuarios-muebles 1-119,text,true,,538,336,200,200,https://compumuebles-sabana-api.cyk.com.co/api/auth/login,14885,0,0
1781509385947,14874,Ingreso Usuario,200,OK,Ingreso-usuarios-muebles 1-83,text,true,,538,336,200,200,https://compumuebles-sabana-api.cyk.com.co/api/auth/login,14874,0,0
1781509385681,15142,Ingreso Usuario,200,OK,Ingreso-usuarios-muebles 1-79,text,true,,538,336,200,200,https://compumuebles-sabana-api.cyk.com.co/api/auth/login,15142,0,0
1781509385676,15148,Ingreso Usuario,200,OK,Ingreso-usuarios-muebles 1-180,text,true,,538,336,200,200,https://compumuebles-sabana-api.cyk.com.co/api/auth/login,15148,0,0
1781509385688,15139,Ingreso Usuario,200,OK,Ingreso-usuarios-muebles 1-47,text,true,,538,336,200,200,https://compumuebles-sabana-api.cyk.com.co/api/auth/login,15139,0,0
1781509385684,15143,Ingreso Usuario,200,OK,Ingreso-usuarios-muebles 1-29,text,true,,538,336,200,200,https://compumuebles-sabana-api.cyk.com.co/api/auth/login,15143,0,0
1781509385693,15137,Ingreso Usuario,200,OK,Ingreso-usuarios-muebles 1-94,text,true,,538,336,200,200,https://compumuebles-sabana-api.cyk.com.co/api/auth/login,15137,0,0
1781509385703,15132,Ingreso Usuario,200,OK,Ingreso-usuarios-muebles 1-92,text,true,,538,336,200,200,https://compumuebles-sabana-api.cyk.com.co/api/auth/login,15132,0,0
1781509385695,15141,Ingreso Usuario,200,OK,Ingreso-usuarios-muebles 1-124,text,true,,538,336,200,200,https://compumuebles-sabana-api.cyk.com.co/api/auth/login,15141,0,0
1781509385705,15134,Ingreso Usuario,200,OK,Ingreso-usuarios-muebles 1-145,text,true,,538,336,200,200,https://compumuebles-sabana-api.cyk.com.co/api/auth/login,15134,0,0
1781509385710,15133,Ingreso Usuario,200,OK,Ingreso-usuarios-muebles 1-105,text,true,,538,336,200,200,https://compumuebles-sabana-api.cyk.com.co/api/auth/login,15133,0,0
1781509385716,15127,Ingreso Usuario,200,OK,Ingreso-usuarios-muebles 1-192,text,true,,538,336,200,200,https://compumuebles-sabana-api.cyk.com.co/api/auth/login,15127,0,0
1781509385719,15127,Ingreso Usuario,200,OK,Ingreso-usuarios-muebles 1-190,text,true,,538,336,200,200,https://compumuebles-sabana-api.cyk.com.co/api/auth/login,15127,0,0
1781509385723,15139,Ingreso Usuario,200,OK,Ingreso-usuarios-muebles 1-186,text,true,,538,336,200,200,https://compumuebles-sabana-api.cyk.com.co/api/auth/login,15139,0,0
1781509385726,15138,Ingreso Usuario,200,OK,Ingreso-usuarios-muebles 1-131,text,true,,538,336,200,200,https://compumuebles-sabana-api.cyk.com.co/api/auth/login,15138,0,0
1781509385736,15130,Ingreso Usuario,200,OK,Ingreso-usuarios-muebles 1-173,text,true,,538,336,200,200,https://compumuebles-sabana-api.cyk.com.co/api/auth/login,15130,0,0
1781509385752,15114,Ingreso Usuario,200,OK,Ingreso-usuarios-muebles 1-33,text,true,,538,336,200,200,https://compumuebles-sabana-api.cyk.com.co/api/auth/login,15114,0,0
1781509385730,15136,Ingreso Usuario,200,OK,Ingreso-usuarios-muebles 1-136,text,true,,538,336,200,200,https://compumuebles-sabana-api.cyk.com.co/api/auth/login,15136,0,0
1781509385749,15118,Ingreso Usuario,200,OK,Ingreso-usuarios-muebles 1-197,text,true,,538,336,200,200,https://compumuebles-sabana-api.cyk.com.co/api/auth/login,15118,0,0
1781509385757,15112,Ingreso Usuario,200,OK,Ingreso-usuarios-muebles 1-185,text,true,,538,336,200,200,https://compumuebles-sabana-api.cyk.com.co/api/auth/login,15112,0,0
1781509385763,15107,Ingreso Usuario,200,OK,Ingreso-usuarios-muebles 1-150,text,true,,538,336,200,200,https://compumuebles-sabana-api.cyk.com.co/api/auth/login,15107,0,0
1781509385770,15100,Ingreso Usuario,200,OK,Ingreso-usuarios-muebles 1-67,text,true,,538,336,200,200,https://compumuebles-sabana-api.cyk.com.co/api/auth/login,15100,0,0
1781509385775,15110,Ingreso Usuario,200,OK,Ingreso-usuarios-muebles 1-64,text,true,,538,336,200,200,https://compumuebles-sabana-api.cyk.com.co/api/auth/login,15110,0,0
1781509385792,15093,Ingreso Usuario,200,OK,Ingreso-usuarios-muebles 1-165,text,true,,538,336,200,200,https://compumuebles-sabana-api.cyk.com.co/api/auth/login,15093,0,0
1781509385776,15109,Ingreso Usuario,200,OK,Ingreso-usuarios-muebles 1-200,text,true,,538,336,200,200,https://compumuebles-sabana-api.cyk.com.co/api/auth/login,15109,0,0
1781509385823,15065,Ingreso Usuario,200,OK,Ingreso-usuarios-muebles 1-61,text,true,,538,336,200,200,https://compumuebles-sabana-api.cyk.com.co/api/auth/login,15065,0,0
1781509385814,15074,Ingreso Usuario,200,OK,Ingreso-usuarios-muebles 1-161,text,true,,538,336,200,200,https://compumuebles-sabana-api.cyk.com.co/api/auth/login,15074,0,0
1781509385824,15065,Ingreso Usuario,200,OK,Ingreso-usuarios-muebles 1-13,text,true,,538,336,200,200,https://compumuebles-sabana-api.cyk.com.co/api/auth/login,15065,0,0
1781509385830,15059,Ingreso Usuario,200,OK,Ingreso-usuarios-muebles 1-95,text,true,,538,336,200,200,https://compumuebles-sabana-api.cyk.com.co/api/auth/login,15059,0,0
1781509385847,15044,Ingreso Usuario,200,OK,Ingreso-usuarios-muebles 1-93,text,true,,538,336,200,200,https://compumuebles-sabana-api.cyk.com.co/api/auth/login,15044,0,0
1781509385832,15061,Ingreso Usuario,200,OK,Ingreso-usuarios-muebles 1-103,text,true,,538,336,200,200,https://compumuebles-sabana-api.cyk.com.co/api/auth/login,15061,0,0
1781509385841,15067,Ingreso Usuario,200,OK,Ingreso-usuarios-muebles 1-90,text,true,,538,336,200,200,https://compumuebles-sabana-api.cyk.com.co/api/auth/login,15067,0,0
1781509385840,15076,Ingreso Usuario,200,OK,Ingreso-usuarios-muebles 1-98,text,true,,538,336,200,200,https://compumuebles-sabana-api.cyk.com.co/api/auth/login,15076,0,0
1781509385907,15012,Ingreso Usuario,200,OK,Ingreso-usuarios-muebles 1-120,text,true,,538,336,200,200,https://compumuebles-sabana-api.cyk.com.co/api/auth/login,15012,0,0
1781509385949,14973,Ingreso Usuario,200,OK,Ingreso-usuarios-muebles 1-44,text,true,,538,336,200,200,https://compumuebles-sabana-api.cyk.com.co/api/auth/login,14973,0,0
1781509385906,15016,Ingreso Usuario,200,OK,Ingreso-usuarios-muebles 1-86,text,true,,538,336,200,200,https://compumuebles-sabana-api.cyk.com.co/api/auth/login,15016,0,0
1781509385906,15017,Ingreso Usuario,200,OK,Ingreso-usuarios-muebles 1-157,text,true,,538,336,200,200,https://compumuebles-sabana-api.cyk.com.co/api/auth/login,15017,0,0
1781509385841,15083,Ingreso Usuario,200,OK,Ingreso-usuarios-muebles 1-18,text,true,,538,336,200,200,https://compumuebles-sabana-api.cyk.com.co/api/auth/login,15083,0,0
1781509385886,15040,Ingreso Usuario,200,OK,Ingreso-usuarios-muebles 1-132,text,true,,538,336,200,200,https://compumuebles-sabana-api.cyk.com.co/api/auth/login,15040,0,0
1781509385959,14976,Ingreso Usuario,200,OK,Ingreso-usuarios-muebles 1-52,text,true,,538,336,200,200,https://compumuebles-sabana-api.cyk.com.co/api/auth/login,14976,0,0
1781509385886,15049,Ingreso Usuario,200,OK,Ingreso-usuarios-muebles 1-112,text,true,,538,336,200,200,https://compumuebles-sabana-api.cyk.com.co/api/auth/login,15049,0,0
1781509385931,15007,Ingreso Usuario,200,OK,Ingreso-usuarios-muebles 1-11,text,true,,538,336,200,200,https://compumuebles-sabana-api.cyk.com.co/api/auth/login,15007,0,0
1781509385941,14997,Ingreso Usuario,200,OK,Ingreso-usuarios-muebles 1-62,text,true,,538,336,200,200,https://compumuebles-sabana-api.cyk.com.co/api/auth/login,14997,0,0
1781509391205,14779,Ingreso Usuario,200,OK,Ingreso-usuarios-muebles 1-138,text,true,,538,336,200,200,https://compumuebles-sabana-api.cyk.com.co/api/auth/login,14779,0,0
1781509391225,14763,Ingreso Usuario,200,OK,Ingreso-usuarios-muebles 1-126,text,true,,538,336,200,200,https://compumuebles-sabana-api.cyk.com.co/api/auth/login,14763,0,0
1781509391219,14776,Ingreso Usuario,200,OK,Ingreso-usuarios-muebles 1-65,text,true,,538,336,200,200,https://compumuebles-sabana-api.cyk.com.co/api/auth/login,14776,0,0
1781509391213,14783,Ingreso Usuario,200,OK,Ingreso-usuarios-muebles 1-182,text,true,,538,336,200,200,https://compumuebles-sabana-api.cyk.com.co/api/auth/login,14783,0,0
1781509391209,14790,Ingreso Usuario,200,OK,Ingreso-usuarios-muebles 1-121,text,true,,538,336,200,200,https://compumuebles-sabana-api.cyk.com.co/api/auth/login,14790,0,0
1781509391214,14786,Ingreso Usuario,200,OK,Ingreso-usuarios-muebles 1-125,text,true,,538,336,200,200,https://compumuebles-sabana-api.cyk.com.co/api/auth/login,14786,0,0
1781509391202,14798,Ingreso Usuario,200,OK,Ingreso-usuarios-muebles 1-89,text,true,,538,336,200,200,https://compumuebles-sabana-api.cyk.com.co/api/auth/login,14798,0,0
1781509391195,14806,Ingreso Usuario,200,OK,Ingreso-usuarios-muebles 1-188,text,true,,538,336,200,200,https://compumuebles-sabana-api.cyk.com.co/api/auth/login,14806,0,0
1781509391207,14794,Ingreso Usuario,200,OK,Ingreso-usuarios-muebles 1-60,text,true,,538,336,200,200,https://compumuebles-sabana-api.cyk.com.co/api/auth/login,14794,0,0
1781509391226,14775,Ingreso Usuario,200,OK,Ingreso-usuarios-muebles 1-149,text,true,,538,336,200,200,https://compumuebles-sabana-api.cyk.com.co/api/auth/login,14775,0,0
1781509391243,14765,Ingreso Usuario,200,OK,Ingreso-usuarios-muebles 1-55,text,true,,538,336,200,200,https://compumuebles-sabana-api.cyk.com.co/api/auth/login,14765,0,0
1781509391239,14772,Ingreso Usuario,200,OK,Ingreso-usuarios-muebles 1-41,text,true,,538,336,200,200,https://compumuebles-sabana-api.cyk.com.co/api/auth/login,14772,0,0
1781509391236,14782,Ingreso Usuario,200,OK,Ingreso-usuarios-muebles 1-70,text,true,,538,336,200,200,https://compumuebles-sabana-api.cyk.com.co/api/auth/login,14782,0,0
1781509391232,14786,Ingreso Usuario,200,OK,Ingreso-usuarios-muebles 1-42,text,true,,538,336,200,200,https://compumuebles-sabana-api.cyk.com.co/api/auth/login,14786,0,0
1781509391230,14789,Ingreso Usuario,200,OK,Ingreso-usuarios-muebles 1-162,text,true,,538,336,200,200,https://compumuebles-sabana-api.cyk.com.co/api/auth/login,14789,0,0
1781509391249,14770,Ingreso Usuario,200,OK,Ingreso-usuarios-muebles 1-184,text,true,,538,336,200,200,https://compumuebles-sabana-api.cyk.com.co/api/auth/login,14770,0,0
1781509391245,14774,Ingreso Usuario,200,OK,Ingreso-usuarios-muebles 1-156,text,true,,538,336,200,200,https://compumuebles-sabana-api.cyk.com.co/api/auth/login,14774,0,0
1781509391242,14778,Ingreso Usuario,200,OK,Ingreso-usuarios-muebles 1-140,text,true,,538,336,200,200,https://compumuebles-sabana-api.cyk.com.co/api/auth/login,14778,0,0
1781509391251,14769,Ingreso Usuario,200,OK,Ingreso-usuarios-muebles 1-106,text,true,,538,336,200,200,https://compumuebles-sabana-api.cyk.com.co/api/auth/login,14769,0,0
1781509391253,14768,Ingreso Usuario,200,OK,Ingreso-usuarios-muebles 1-22,text,true,,538,336,200,200,https://compumuebles-sabana-api.cyk.com.co/api/auth/login,14768,0,0
1781509391322,14711,Ingreso Usuario,200,OK,Ingreso-usuarios-muebles 1-135,text,true,,538,336,200,200,https://compumuebles-sabana-api.cyk.com.co/api/auth/login,14711,0,0
1781509391322,14711,Ingreso Usuario,200,OK,Ingreso-usuarios-muebles 1-187,text,true,,538,336,200,200,https://compumuebles-sabana-api.cyk.com.co/api/auth/login,14711,0,0
1781509391322,14711,Ingreso Usuario,200,OK,Ingreso-usuarios-muebles 1-144,text,true,,538,336,200,200,https://compumuebles-sabana-api.cyk.com.co/api/auth/login,14711,0,0
1781509391322,14711,Ingreso Usuario,200,OK,Ingreso-usuarios-muebles 1-4,text,true,,538,336,200,200,https://compumuebles-sabana-api.cyk.com.co/api/auth/login,14711,0,0
1781509391322,14711,Ingreso Usuario,200,OK,Ingreso-usuarios-muebles 1-168,text,true,,538,336,200,200,https://compumuebles-sabana-api.cyk.com.co/api/auth/login,14711,0,0
1781509391322,14711,Ingreso Usuario,200,OK,Ingreso-usuarios-muebles 1-46,text,true,,538,336,200,200,https://compumuebles-sabana-api.cyk.com.co/api/auth/login,14711,0,0
1781509391322,14711,Ingreso Usuario,200,OK,Ingreso-usuarios-muebles 1-104,text,true,,538,336,200,200,https://compumuebles-sabana-api.cyk.com.co/api/auth/login,14711,0,0
1781509391322,14711,Ingreso Usuario,200,OK,Ingreso-usuarios-muebles 1-56,text,true,,538,336,200,200,https://compumuebles-sabana-api.cyk.com.co/api/auth/login,14711,0,0
1781509391322,14711,Ingreso Usuario,200,OK,Ingreso-usuarios-muebles 1-155,text,true,,538,336,200,200,https://compumuebles-sabana-api.cyk.com.co/api/auth/login,14711,0,0
1781509391322,14711,Ingreso Usuario,200,OK,Ingreso-usuarios-muebles 1-113,text,true,,538,336,200,200,https://compumuebles-sabana-api.cyk.com.co/api/auth/login,14711,0,0
1781509391322,14727,Ingreso Usuario,200,OK,Ingreso-usuarios-muebles 1-166,text,true,,538,336,200,200,https://compumuebles-sabana-api.cyk.com.co/api/auth/login,14727,0,0
1781509391322,14727,Ingreso Usuario,200,OK,Ingreso-usuarios-muebles 1-26,text,true,,538,336,200,200,https://compumuebles-sabana-api.cyk.com.co/api/auth/login,14727,0,0
1781509391191,14858,Ingreso Usuario,200,OK,Ingreso-usuarios-muebles 1-193,text,true,,538,336,200,200,https://compumuebles-sabana-api.cyk.com.co/api/auth/login,14858,0,241
1781509391322,14727,Ingreso Usuario,200,OK,Ingreso-usuarios-muebles 1-71,text,true,,538,336,200,200,https://compumuebles-sabana-api.cyk.com.co/api/auth/login,14727,0,0
1781509391322,14727,Ingreso Usuario,200,OK,Ingreso-usuarios-muebles 1-69,text,true,,538,336,200,200,https://compumuebles-sabana-api.cyk.com.co/api/auth/login,14727,0,0
1781509391220,14829,Ingreso Usuario,200,OK,Ingreso-usuarios-muebles 1-7,text,true,,538,336,200,200,https://compumuebles-sabana-api.cyk.com.co/api/auth/login,14829,0,214
1781509391189,14875,Ingreso Usuario,200,OK,Ingreso-usuarios-muebles 1-20,text,true,,538,336,200,200,https://compumuebles-sabana-api.cyk.com.co/api/auth/login,14875,0,241
1781509392116,15095,Ingreso Usuario,200,OK,Ingreso-usuarios-muebles 1-9,text,true,,538,336,200,200,https://compumuebles-sabana-api.cyk.com.co/api/auth/login,15095,0,0
1781509392105,15107,Ingreso Usuario,200,OK,Ingreso-usuarios-muebles 1-59,text,true,,538,336,200,200,https://compumuebles-sabana-api.cyk.com.co/api/auth/login,15107,0,0
1781509392117,15097,Ingreso Usuario,200,OK,Ingreso-usuarios-muebles 1-88,text,true,,538,336,200,200,https://compumuebles-sabana-api.cyk.com.co/api/auth/login,15097,0,0
1781509392126,15089,Ingreso Usuario,200,OK,Ingreso-usuarios-muebles 1-163,text,true,,538,336,200,200,https://compumuebles-sabana-api.cyk.com.co/api/auth/login,15089,0,0
1781509392123,15093,Ingreso Usuario,200,OK,Ingreso-usuarios-muebles 1-189,text,true,,538,336,200,200,https://compumuebles-sabana-api.cyk.com.co/api/auth/login,15093,0,0
1781509392132,15085,Ingreso Usuario,200,OK,Ingreso-usuarios-muebles 1-27,text,true,,538,336,200,200,https://compumuebles-sabana-api.cyk.com.co/api/auth/login,15085,0,0
1781509392135,15084,Ingreso Usuario,200,OK,Ingreso-usuarios-muebles 1-48,text,true,,538,336,200,200,https://compumuebles-sabana-api.cyk.com.co/api/auth/login,15084,0,0
1781509392140,15082,Ingreso Usuario,200,OK,Ingreso-usuarios-muebles 1-68,text,true,,538,336,200,200,https://compumuebles-sabana-api.cyk.com.co/api/auth/login,15082,0,0
1781509392141,15082,Ingreso Usuario,200,OK,Ingreso-usuarios-muebles 1-100,text,true,,538,336,200,200,https://compumuebles-sabana-api.cyk.com.co/api/auth/login,15082,0,0
1781509392153,15071,Ingreso Usuario,200,OK,Ingreso-usuarios-muebles 1-147,text,true,,538,336,200,200,https://compumuebles-sabana-api.cyk.com.co/api/auth/login,15071,0,0
1781509392192,15039,Ingreso Usuario,200,OK,Ingreso-usuarios-muebles 1-91,text,true,,538,336,200,200,https://compumuebles-sabana-api.cyk.com.co/api/auth/login,15039,0,198
1781509392260,14978,Ingreso Usuario,200,OK,Ingreso-usuarios-muebles 1-57,text,true,,538,336,200,200,https://compumuebles-sabana-api.cyk.com.co/api/auth/login,14978,0,153
1781509392273,14965,Ingreso Usuario,200,OK,Ingreso-usuarios-muebles 1-28,text,true,,538,336,200,200,https://compumuebles-sabana-api.cyk.com.co/api/auth/login,14965,0,169
1781509392116,15123,Ingreso Usuario,200,OK,Ingreso-usuarios-muebles 1-172,text,true,,538,336,200,200,https://compumuebles-sabana-api.cyk.com.co/api/auth/login,15123,0,0
1781509392119,15122,Ingreso Usuario,200,OK,Ingreso-usuarios-muebles 1-176,text,true,,538,336,200,200,https://compumuebles-sabana-api.cyk.com.co/api/auth/login,15122,0,0
1781509392129,15114,Ingreso Usuario,200,OK,Ingreso-usuarios-muebles 1-148,text,true,,538,336,200,200,https://compumuebles-sabana-api.cyk.com.co/api/auth/login,15114,0,0
1781509392127,15118,Ingreso Usuario,200,OK,Ingreso-usuarios-muebles 1-53,text,true,,538,336,200,200,https://compumuebles-sabana-api.cyk.com.co/api/auth/login,15118,0,0
1781509392123,15123,Ingreso Usuario,200,OK,Ingreso-usuarios-muebles 1-32,text,true,,538,336,200,200,https://compumuebles-sabana-api.cyk.com.co/api/auth/login,15123,0,0
1781509392143,15107,Ingreso Usuario,200,OK,Ingreso-usuarios-muebles 1-122,text,true,,538,336,200,200,https://compumuebles-sabana-api.cyk.com.co/api/auth/login,15107,0,0
1781509392133,15117,Ingreso Usuario,200,OK,Ingreso-usuarios-muebles 1-111,text,true,,538,336,200,200,https://compumuebles-sabana-api.cyk.com.co/api/auth/login,15117,0,0
1781509392155,15097,Ingreso Usuario,200,OK,Ingreso-usuarios-muebles 1-146,text,true,,538,336,200,200,https://compumuebles-sabana-api.cyk.com.co/api/auth/login,15097,0,0
1781509392342,14911,Ingreso Usuario,200,OK,Ingreso-usuarios-muebles 1-19,text,true,,538,336,200,200,https://compumuebles-sabana-api.cyk.com.co/api/auth/login,14911,0,163
1781509392213,15040,Ingreso Usuario,200,OK,Ingreso-usuarios-muebles 1-139,text,true,,538,336,200,200,https://compumuebles-sabana-api.cyk.com.co/api/auth/login,15040,0,186
1781509392275,14979,Ingreso Usuario,200,OK,Ingreso-usuarios-muebles 1-116,text,true,,538,336,200,200,https://compumuebles-sabana-api.cyk.com.co/api/auth/login,14979,0,165
1781509392119,15137,Ingreso Usuario,200,OK,Ingreso-usuarios-muebles 1-128,text,true,,538,336,200,200,https://compumuebles-sabana-api.cyk.com.co/api/auth/login,15137,0,0
1781509392116,15140,Ingreso Usuario,200,OK,Ingreso-usuarios-muebles 1-114,text,true,,538,336,200,200,https://compumuebles-sabana-api.cyk.com.co/api/auth/login,15140,0,0
1781509392214,15042,Ingreso Usuario,200,OK,Ingreso-usuarios-muebles 1-16,text,true,,538,336,200,200,https://compumuebles-sabana-api.cyk.com.co/api/auth/login,15042,0,186
1781509392130,15127,Ingreso Usuario,200,OK,Ingreso-usuarios-muebles 1-63,text,true,,538,336,200,200,https://compumuebles-sabana-api.cyk.com.co/api/auth/login,15126,0,0
1781509392119,15138,Ingreso Usuario,200,OK,Ingreso-usuarios-muebles 1-143,text,true,,538,336,200,200,https://compumuebles-sabana-api.cyk.com.co/api/auth/login,15138,0,0
1781509392132,15132,Ingreso Usuario,200,OK,Ingreso-usuarios-muebles 1-141,text,true,,538,336,200,200,https://compumuebles-sabana-api.cyk.com.co/api/auth/login,15132,0,0
1781509392133,15132,Ingreso Usuario,200,OK,Ingreso-usuarios-muebles 1-99,text,true,,538,336,200,200,https://compumuebles-sabana-api.cyk.com.co/api/auth/login,15132,0,0
1781509392138,15129,Ingreso Usuario,200,OK,Ingreso-usuarios-muebles 1-74,text,true,,538,336,200,200,https://compumuebles-sabana-api.cyk.com.co/api/auth/login,15129,0,0
1781509392147,15120,Ingreso Usuario,200,OK,Ingreso-usuarios-muebles 1-6,text,true,,538,336,200,200,https://compumuebles-sabana-api.cyk.com.co/api/auth/login,15120,0,0
1781509392154,15117,Ingreso Usuario,200,OK,Ingreso-usuarios-muebles 1-158,text,true,,538,336,200,200,https://compumuebles-sabana-api.cyk.com.co/api/auth/login,15117,0,0
1781509392169,15102,Ingreso Usuario,200,OK,Ingreso-usuarios-muebles 1-24,text,true,,538,336,200,200,https://compumuebles-sabana-api.cyk.com.co/api/auth/login,15102,0,0
1781509392174,15100,Ingreso Usuario,200,OK,Ingreso-usuarios-muebles 1-82,text,true,,538,336,200,200,https://compumuebles-sabana-api.cyk.com.co/api/auth/login,15100,0,0
1781509392186,15089,Ingreso Usuario,200,OK,Ingreso-usuarios-muebles 1-133,text,true,,538,336,200,200,https://compumuebles-sabana-api.cyk.com.co/api/auth/login,15089,0,0
1781509392188,15092,Ingreso Usuario,200,OK,Ingreso-usuarios-muebles 1-115,text,true,,538,336,200,200,https://compumuebles-sabana-api.cyk.com.co/api/auth/login,15092,0,0
1781509392187,15095,Ingreso Usuario,200,OK,Ingreso-usuarios-muebles 1-123,text,true,,538,336,200,200,https://compumuebles-sabana-api.cyk.com.co/api/auth/login,15095,0,0
1781509392188,15095,Ingreso Usuario,200,OK,Ingreso-usuarios-muebles 1-66,text,true,,538,336,200,200,https://compumuebles-sabana-api.cyk.com.co/api/auth/login,15095,0,0
1781509392254,15029,Ingreso Usuario,200,OK,Ingreso-usuarios-muebles 1-87,text,true,,538,336,200,200,https://compumuebles-sabana-api.cyk.com.co/api/auth/login,15029,0,0
1781509392255,15030,Ingreso Usuario,200,OK,Ingreso-usuarios-muebles 1-108,text,true,,538,336,200,200,https://compumuebles-sabana-api.cyk.com.co/api/auth/login,15030,0,0
1781509392255,15030,Ingreso Usuario,200,OK,Ingreso-usuarios-muebles 1-151,text,true,,538,336,200,200,https://compumuebles-sabana-api.cyk.com.co/api/auth/login,15030,0,0
1781509392108,15177,Ingreso Usuario,200,OK,Ingreso-usuarios-muebles 1-45,text,true,,538,336,200,200,https://compumuebles-sabana-api.cyk.com.co/api/auth/login,15177,0,173
1781509392107,15179,Ingreso Usuario,200,OK,Ingreso-usuarios-muebles 1-37,text,true,,538,336,200,200,https://compumuebles-sabana-api.cyk.com.co/api/auth/login,15179,0,174
1781509392112,15178,Ingreso Usuario,200,OK,Ingreso-usuarios-muebles 1-177,text,true,,538,336,200,200,https://compumuebles-sabana-api.cyk.com.co/api/auth/login,15178,0,180
1781509392117,15173,Ingreso Usuario,200,OK,Ingreso-usuarios-muebles 1-15,text,true,,538,336,200,200,https://compumuebles-sabana-api.cyk.com.co/api/auth/login,15173,0,172
1781509392137,15157,Ingreso Usuario,200,OK,Ingreso-usuarios-muebles 1-51,text,true,,538,336,200,200,https://compumuebles-sabana-api.cyk.com.co/api/auth/login,15157,0,169
1781509392113,15183,Ingreso Usuario,200,OK,Ingreso-usuarios-muebles 1-31,text,true,,538,336,200,200,https://compumuebles-sabana-api.cyk.com.co/api/auth/login,15183,0,180
1781509392129,15172,Ingreso Usuario,200,OK,Ingreso-usuarios-muebles 1-198,text,true,,538,336,200,200,https://compumuebles-sabana-api.cyk.com.co/api/auth/login,15172,0,166
1781509392149,15153,Ingreso Usuario,200,OK,Ingreso-usuarios-muebles 1-109,text,true,,538,336,200,200,https://compumuebles-sabana-api.cyk.com.co/api/auth/login,15153,0,183
1781509392155,15151,Ingreso Usuario,200,OK,Ingreso-usuarios-muebles 1-43,text,true,,538,336,200,200,https://compumuebles-sabana-api.cyk.com.co/api/auth/login,15151,0,189
1781509392170,15137,Ingreso Usuario,200,OK,Ingreso-usuarios-muebles 1-38,text,true,,538,336,200,200,https://compumuebles-sabana-api.cyk.com.co/api/auth/login,15137,0,175
1781509392173,15134,Ingreso Usuario,200,OK,Ingreso-usuarios-muebles 1-159,text,true,,538,336,200,200,https://compumuebles-sabana-api.cyk.com.co/api/auth/login,15134,0,177
1781509392153,15155,Ingreso Usuario,200,OK,Ingreso-usuarios-muebles 1-195,text,true,,538,336,200,200,https://compumuebles-sabana-api.cyk.com.co/api/auth/login,15155,0,194
1781509392154,15154,Ingreso Usuario,200,OK,Ingreso-usuarios-muebles 1-34,text,true,,538,336,200,200,https://compumuebles-sabana-api.cyk.com.co/api/auth/login,15154,0,194
1781509392174,15143,Ingreso Usuario,200,OK,Ingreso-usuarios-muebles 1-30,text,true,,538,336,200,200,https://compumuebles-sabana-api.cyk.com.co/api/auth/login,15143,0,194
1781509392174,15145,Ingreso Usuario,200,OK,Ingreso-usuarios-muebles 1-96,text,true,,538,336,200,200,https://compumuebles-sabana-api.cyk.com.co/api/auth/login,15145,0,203
1781509392168,15151,Ingreso Usuario,200,OK,Ingreso-usuarios-muebles 1-1,text,true,,538,336,200,200,https://compumuebles-sabana-api.cyk.com.co/api/auth/login,15151,0,188
1781509392172,15148,Ingreso Usuario,200,OK,Ingreso-usuarios-muebles 1-73,text,true,,538,336,200,200,https://compumuebles-sabana-api.cyk.com.co/api/auth/login,15147,0,187
1781509392167,15172,Ingreso Usuario,200,OK,Ingreso-usuarios-muebles 1-81,text,true,,538,336,200,200,https://compumuebles-sabana-api.cyk.com.co/api/auth/login,15172,0,194
1781509392179,15160,Ingreso Usuario,200,OK,Ingreso-usuarios-muebles 1-171,text,true,,538,336,200,200,https://compumuebles-sabana-api.cyk.com.co/api/auth/login,15160,0,190
1781509392173,15168,Ingreso Usuario,200,OK,Ingreso-usuarios-muebles 1-134,text,true,,538,336,200,200,https://compumuebles-sabana-api.cyk.com.co/api/auth/login,15168,0,198
1781509392176,15170,Ingreso Usuario,200,OK,Ingreso-usuarios-muebles 1-21,text,true,,538,336,200,200,https://compumuebles-sabana-api.cyk.com.co/api/auth/login,15170,0,194
1781509392165,15182,Ingreso Usuario,200,OK,Ingreso-usuarios-muebles 1-40,text,true,,538,336,200,200,https://compumuebles-sabana-api.cyk.com.co/api/auth/login,15182,0,204
1781509392176,15178,Ingreso Usuario,200,OK,Ingreso-usuarios-muebles 1-2,text,true,,538,336,200,200,https://compumuebles-sabana-api.cyk.com.co/api/auth/login,15178,0,204
1781509392208,15174,Ingreso Usuario,200,OK,Ingreso-usuarios-muebles 1-80,text,true,,538,336,200,200,https://compumuebles-sabana-api.cyk.com.co/api/auth/login,15174,0,183
1781509392214,15168,Ingreso Usuario,200,OK,Ingreso-usuarios-muebles 1-97,text,true,,538,336,200,200,https://compumuebles-sabana-api.cyk.com.co/api/auth/login,15168,0,186
1781509392215,15183,Ingreso Usuario,200,OK,Ingreso-usuarios-muebles 1-174,text,true,,538,336,200,200,https://compumuebles-sabana-api.cyk.com.co/api/auth/login,15183,0,176
1781509392342,15056,Ingreso Usuario,200,OK,Ingreso-usuarios-muebles 1-178,text,true,,538,336,200,200,https://compumuebles-sabana-api.cyk.com.co/api/auth/login,15056,0,162
1781509392255,15144,Ingreso Usuario,200,OK,Ingreso-usuarios-muebles 1-5,text,true,,538,336,200,200,https://compumuebles-sabana-api.cyk.com.co/api/auth/login,15144,0,160
1781509398130,14677,Ingreso Usuario,200,OK,Ingreso-usuarios-muebles 1-142,text,true,,538,336,200,200,https://compumuebles-sabana-api.cyk.com.co/api/auth/login,14677,0,0
1781509398128,14682,Ingreso Usuario,200,OK,Ingreso-usuarios-muebles 1-14,text,true,,538,336,200,200,https://compumuebles-sabana-api.cyk.com.co/api/auth/login,14682,0,238
1781509398133,14681,Ingreso Usuario,200,OK,Ingreso-usuarios-muebles 1-169,text,true,,538,336,200,200,https://compumuebles-sabana-api.cyk.com.co/api/auth/login,14681,0,0
1781509398108,14707,Ingreso Usuario,200,OK,Ingreso-usuarios-muebles 1-194,text,true,,538,336,200,200,https://compumuebles-sabana-api.cyk.com.co/api/auth/login,14707,0,261
1781509398110,14708,Ingreso Usuario,200,OK,Ingreso-usuarios-muebles 1-25,text,true,,538,336,200,200,https://compumuebles-sabana-api.cyk.com.co/api/auth/login,14708,0,281
1781509398128,14691,Ingreso Usuario,200,OK,Ingreso-usuarios-muebles 1-181,text,true,,538,336,200,200,https://compumuebles-sabana-api.cyk.com.co/api/auth/login,14691,0,258
1781509398117,14704,Ingreso Usuario,200,OK,Ingreso-usuarios-muebles 1-130,text,true,,538,336,200,200,https://compumuebles-sabana-api.cyk.com.co/api/auth/login,14704,0,270
1781509398124,14698,Ingreso Usuario,200,OK,Ingreso-usuarios-muebles 1-75,text,true,,538,336,200,200,https://compumuebles-sabana-api.cyk.com.co/api/auth/login,14698,0,262
1781509398109,14717,Ingreso Usuario,200,OK,Ingreso-usuarios-muebles 1-154,text,true,,538,336,200,200,https://compumuebles-sabana-api.cyk.com.co/api/auth/login,14717,0,277
1781509398124,14704,Ingreso Usuario,200,OK,Ingreso-usuarios-muebles 1-164,text,true,,538,336,200,200,https://compumuebles-sabana-api.cyk.com.co/api/auth/login,14704,0,293
1781509398128,14704,Ingreso Usuario,200,OK,Ingreso-usuarios-muebles 1-107,text,true,,538,336,200,200,https://compumuebles-sabana-api.cyk.com.co/api/auth/login,14704,0,289
1781509398128,14704,Ingreso Usuario,200,OK,Ingreso-usuarios-muebles 1-110,text,true,,538,336,200,200,https://compumuebles-sabana-api.cyk.com.co/api/auth/login,14704,0,289
1781509398133,14700,Ingreso Usuario,200,OK,Ingreso-usuarios-muebles 1-129,text,true,,538,336,200,200,https://compumuebles-sabana-api.cyk.com.co/api/auth/login,14700,0,284
1781509400751,14574,Ingreso Usuario,200,OK,Ingreso-usuarios-muebles 1-3,text,true,,538,336,200,200,https://compumuebles-sabana-api.cyk.com.co/api/auth/login,14574,0,0
1781509400755,14573,Ingreso Usuario,200,OK,Ingreso-usuarios-muebles 1-137,text,true,,538,336,200,200,https://compumuebles-sabana-api.cyk.com.co/api/auth/login,14573,0,0
1781509400756,14572,Ingreso Usuario,200,OK,Ingreso-usuarios-muebles 1-170,text,true,,538,336,200,200,https://compumuebles-sabana-api.cyk.com.co/api/auth/login,14572,0,0
1781509400758,14575,Ingreso Usuario,200,OK,Ingreso-usuarios-muebles 1-196,text,true,,538,336,200,200,https://compumuebles-sabana-api.cyk.com.co/api/auth/login,14575,0,0
1781509400765,14570,Ingreso Usuario,200,OK,Ingreso-usuarios-muebles 1-78,text,true,,538,336,200,200,https://compumuebles-sabana-api.cyk.com.co/api/auth/login,14570,0,0
1781509400770,14568,Ingreso Usuario,200,OK,Ingreso-usuarios-muebles 1-49,text,true,,538,336,200,200,https://compumuebles-sabana-api.cyk.com.co/api/auth/login,14568,0,0
1781509400772,14568,Ingreso Usuario,200,OK,Ingreso-usuarios-muebles 1-101,text,true,,538,336,200,200,https://compumuebles-sabana-api.cyk.com.co/api/auth/login,14568,0,0
1781509400789,14553,Ingreso Usuario,200,OK,Ingreso-usuarios-muebles 1-36,text,true,,538,336,200,200,https://compumuebles-sabana-api.cyk.com.co/api/auth/login,14553,0,0
1781509400786,14557,Ingreso Usuario,200,OK,Ingreso-usuarios-muebles 1-102,text,true,,538,336,200,200,https://compumuebles-sabana-api.cyk.com.co/api/auth/login,14557,0,0
1781509400790,14556,Ingreso Usuario,200,OK,Ingreso-usuarios-muebles 1-39,text,true,,538,336,200,200,https://compumuebles-sabana-api.cyk.com.co/api/auth/login,14556,0,0
1781509400791,14556,Ingreso Usuario,200,OK,Ingreso-usuarios-muebles 1-35,text,true,,538,336,200,200,https://compumuebles-sabana-api.cyk.com.co/api/auth/login,14556,0,0
1781509400804,14545,Ingreso Usuario,200,OK,Ingreso-usuarios-muebles 1-118,text,true,,538,336,200,200,https://compumuebles-sabana-api.cyk.com.co/api/auth/login,14545,0,0
1781509400810,14542,Ingreso Usuario,200,OK,Ingreso-usuarios-muebles 1-85,text,true,,538,336,200,200,https://compumuebles-sabana-api.cyk.com.co/api/auth/login,14542,0,0
1781509400814,14541,Ingreso Usuario,200,OK,Ingreso-usuarios-muebles 1-191,text,true,,538,336,200,200,https://compumuebles-sabana-api.cyk.com.co/api/auth/login,14541,0,0
1781509400814,14546,Ingreso Usuario,200,OK,Ingreso-usuarios-muebles 1-77,text,true,,538,336,200,200,https://compumuebles-sabana-api.cyk.com.co/api/auth/login,14546,0,0
1781509400820,14540,Ingreso Usuario,200,OK,Ingreso-usuarios-muebles 1-54,text,true,,538,336,200,200,https://compumuebles-sabana-api.cyk.com.co/api/auth/login,14540,0,0
1781509400823,14540,Ingreso Usuario,200,OK,Ingreso-usuarios-muebles 1-83,text,true,,538,336,200,200,https://compumuebles-sabana-api.cyk.com.co/api/auth/login,14540,0,0
1781509400828,14535,Ingreso Usuario,200,OK,Ingreso-usuarios-muebles 1-47,text,true,,538,336,200,200,https://compumuebles-sabana-api.cyk.com.co/api/auth/login,14535,0,0
1781509400821,14542,Ingreso Usuario,200,OK,Ingreso-usuarios-muebles 1-119,text,true,,538,336,200,200,https://compumuebles-sabana-api.cyk.com.co/api/auth/login,14542,0,0
1781509400844,14521,Ingreso Usuario,200,OK,Ingreso-usuarios-muebles 1-105,text,true,,538,336,200,200,https://compumuebles-sabana-api.cyk.com.co/api/auth/login,14521,0,0
1781509400831,14534,Ingreso Usuario,200,OK,Ingreso-usuarios-muebles 1-94,text,true,,538,336,200,200,https://compumuebles-sabana-api.cyk.com.co/api/auth/login,14534,0,0
1781509400844,14522,Ingreso Usuario,200,OK,Ingreso-usuarios-muebles 1-192,text,true,,538,336,200,200,https://compumuebles-sabana-api.cyk.com.co/api/auth/login,14522,0,0
1781509400865,14502,Ingreso Usuario,200,OK,Ingreso-usuarios-muebles 1-131,text,true,,538,336,200,200,https://compumuebles-sabana-api.cyk.com.co/api/auth/login,14502,0,0
1781509400867,14506,Ingreso Usuario,200,OK,Ingreso-usuarios-muebles 1-173,text,true,,538,336,200,200,https://compumuebles-sabana-api.cyk.com.co/api/auth/login,14506,0,0
1781509400870,14506,Ingreso Usuario,200,OK,Ingreso-usuarios-muebles 1-185,text,true,,538,336,200,200,https://compumuebles-sabana-api.cyk.com.co/api/auth/login,14506,0,0
1781509400871,14507,Ingreso Usuario,200,OK,Ingreso-usuarios-muebles 1-67,text,true,,538,336,200,200,https://compumuebles-sabana-api.cyk.com.co/api/auth/login,14507,0,0
1781509400886,14493,Ingreso Usuario,200,OK,Ingreso-usuarios-muebles 1-200,text,true,,538,336,200,200,https://compumuebles-sabana-api.cyk.com.co/api/auth/login,14493,0,0
1781509400889,14491,Ingreso Usuario,200,OK,Ingreso-usuarios-muebles 1-61,text,true,,538,336,200,200,https://compumuebles-sabana-api.cyk.com.co/api/auth/login,14491,0,0
1781509400890,14493,Ingreso Usuario,200,OK,Ingreso-usuarios-muebles 1-13,text,true,,538,336,200,200,https://compumuebles-sabana-api.cyk.com.co/api/auth/login,14493,0,0
1781509400892,14495,Ingreso Usuario,200,OK,Ingreso-usuarios-muebles 1-93,text,true,,538,336,200,200,https://compumuebles-sabana-api.cyk.com.co/api/auth/login,14495,0,0
1781509400920,14473,Ingreso Usuario,200,OK,Ingreso-usuarios-muebles 1-120,text,true,,538,336,200,200,https://compumuebles-sabana-api.cyk.com.co/api/auth/login,14473,0,0
1781509400774,14621,Ingreso Usuario,200,OK,Ingreso-usuarios-muebles 1-10,text,true,,538,336,200,200,https://compumuebles-sabana-api.cyk.com.co/api/auth/login,14621,0,166
1781509400923,14473,Ingreso Usuario,200,OK,Ingreso-usuarios-muebles 1-86,text,true,,538,336,200,200,https://compumuebles-sabana-api.cyk.com.co/api/auth/login,14473,0,0
1781509400797,14601,Ingreso Usuario,200,OK,Ingreso-usuarios-muebles 1-84,text,true,,538,336,200,200,https://compumuebles-sabana-api.cyk.com.co/api/auth/login,14601,0,167
1781509400771,14628,Ingreso Usuario,200,OK,Ingreso-usuarios-muebles 1-76,text,true,,538,336,200,200,https://compumuebles-sabana-api.cyk.com.co/api/auth/login,14628,0,167
1781509400988,14411,Ingreso Usuario,200,OK,Ingreso-usuarios-muebles 1-112,text,true,,538,336,200,200,https://compumuebles-sabana-api.cyk.com.co/api/auth/login,14411,0,0
1781509400988,14413,Ingreso Usuario,200,OK,Ingreso-usuarios-muebles 1-52,text,true,,538,336,200,200,https://compumuebles-sabana-api.cyk.com.co/api/auth/login,14413,0,0
1781509400909,14494,Ingreso Usuario,200,OK,Ingreso-usuarios-muebles 1-90,text,true,,538,336,200,200,https://compumuebles-sabana-api.cyk.com.co/api/auth/login,14494,0,163
1781509400758,14650,Ingreso Usuario,200,OK,Ingreso-usuarios-muebles 1-152,text,true,,538,336,200,200,https://compumuebles-sabana-api.cyk.com.co/api/auth/login,14650,0,0
1781509400758,14659,Ingreso Usuario,200,OK,Ingreso-usuarios-muebles 1-160,text,true,,538,336,200,200,https://compumuebles-sabana-api.cyk.com.co/api/auth/login,14659,0,0
1781509400769,14648,Ingreso Usuario,200,OK,Ingreso-usuarios-muebles 1-50,text,true,,538,336,200,200,https://compumuebles-sabana-api.cyk.com.co/api/auth/login,14648,0,0
1781509400762,14658,Ingreso Usuario,200,OK,Ingreso-usuarios-muebles 1-179,text,true,,538,336,200,200,https://compumuebles-sabana-api.cyk.com.co/api/auth/login,14658,0,0
1781509400777,14645,Ingreso Usuario,200,OK,Ingreso-usuarios-muebles 1-58,text,true,,538,336,200,200,https://compumuebles-sabana-api.cyk.com.co/api/auth/login,14645,0,0
1781509400782,14641,Ingreso Usuario,200,OK,Ingreso-usuarios-muebles 1-167,text,true,,538,336,200,200,https://compumuebles-sabana-api.cyk.com.co/api/auth/login,14641,0,0
1781509400779,14646,Ingreso Usuario,200,OK,Ingreso-usuarios-muebles 1-153,text,true,,538,336,200,200,https://compumuebles-sabana-api.cyk.com.co/api/auth/login,14646,0,0
1781509400784,14644,Ingreso Usuario,200,OK,Ingreso-usuarios-muebles 1-117,text,true,,538,336,200,200,https://compumuebles-sabana-api.cyk.com.co/api/auth/login,14644,0,0
1781509400793,14638,Ingreso Usuario,200,OK,Ingreso-usuarios-muebles 1-72,text,true,,538,336,200,200,https://compumuebles-sabana-api.cyk.com.co/api/auth/login,14638,0,0
1781509400825,14620,Ingreso Usuario,200,OK,Ingreso-usuarios-muebles 1-180,text,true,,538,336,200,200,https://compumuebles-sabana-api.cyk.com.co/api/auth/login,14620,0,0
1781509400824,14621,Ingreso Usuario,200,OK,Ingreso-usuarios-muebles 1-79,text,true,,538,336,200,200,https://compumuebles-sabana-api.cyk.com.co/api/auth/login,14621,0,0
1781509400817,14628,Ingreso Usuario,200,OK,Ingreso-usuarios-muebles 1-23,text,true,,538,336,200,200,https://compumuebles-sabana-api.cyk.com.co/api/auth/login,14628,0,0
1781509400807,14638,Ingreso Usuario,200,OK,Ingreso-usuarios-muebles 1-127,text,true,,538,336,200,200,https://compumuebles-sabana-api.cyk.com.co/api/auth/login,14638,0,0
1781509400812,14634,Ingreso Usuario,200,OK,Ingreso-usuarios-muebles 1-175,text,true,,538,336,200,200,https://compumuebles-sabana-api.cyk.com.co/api/auth/login,14633,0,0
1781509400806,14640,Ingreso Usuario,200,OK,Ingreso-usuarios-muebles 1-199,text,true,,538,336,200,200,https://compumuebles-sabana-api.cyk.com.co/api/auth/login,14640,0,0
1781509400803,14643,Ingreso Usuario,200,OK,Ingreso-usuarios-muebles 1-183,text,true,,538,336,200,200,https://compumuebles-sabana-api.cyk.com.co/api/auth/login,14643,0,0
1781509400828,14623,Ingreso Usuario,200,OK,Ingreso-usuarios-muebles 1-29,text,true,,538,336,200,200,https://compumuebles-sabana-api.cyk.com.co/api/auth/login,14623,0,0
1781509400837,14616,Ingreso Usuario,200,OK,Ingreso-usuarios-muebles 1-92,text,true,,538,336,200,200,https://compumuebles-sabana-api.cyk.com.co/api/auth/login,14616,0,0
1781509400837,14616,Ingreso Usuario,200,OK,Ingreso-usuarios-muebles 1-124,text,true,,538,336,200,200,https://compumuebles-sabana-api.cyk.com.co/api/auth/login,14616,0,0
1781509400847,14609,Ingreso Usuario,200,OK,Ingreso-usuarios-muebles 1-190,text,true,,538,336,200,200,https://compumuebles-sabana-api.cyk.com.co/api/auth/login,14609,0,0
1781509400863,14596,Ingreso Usuario,200,OK,Ingreso-usuarios-muebles 1-186,text,true,,538,336,200,200,https://compumuebles-sabana-api.cyk.com.co/api/auth/login,14596,0,0
1781509400867,14595,Ingreso Usuario,200,OK,Ingreso-usuarios-muebles 1-33,text,true,,538,336,200,200,https://compumuebles-sabana-api.cyk.com.co/api/auth/login,14595,0,0
1781509400867,14595,Ingreso Usuario,200,OK,Ingreso-usuarios-muebles 1-136,text,true,,538,336,200,200,https://compumuebles-sabana-api.cyk.com.co/api/auth/login,14595,0,0
1781509400871,14592,Ingreso Usuario,200,OK,Ingreso-usuarios-muebles 1-150,text,true,,538,336,200,200,https://compumuebles-sabana-api.cyk.com.co/api/auth/login,14592,0,0
1781509400886,14583,Ingreso Usuario,200,OK,Ingreso-usuarios-muebles 1-165,text,true,,538,336,200,200,https://compumuebles-sabana-api.cyk.com.co/api/auth/login,14583,0,0
1781509400886,14583,Ingreso Usuario,200,OK,Ingreso-usuarios-muebles 1-64,text,true,,538,336,200,200,https://compumuebles-sabana-api.cyk.com.co/api/auth/login,14583,0,0
1781509400889,14581,Ingreso Usuario,200,OK,Ingreso-usuarios-muebles 1-161,text,true,,538,336,200,200,https://compumuebles-sabana-api.cyk.com.co/api/auth/login,14581,0,0
1781509400891,14580,Ingreso Usuario,200,OK,Ingreso-usuarios-muebles 1-95,text,true,,538,336,200,200,https://compumuebles-sabana-api.cyk.com.co/api/auth/login,14580,0,0
1781509400895,14579,Ingreso Usuario,200,OK,Ingreso-usuarios-muebles 1-103,text,true,,538,336,200,200,https://compumuebles-sabana-api.cyk.com.co/api/auth/login,14579,0,0
1781509400917,14558,Ingreso Usuario,200,OK,Ingreso-usuarios-muebles 1-98,text,true,,538,336,200,200,https://compumuebles-sabana-api.cyk.com.co/api/auth/login,14558,0,0
1781509400767,14709,Ingreso Usuario,200,OK,Ingreso-usuarios-muebles 1-12,text,true,,538,336,200,200,https://compumuebles-sabana-api.cyk.com.co/api/auth/login,14709,0,171
1781509400923,14557,Ingreso Usuario,200,OK,Ingreso-usuarios-muebles 1-44,text,true,,538,336,200,200,https://compumuebles-sabana-api.cyk.com.co/api/auth/login,14557,0,0
1781509400788,14705,Ingreso Usuario,200,OK,Ingreso-usuarios-muebles 1-17,text,true,,538,336,200,200,https://compumuebles-sabana-api.cyk.com.co/api/auth/login,14705,0,169
1781509400802,14692,Ingreso Usuario,200,OK,Ingreso-usuarios-muebles 1-8,text,true,,538,336,200,200,https://compumuebles-sabana-api.cyk.com.co/api/auth/login,14692,0,162
1781509400989,14514,Ingreso Usuario,200,OK,Ingreso-usuarios-muebles 1-18,text,true,,538,336,200,200,https://compumuebles-sabana-api.cyk.com.co/api/auth/login,14514,0,162
1781509400840,14663,Ingreso Usuario,200,OK,Ingreso-usuarios-muebles 1-145,text,true,,538,336,200,200,https://compumuebles-sabana-api.cyk.com.co/api/auth/login,14663,0,161
1781509400989,14514,Ingreso Usuario,200,OK,Ingreso-usuarios-muebles 1-132,text,true,,538,336,200,200,https://compumuebles-sabana-api.cyk.com.co/api/auth/login,14514,0,0
1781509400988,14516,Ingreso Usuario,200,OK,Ingreso-usuarios-muebles 1-11,text,true,,538,336,200,200,https://compumuebles-sabana-api.cyk.com.co/api/auth/login,14516,0,0
1781509400988,14518,Ingreso Usuario,200,OK,Ingreso-usuarios-muebles 1-62,text,true,,538,336,200,200,https://compumuebles-sabana-api.cyk.com.co/api/auth/login,14518,0,0
1781509400989,14538,Ingreso Usuario,200,OK,Ingreso-usuarios-muebles 1-157,text,true,,538,336,200,200,https://compumuebles-sabana-api.cyk.com.co/api/auth/login,14538,0,0
1781509400868,14663,Ingreso Usuario,200,OK,Ingreso-usuarios-muebles 1-197,text,true,,538,336,200,200,https://compumuebles-sabana-api.cyk.com.co/api/auth/login,14663,0,160
1781509406080,14783,Ingreso Usuario,200,OK,Ingreso-usuarios-muebles 1-7,text,true,,538,336,200,200,https://compumuebles-sabana-api.cyk.com.co/api/auth/login,14783,0,0
1781509406080,14787,Ingreso Usuario,200,OK,Ingreso-usuarios-muebles 1-193,text,true,,538,336,200,200,https://compumuebles-sabana-api.cyk.com.co/api/auth/login,14787,0,0
1781509406080,14787,Ingreso Usuario,200,OK,Ingreso-usuarios-muebles 1-20,text,true,,538,336,200,200,https://compumuebles-sabana-api.cyk.com.co/api/auth/login,14787,0,0
1781509405984,14884,Ingreso Usuario,200,OK,Ingreso-usuarios-muebles 1-138,text,true,,538,336,200,200,https://compumuebles-sabana-api.cyk.com.co/api/auth/login,14884,0,173
1781509406000,14870,Ingreso Usuario,200,OK,Ingreso-usuarios-muebles 1-89,text,true,,538,336,200,200,https://compumuebles-sabana-api.cyk.com.co/api/auth/login,14870,0,226
1781509405988,14882,Ingreso Usuario,200,OK,Ingreso-usuarios-muebles 1-126,text,true,,538,336,200,200,https://compumuebles-sabana-api.cyk.com.co/api/auth/login,14882,0,223
1781509406001,14871,Ingreso Usuario,200,OK,Ingreso-usuarios-muebles 1-149,text,true,,538,336,200,200,https://compumuebles-sabana-api.cyk.com.co/api/auth/login,14871,0,225
1781509405996,14878,Ingreso Usuario,200,OK,Ingreso-usuarios-muebles 1-182,text,true,,538,336,200,200,https://compumuebles-sabana-api.cyk.com.co/api/auth/login,14878,0,217
1781509405999,14876,Ingreso Usuario,200,OK,Ingreso-usuarios-muebles 1-121,text,true,,538,336,200,200,https://compumuebles-sabana-api.cyk.com.co/api/auth/login,14876,0,218
1781509406000,14876,Ingreso Usuario,200,OK,Ingreso-usuarios-muebles 1-125,text,true,,538,336,200,200,https://compumuebles-sabana-api.cyk.com.co/api/auth/login,14876,0,226
1781509406001,14883,Ingreso Usuario,200,OK,Ingreso-usuarios-muebles 1-188,text,true,,538,336,200,200,https://compumuebles-sabana-api.cyk.com.co/api/auth/login,14883,0,226
1781509405996,14889,Ingreso Usuario,200,OK,Ingreso-usuarios-muebles 1-65,text,true,,538,336,200,200,https://compumuebles-sabana-api.cyk.com.co/api/auth/login,14889,0,222
1781509406008,14877,Ingreso Usuario,200,OK,Ingreso-usuarios-muebles 1-55,text,true,,538,336,200,200,https://compumuebles-sabana-api.cyk.com.co/api/auth/login,14877,0,222
1781509406011,14875,Ingreso Usuario,200,OK,Ingreso-usuarios-muebles 1-41,text,true,,538,336,200,200,https://compumuebles-sabana-api.cyk.com.co/api/auth/login,14875,0,219
1781509406001,14885,Ingreso Usuario,200,OK,Ingreso-usuarios-muebles 1-60,text,true,,538,336,200,200,https://compumuebles-sabana-api.cyk.com.co/api/auth/login,14885,0,227
1781509406080,14808,Ingreso Usuario,200,OK,Ingreso-usuarios-muebles 1-166,text,true,,538,336,200,200,https://compumuebles-sabana-api.cyk.com.co/api/auth/login,14808,0,189
1781509406080,14809,Ingreso Usuario,200,OK,Ingreso-usuarios-muebles 1-4,text,true,,538,336,200,200,https://compumuebles-sabana-api.cyk.com.co/api/auth/login,14809,0,193
1781509406080,14814,Ingreso Usuario,200,OK,Ingreso-usuarios-muebles 1-71,text,true,,538,336,200,200,https://compumuebles-sabana-api.cyk.com.co/api/auth/login,14814,0,188
1781509406080,14814,Ingreso Usuario,200,OK,Ingreso-usuarios-muebles 1-168,text,true,,538,336,200,200,https://compumuebles-sabana-api.cyk.com.co/api/auth/login,14814,0,193
1781509406080,14815,Ingreso Usuario,200,OK,Ingreso-usuarios-muebles 1-144,text,true,,538,336,200,200,https://compumuebles-sabana-api.cyk.com.co/api/auth/login,14815,0,192
1781509406080,14816,Ingreso Usuario,200,OK,Ingreso-usuarios-muebles 1-69,text,true,,538,336,200,200,https://compumuebles-sabana-api.cyk.com.co/api/auth/login,14816,0,185
1781509406080,14819,Ingreso Usuario,200,OK,Ingreso-usuarios-muebles 1-46,text,true,,538,336,200,200,https://compumuebles-sabana-api.cyk.com.co/api/auth/login,14819,0,195
1781509406081,14822,Ingreso Usuario,200,OK,Ingreso-usuarios-muebles 1-106,text,true,,538,336,200,200,https://compumuebles-sabana-api.cyk.com.co/api/auth/login,14822,0,196
1781509406080,14825,Ingreso Usuario,200,OK,Ingreso-usuarios-muebles 1-26,text,true,,538,336,200,200,https://compumuebles-sabana-api.cyk.com.co/api/auth/login,14825,0,192
1781509406080,14825,Ingreso Usuario,200,OK,Ingreso-usuarios-muebles 1-56,text,true,,538,336,200,200,https://compumuebles-sabana-api.cyk.com.co/api/auth/login,14825,0,197
1781509406081,14824,Ingreso Usuario,200,OK,Ingreso-usuarios-muebles 1-162,text,true,,538,336,200,200,https://compumuebles-sabana-api.cyk.com.co/api/auth/login,14824,0,196
1781509406080,14830,Ingreso Usuario,200,OK,Ingreso-usuarios-muebles 1-104,text,true,,538,336,200,200,https://compumuebles-sabana-api.cyk.com.co/api/auth/login,14830,0,199
1781509406080,14835,Ingreso Usuario,200,OK,Ingreso-usuarios-muebles 1-113,text,true,,538,336,200,200,https://compumuebles-sabana-api.cyk.com.co/api/auth/login,14835,0,197
1781509406080,14835,Ingreso Usuario,200,OK,Ingreso-usuarios-muebles 1-187,text,true,,538,336,200,200,https://compumuebles-sabana-api.cyk.com.co/api/auth/login,14835,0,200
1781509406081,14837,Ingreso Usuario,200,OK,Ingreso-usuarios-muebles 1-156,text,true,,538,336,200,200,https://compumuebles-sabana-api.cyk.com.co/api/auth/login,14837,0,210
1781509406081,14840,Ingreso Usuario,200,OK,Ingreso-usuarios-muebles 1-22,text,true,,538,336,200,200,https://compumuebles-sabana-api.cyk.com.co/api/auth/login,14840,0,218
1781509406080,14841,Ingreso Usuario,200,OK,Ingreso-usuarios-muebles 1-135,text,true,,538,336,200,200,https://compumuebles-sabana-api.cyk.com.co/api/auth/login,14841,0,224
1781509406081,14840,Ingreso Usuario,200,OK,Ingreso-usuarios-muebles 1-42,text,true,,538,336,200,200,https://compumuebles-sabana-api.cyk.com.co/api/auth/login,14840,0,242
1781509406081,14841,Ingreso Usuario,200,OK,Ingreso-usuarios-muebles 1-140,text,true,,538,336,200,200,https://compumuebles-sabana-api.cyk.com.co/api/auth/login,14841,0,295
1781509406081,14849,Ingreso Usuario,200,OK,Ingreso-usuarios-muebles 1-70,text,true,,538,336,200,200,https://compumuebles-sabana-api.cyk.com.co/api/auth/login,14849,0,295
1781509406081,14857,Ingreso Usuario,200,OK,Ingreso-usuarios-muebles 1-184,text,true,,538,336,200,200,https://compumuebles-sabana-api.cyk.com.co/api/auth/login,14857,0,295
1781509407231,14462,Ingreso Usuario,200,OK,Ingreso-usuarios-muebles 1-91,text,true,,538,336,200,200,https://compumuebles-sabana-api.cyk.com.co/api/auth/login,14462,0,0
1781509407319,14374,Ingreso Usuario,200,OK,Ingreso-usuarios-muebles 1-96,text,true,,538,336,200,200,https://compumuebles-sabana-api.cyk.com.co/api/auth/login,14374,0,0
1781509407296,14401,Ingreso Usuario,200,OK,Ingreso-usuarios-muebles 1-31,text,true,,538,336,200,200,https://compumuebles-sabana-api.cyk.com.co/api/auth/login,14401,0,0
1781509407307,14390,Ingreso Usuario,200,OK,Ingreso-usuarios-muebles 1-159,text,true,,538,336,200,200,https://compumuebles-sabana-api.cyk.com.co/api/auth/login,14390,0,0
1781509407238,14459,Ingreso Usuario,200,OK,Ingreso-usuarios-muebles 1-28,text,true,,538,336,200,200,https://compumuebles-sabana-api.cyk.com.co/api/auth/login,14459,0,0
1781509407306,14391,Ingreso Usuario,200,OK,Ingreso-usuarios-muebles 1-43,text,true,,538,336,200,200,https://compumuebles-sabana-api.cyk.com.co/api/auth/login,14391,0,0
1781509407307,14391,Ingreso Usuario,200,OK,Ingreso-usuarios-muebles 1-38,text,true,,538,336,200,200,https://compumuebles-sabana-api.cyk.com.co/api/auth/login,14391,0,0
1781509407295,14403,Ingreso Usuario,200,OK,Ingreso-usuarios-muebles 1-51,text,true,,538,336,200,200,https://compumuebles-sabana-api.cyk.com.co/api/auth/login,14403,0,0
1781509407285,14413,Ingreso Usuario,200,OK,Ingreso-usuarios-muebles 1-45,text,true,,538,336,200,200,https://compumuebles-sabana-api.cyk.com.co/api/auth/login,14413,0,0
1781509407346,14352,Ingreso Usuario,200,OK,Ingreso-usuarios-muebles 1-21,text,true,,538,336,200,200,https://compumuebles-sabana-api.cyk.com.co/api/auth/login,14352,0,0
1781509407342,14356,Ingreso Usuario,200,OK,Ingreso-usuarios-muebles 1-134,text,true,,538,336,200,200,https://compumuebles-sabana-api.cyk.com.co/api/auth/login,14356,0,0
1781509407347,14354,Ingreso Usuario,200,OK,Ingreso-usuarios-muebles 1-40,text,true,,538,336,200,200,https://compumuebles-sabana-api.cyk.com.co/api/auth/login,14354,0,0
1781509407354,14349,Ingreso Usuario,200,OK,Ingreso-usuarios-muebles 1-2,text,true,,538,336,200,200,https://compumuebles-sabana-api.cyk.com.co/api/auth/login,14349,0,0
1781509407398,14308,Ingreso Usuario,200,OK,Ingreso-usuarios-muebles 1-178,text,true,,538,336,200,200,https://compumuebles-sabana-api.cyk.com.co/api/auth/login,14308,0,0
1781509407399,14310,Ingreso Usuario,200,OK,Ingreso-usuarios-muebles 1-5,text,true,,538,336,200,200,https://compumuebles-sabana-api.cyk.com.co/api/auth/login,14310,0,0
1781509407382,14328,Ingreso Usuario,200,OK,Ingreso-usuarios-muebles 1-97,text,true,,538,336,200,200,https://compumuebles-sabana-api.cyk.com.co/api/auth/login,14328,0,0
1781509407215,14498,Ingreso Usuario,200,OK,Ingreso-usuarios-muebles 1-163,text,true,,538,336,200,200,https://compumuebles-sabana-api.cyk.com.co/api/auth/login,14498,0,191
1781509407398,14316,Ingreso Usuario,200,OK,Ingreso-usuarios-muebles 1-174,text,true,,538,336,200,200,https://compumuebles-sabana-api.cyk.com.co/api/auth/login,14316,0,0
1781509407382,14335,Ingreso Usuario,200,OK,Ingreso-usuarios-muebles 1-80,text,true,,538,336,200,200,https://compumuebles-sabana-api.cyk.com.co/api/auth/login,14334,0,0
1781509407224,14496,Ingreso Usuario,200,OK,Ingreso-usuarios-muebles 1-100,text,true,,538,336,200,200,https://compumuebles-sabana-api.cyk.com.co/api/auth/login,14496,0,197
1781509407212,14508,Ingreso Usuario,200,OK,Ingreso-usuarios-muebles 1-59,text,true,,538,336,200,200,https://compumuebles-sabana-api.cyk.com.co/api/auth/login,14508,0,205
1781509407214,14508,Ingreso Usuario,200,OK,Ingreso-usuarios-muebles 1-88,text,true,,538,336,200,200,https://compumuebles-sabana-api.cyk.com.co/api/auth/login,14508,0,206
1781509407211,14512,Ingreso Usuario,200,OK,Ingreso-usuarios-muebles 1-9,text,true,,538,336,200,200,https://compumuebles-sabana-api.cyk.com.co/api/auth/login,14512,0,212
1781509407219,14504,Ingreso Usuario,200,OK,Ingreso-usuarios-muebles 1-48,text,true,,538,336,200,200,https://compumuebles-sabana-api.cyk.com.co/api/auth/login,14504,0,210
1781509407217,14508,Ingreso Usuario,200,OK,Ingreso-usuarios-muebles 1-27,text,true,,538,336,200,200,https://compumuebles-sabana-api.cyk.com.co/api/auth/login,14508,0,212
1781509407222,14504,Ingreso Usuario,200,OK,Ingreso-usuarios-muebles 1-68,text,true,,538,336,200,200,https://compumuebles-sabana-api.cyk.com.co/api/auth/login,14504,0,206
1781509407216,14514,Ingreso Usuario,200,OK,Ingreso-usuarios-muebles 1-189,text,true,,538,336,200,200,https://compumuebles-sabana-api.cyk.com.co/api/auth/login,14514,0,225
1781509407239,14492,Ingreso Usuario,200,OK,Ingreso-usuarios-muebles 1-172,text,true,,538,336,200,200,https://compumuebles-sabana-api.cyk.com.co/api/auth/login,14492,0,206
1781509407224,14510,Ingreso Usuario,200,OK,Ingreso-usuarios-muebles 1-147,text,true,,538,336,200,200,https://compumuebles-sabana-api.cyk.com.co/api/auth/login,14510,0,221
1781509407252,14483,Ingreso Usuario,200,OK,Ingreso-usuarios-muebles 1-146,text,true,,538,336,200,200,https://compumuebles-sabana-api.cyk.com.co/api/auth/login,14483,0,199
1781509407250,14489,Ingreso Usuario,200,OK,Ingreso-usuarios-muebles 1-122,text,true,,538,336,200,200,https://compumuebles-sabana-api.cyk.com.co/api/auth/login,14489,0,200
1781509407243,14496,Ingreso Usuario,200,OK,Ingreso-usuarios-muebles 1-148,text,true,,538,336,200,200,https://compumuebles-sabana-api.cyk.com.co/api/auth/login,14496,0,209
1781509407250,14491,Ingreso Usuario,200,OK,Ingreso-usuarios-muebles 1-111,text,true,,538,336,200,200,https://compumuebles-sabana-api.cyk.com.co/api/auth/login,14490,0,203
1781509407246,14496,Ingreso Usuario,200,OK,Ingreso-usuarios-muebles 1-32,text,true,,538,336,200,200,https://compumuebles-sabana-api.cyk.com.co/api/auth/login,14496,0,207
1781509407241,14506,Ingreso Usuario,200,OK,Ingreso-usuarios-muebles 1-176,text,true,,538,336,200,200,https://compumuebles-sabana-api.cyk.com.co/api/auth/login,14506,0,212
1781509407245,14502,Ingreso Usuario,200,OK,Ingreso-usuarios-muebles 1-53,text,true,,538,336,200,200,https://compumuebles-sabana-api.cyk.com.co/api/auth/login,14502,0,206
1781509407257,14497,Ingreso Usuario,200,OK,Ingreso-usuarios-muebles 1-143,text,true,,538,336,200,200,https://compumuebles-sabana-api.cyk.com.co/api/auth/login,14497,0,220
1781509407264,14490,Ingreso Usuario,200,OK,Ingreso-usuarios-muebles 1-141,text,true,,538,336,200,200,https://compumuebles-sabana-api.cyk.com.co/api/auth/login,14490,0,207
1781509407267,14487,Ingreso Usuario,200,OK,Ingreso-usuarios-muebles 1-74,text,true,,538,336,200,200,https://compumuebles-sabana-api.cyk.com.co/api/auth/login,14487,0,207
1781509407257,14497,Ingreso Usuario,200,OK,Ingreso-usuarios-muebles 1-63,text,true,,538,336,200,200,https://compumuebles-sabana-api.cyk.com.co/api/auth/login,14497,0,213
1781509407257,14497,Ingreso Usuario,200,OK,Ingreso-usuarios-muebles 1-114,text,true,,538,336,200,200,https://compumuebles-sabana-api.cyk.com.co/api/auth/login,14497,0,199
1781509407257,14497,Ingreso Usuario,200,OK,Ingreso-usuarios-muebles 1-128,text,true,,538,336,200,200,https://compumuebles-sabana-api.cyk.com.co/api/auth/login,14497,0,213
1781509407267,14491,Ingreso Usuario,200,OK,Ingreso-usuarios-muebles 1-6,text,true,,538,336,200,200,https://compumuebles-sabana-api.cyk.com.co/api/auth/login,14491,0,218
1781509407265,14494,Ingreso Usuario,200,OK,Ingreso-usuarios-muebles 1-99,text,true,,538,336,200,200,https://compumuebles-sabana-api.cyk.com.co/api/auth/login,14494,0,207
1781509407280,14479,Ingreso Usuario,200,OK,Ingreso-usuarios-muebles 1-115,text,true,,538,336,200,200,https://compumuebles-sabana-api.cyk.com.co/api/auth/login,14479,0,204
1781509407274,14486,Ingreso Usuario,200,OK,Ingreso-usuarios-muebles 1-82,text,true,,538,336,200,200,https://compumuebles-sabana-api.cyk.com.co/api/auth/login,14486,0,211
1781509407254,14511,Ingreso Usuario,200,OK,Ingreso-usuarios-muebles 1-139,text,true,,538,336,200,200,https://compumuebles-sabana-api.cyk.com.co/api/auth/login,14511,0,0
1781509407285,14480,Ingreso Usuario,200,OK,Ingreso-usuarios-muebles 1-151,text,true,,538,336,200,200,https://compumuebles-sabana-api.cyk.com.co/api/auth/login,14480,0,210
1781509407238,14527,Ingreso Usuario,200,OK,Ingreso-usuarios-muebles 1-57,text,true,,538,336,200,200,https://compumuebles-sabana-api.cyk.com.co/api/auth/login,14527,0,0
1781509407254,14513,Ingreso Usuario,200,OK,Ingreso-usuarios-muebles 1-116,text,true,,538,336,200,200,https://compumuebles-sabana-api.cyk.com.co/api/auth/login,14513,0,0
1781509407290,14479,Ingreso Usuario,200,OK,Ingreso-usuarios-muebles 1-177,text,true,,538,336,200,200,https://compumuebles-sabana-api.cyk.com.co/api/auth/login,14479,0,0
1781509407302,14468,Ingreso Usuario,200,OK,Ingreso-usuarios-muebles 1-109,text,true,,538,336,200,200,https://compumuebles-sabana-api.cyk.com.co/api/auth/login,14468,0,0
1781509407308,14467,Ingreso Usuario,200,OK,Ingreso-usuarios-muebles 1-195,text,true,,538,336,200,200,https://compumuebles-sabana-api.cyk.com.co/api/auth/login,14467,0,0
1781509407301,14478,Ingreso Usuario,200,OK,Ingreso-usuarios-muebles 1-198,text,true,,538,336,200,200,https://compumuebles-sabana-api.cyk.com.co/api/auth/login,14478,0,0
1781509407319,14462,Ingreso Usuario,200,OK,Ingreso-usuarios-muebles 1-1,text,true,,538,336,200,200,https://compumuebles-sabana-api.cyk.com.co/api/auth/login,14462,0,0
1781509407339,14443,Ingreso Usuario,200,OK,Ingreso-usuarios-muebles 1-81,text,true,,538,336,200,200,https://compumuebles-sabana-api.cyk.com.co/api/auth/login,14443,0,0
1781509407271,14533,Ingreso Usuario,200,OK,Ingreso-usuarios-muebles 1-158,text,true,,538,336,200,200,https://compumuebles-sabana-api.cyk.com.co/api/auth/login,14533,0,207
1781509407285,14519,Ingreso Usuario,200,OK,Ingreso-usuarios-muebles 1-108,text,true,,538,336,200,200,https://compumuebles-sabana-api.cyk.com.co/api/auth/login,14519,0,211
1781509407253,14551,Ingreso Usuario,200,OK,Ingreso-usuarios-muebles 1-19,text,true,,538,336,200,200,https://compumuebles-sabana-api.cyk.com.co/api/auth/login,14551,0,0
1781509407275,14529,Ingreso Usuario,200,OK,Ingreso-usuarios-muebles 1-133,text,true,,538,336,200,200,https://compumuebles-sabana-api.cyk.com.co/api/auth/login,14529,0,210
1781509407317,14502,Ingreso Usuario,200,OK,Ingreso-usuarios-muebles 1-30,text,true,,538,336,200,200,https://compumuebles-sabana-api.cyk.com.co/api/auth/login,14502,0,0
1781509407286,14533,Ingreso Usuario,200,OK,Ingreso-usuarios-muebles 1-37,text,true,,538,336,200,200,https://compumuebles-sabana-api.cyk.com.co/api/auth/login,14533,0,0
1781509407257,14562,Ingreso Usuario,200,OK,Ingreso-usuarios-muebles 1-16,text,true,,538,336,200,200,https://compumuebles-sabana-api.cyk.com.co/api/auth/login,14562,0,0
1781509407290,14529,Ingreso Usuario,200,OK,Ingreso-usuarios-muebles 1-15,text,true,,538,336,200,200,https://compumuebles-sabana-api.cyk.com.co/api/auth/login,14529,0,0
1781509407320,14499,Ingreso Usuario,200,OK,Ingreso-usuarios-muebles 1-73,text,true,,538,336,200,200,https://compumuebles-sabana-api.cyk.com.co/api/auth/login,14499,0,0
1781509407308,14511,Ingreso Usuario,200,OK,Ingreso-usuarios-muebles 1-34,text,true,,538,336,200,200,https://compumuebles-sabana-api.cyk.com.co/api/auth/login,14511,0,0
1781509407283,14552,Ingreso Usuario,200,OK,Ingreso-usuarios-muebles 1-66,text,true,,538,336,200,200,https://compumuebles-sabana-api.cyk.com.co/api/auth/login,14552,0,204
1781509407339,14496,Ingreso Usuario,200,OK,Ingreso-usuarios-muebles 1-171,text,true,,538,336,200,200,https://compumuebles-sabana-api.cyk.com.co/api/auth/login,14496,0,0
1781509407271,14564,Ingreso Usuario,200,OK,Ingreso-usuarios-muebles 1-24,text,true,,538,336,200,200,https://compumuebles-sabana-api.cyk.com.co/api/auth/login,14564,0,214
1781509407283,14552,Ingreso Usuario,200,OK,Ingreso-usuarios-muebles 1-87,text,true,,538,336,200,200,https://compumuebles-sabana-api.cyk.com.co/api/auth/login,14552,0,211
1781509407282,20227,Ingreso Usuario,200,OK,Ingreso-usuarios-muebles 1-123,text,true,,538,336,200,200,https://compumuebles-sabana-api.cyk.com.co/api/auth/login,20227,0,208
1781509412818,14696,Ingreso Usuario,200,OK,Ingreso-usuarios-muebles 1-25,text,true,,538,336,200,200,https://compumuebles-sabana-api.cyk.com.co/api/auth/login,14696,0,0
1781509412810,14705,Ingreso Usuario,200,OK,Ingreso-usuarios-muebles 1-14,text,true,,538,336,200,200,https://compumuebles-sabana-api.cyk.com.co/api/auth/login,14705,0,0
1781509412819,14698,Ingreso Usuario,200,OK,Ingreso-usuarios-muebles 1-181,text,true,,538,336,200,200,https://compumuebles-sabana-api.cyk.com.co/api/auth/login,14698,0,0
1781509412815,14707,Ingreso Usuario,200,OK,Ingreso-usuarios-muebles 1-194,text,true,,538,336,200,200,https://compumuebles-sabana-api.cyk.com.co/api/auth/login,14707,0,0
1781509412821,14704,Ingreso Usuario,200,OK,Ingreso-usuarios-muebles 1-130,text,true,,538,336,200,200,https://compumuebles-sabana-api.cyk.com.co/api/auth/login,14704,0,0
1781509412822,14705,Ingreso Usuario,200,OK,Ingreso-usuarios-muebles 1-75,text,true,,538,336,200,200,https://compumuebles-sabana-api.cyk.com.co/api/auth/login,14705,0,0
1781509412826,14705,Ingreso Usuario,200,OK,Ingreso-usuarios-muebles 1-154,text,true,,538,336,200,200,https://compumuebles-sabana-api.cyk.com.co/api/auth/login,14705,0,0
1781509412832,14700,Ingreso Usuario,200,OK,Ingreso-usuarios-muebles 1-110,text,true,,538,336,200,200,https://compumuebles-sabana-api.cyk.com.co/api/auth/login,14700,0,0
1781509412833,14699,Ingreso Usuario,200,OK,Ingreso-usuarios-muebles 1-129,text,true,,538,336,200,200,https://compumuebles-sabana-api.cyk.com.co/api/auth/login,14699,0,0
1781509412832,14703,Ingreso Usuario,200,OK,Ingreso-usuarios-muebles 1-107,text,true,,538,336,200,200,https://compumuebles-sabana-api.cyk.com.co/api/auth/login,14703,0,0
1781509412828,14711,Ingreso Usuario,200,OK,Ingreso-usuarios-muebles 1-164,text,true,,538,336,200,200,https://compumuebles-sabana-api.cyk.com.co/api/auth/login,14711,0,0
1781509412807,14736,Ingreso Usuario,200,OK,Ingreso-usuarios-muebles 1-142,text,true,,538,336,200,200,https://compumuebles-sabana-api.cyk.com.co/api/auth/login,14736,0,170
1781509412814,17305,Ingreso Usuario,200,OK,Ingreso-usuarios-muebles 1-169,text,true,,538,336,200,200,https://compumuebles-sabana-api.cyk.com.co/api/auth/login,17305,0,169
1781509415480,14643,Ingreso Usuario,200,OK,Ingreso-usuarios-muebles 1-44,text,true,,538,336,200,200,https://compumuebles-sabana-api.cyk.com.co/api/auth/login,14643,0,217
1781509415475,14651,Ingreso Usuario,200,OK,Ingreso-usuarios-muebles 1-98,text,true,,538,336,200,200,https://compumuebles-sabana-api.cyk.com.co/api/auth/login,14651,0,223
1781509415527,14601,Ingreso Usuario,200,OK,Ingreso-usuarios-muebles 1-157,text,true,,538,336,200,200,https://compumuebles-sabana-api.cyk.com.co/api/auth/login,14601,0,184
1781509415398,14731,Ingreso Usuario,200,OK,Ingreso-usuarios-muebles 1-84,text,true,,538,336,200,200,https://compumuebles-sabana-api.cyk.com.co/api/auth/login,14731,0,0
1781509415395,14735,Ingreso Usuario,200,OK,Ingreso-usuarios-muebles 1-10,text,true,,538,336,200,200,https://compumuebles-sabana-api.cyk.com.co/api/auth/login,14735,0,0
1781509415403,14728,Ingreso Usuario,200,OK,Ingreso-usuarios-muebles 1-90,text,true,,538,336,200,200,https://compumuebles-sabana-api.cyk.com.co/api/auth/login,14728,0,0
1781509415494,14640,Ingreso Usuario,200,OK,Ingreso-usuarios-muebles 1-8,text,true,,538,336,200,200,https://compumuebles-sabana-api.cyk.com.co/api/auth/login,14640,0,0
1781509415328,14811,Ingreso Usuario,200,OK,Ingreso-usuarios-muebles 1-137,text,true,,538,336,200,200,https://compumuebles-sabana-api.cyk.com.co/api/auth/login,14811,0,167
1781509415326,14826,Ingreso Usuario,200,OK,Ingreso-usuarios-muebles 1-3,text,true,,538,336,200,200,https://compumuebles-sabana-api.cyk.com.co/api/auth/login,14826,0,169
1781509415341,14818,Ingreso Usuario,200,OK,Ingreso-usuarios-muebles 1-101,text,true,,538,336,200,200,https://compumuebles-sabana-api.cyk.com.co/api/auth/login,14818,0,187
1781509415333,14827,Ingreso Usuario,200,OK,Ingreso-usuarios-muebles 1-196,text,true,,538,336,200,200,https://compumuebles-sabana-api.cyk.com.co/api/auth/login,14827,0,170
1781509415503,14657,Ingreso Usuario,200,OK,Ingreso-usuarios-muebles 1-145,text,true,,538,336,200,200,https://compumuebles-sabana-api.cyk.com.co/api/auth/login,14657,0,0
1781509415360,14812,Ingreso Usuario,200,OK,Ingreso-usuarios-muebles 1-54,text,true,,538,336,200,200,https://compumuebles-sabana-api.cyk.com.co/api/auth/login,14812,0,204
1781509415368,14804,Ingreso Usuario,200,OK,Ingreso-usuarios-muebles 1-131,text,true,,538,336,200,200,https://compumuebles-sabana-api.cyk.com.co/api/auth/login,14804,0,202
1781509415347,14828,Ingreso Usuario,200,OK,Ingreso-usuarios-muebles 1-35,text,true,,538,336,200,200,https://compumuebles-sabana-api.cyk.com.co/api/auth/login,14828,0,196
1781509415342,14833,Ingreso Usuario,200,OK,Ingreso-usuarios-muebles 1-36,text,true,,538,336,200,200,https://compumuebles-sabana-api.cyk.com.co/api/auth/login,14833,0,196
1781509415349,14826,Ingreso Usuario,200,OK,Ingreso-usuarios-muebles 1-118,text,true,,538,336,200,200,https://compumuebles-sabana-api.cyk.com.co/api/auth/login,14826,0,204
1781509415355,14820,Ingreso Usuario,200,OK,Ingreso-usuarios-muebles 1-191,text,true,,538,336,200,200,https://compumuebles-sabana-api.cyk.com.co/api/auth/login,14820,0,205
1781509415360,14816,Ingreso Usuario,200,OK,Ingreso-usuarios-muebles 1-77,text,true,,538,336,200,200,https://compumuebles-sabana-api.cyk.com.co/api/auth/login,14816,0,203
1781509415363,14815,Ingreso Usuario,200,OK,Ingreso-usuarios-muebles 1-47,text,true,,538,336,200,200,https://compumuebles-sabana-api.cyk.com.co/api/auth/login,14815,0,223
1781509415376,14802,Ingreso Usuario,200,OK,Ingreso-usuarios-muebles 1-185,text,true,,538,336,200,200,https://compumuebles-sabana-api.cyk.com.co/api/auth/login,14802,0,213
1781509415378,14802,Ingreso Usuario,200,OK,Ingreso-usuarios-muebles 1-67,text,true,,538,336,200,200,https://compumuebles-sabana-api.cyk.com.co/api/auth/login,14802,0,211
1781509415380,14806,Ingreso Usuario,200,OK,Ingreso-usuarios-muebles 1-61,text,true,,538,336,200,200,https://compumuebles-sabana-api.cyk.com.co/api/auth/login,14806,0,214
1781509415393,14795,Ingreso Usuario,200,OK,Ingreso-usuarios-muebles 1-120,text,true,,538,336,200,200,https://compumuebles-sabana-api.cyk.com.co/api/auth/login,14795,0,202
1781509415401,14788,Ingreso Usuario,200,OK,Ingreso-usuarios-muebles 1-52,text,true,,538,336,200,200,https://compumuebles-sabana-api.cyk.com.co/api/auth/login,14788,0,205
1781509415422,14771,Ingreso Usuario,200,OK,Ingreso-usuarios-muebles 1-58,text,true,,538,336,200,200,https://compumuebles-sabana-api.cyk.com.co/api/auth/login,14771,0,192
1781509415417,14778,Ingreso Usuario,200,OK,Ingreso-usuarios-muebles 1-160,text,true,,538,336,200,200,https://compumuebles-sabana-api.cyk.com.co/api/auth/login,14778,0,198
1781509415425,14773,Ingreso Usuario,200,OK,Ingreso-usuarios-muebles 1-153,text,true,,538,336,200,200,https://compumuebles-sabana-api.cyk.com.co/api/auth/login,14773,0,194
1781509415420,14785,Ingreso Usuario,200,OK,Ingreso-usuarios-muebles 1-179,text,true,,538,336,200,200,https://compumuebles-sabana-api.cyk.com.co/api/auth/login,14785,0,212
1781509415446,14760,Ingreso Usuario,200,OK,Ingreso-usuarios-muebles 1-199,text,true,,538,336,200,200,https://compumuebles-sabana-api.cyk.com.co/api/auth/login,14760,0,189
1781509415445,14763,Ingreso Usuario,200,OK,Ingreso-usuarios-muebles 1-127,text,true,,538,336,200,200,https://compumuebles-sabana-api.cyk.com.co/api/auth/login,14763,0,192
1781509415445,14779,Ingreso Usuario,200,OK,Ingreso-usuarios-muebles 1-180,text,true,,538,336,200,200,https://compumuebles-sabana-api.cyk.com.co/api/auth/login,14779,0,209
1781509415446,14778,Ingreso Usuario,200,OK,Ingreso-usuarios-muebles 1-183,text,true,,538,336,200,200,https://compumuebles-sabana-api.cyk.com.co/api/auth/login,14778,0,209
1781509415445,14779,Ingreso Usuario,200,OK,Ingreso-usuarios-muebles 1-23,text,true,,538,336,200,200,https://compumuebles-sabana-api.cyk.com.co/api/auth/login,14779,0,204
1781509415456,14768,Ingreso Usuario,200,OK,Ingreso-usuarios-muebles 1-190,text,true,,538,336,200,200,https://compumuebles-sabana-api.cyk.com.co/api/auth/login,14768,0,208
1781509415446,14782,Ingreso Usuario,200,OK,Ingreso-usuarios-muebles 1-175,text,true,,538,336,200,200,https://compumuebles-sabana-api.cyk.com.co/api/auth/login,14782,0,209
1781509415453,14776,Ingreso Usuario,200,OK,Ingreso-usuarios-muebles 1-124,text,true,,538,336,200,200,https://compumuebles-sabana-api.cyk.com.co/api/auth/login,14776,0,206
1781509415462,14771,Ingreso Usuario,200,OK,Ingreso-usuarios-muebles 1-136,text,true,,538,336,200,200,https://compumuebles-sabana-api.cyk.com.co/api/auth/login,14771,0,212
1781509415474,14766,Ingreso Usuario,200,OK,Ingreso-usuarios-muebles 1-103,text,true,,538,336,200,200,https://compumuebles-sabana-api.cyk.com.co/api/auth/login,14766,0,223
1781509415472,14769,Ingreso Usuario,200,OK,Ingreso-usuarios-muebles 1-95,text,true,,538,336,200,200,https://compumuebles-sabana-api.cyk.com.co/api/auth/login,14769,0,226
1781509415506,14736,Ingreso Usuario,200,OK,Ingreso-usuarios-muebles 1-62,text,true,,538,336,200,200,https://compumuebles-sabana-api.cyk.com.co/api/auth/login,14736,0,206
1781509415399,14848,Ingreso Usuario,200,OK,Ingreso-usuarios-muebles 1-76,text,true,,538,336,200,200,https://compumuebles-sabana-api.cyk.com.co/api/auth/login,14848,0,0
1781509415476,14781,Ingreso Usuario,200,OK,Ingreso-usuarios-muebles 1-12,text,true,,538,336,200,200,https://compumuebles-sabana-api.cyk.com.co/api/auth/login,14781,0,0
1781509415493,14774,Ingreso Usuario,200,OK,Ingreso-usuarios-muebles 1-17,text,true,,538,336,200,200,https://compumuebles-sabana-api.cyk.com.co/api/auth/login,14774,0,0
1781509415328,14943,Ingreso Usuario,200,OK,Ingreso-usuarios-muebles 1-170,text,true,,538,336,200,200,https://compumuebles-sabana-api.cyk.com.co/api/auth/login,14943,0,172
1781509415335,14937,Ingreso Usuario,200,OK,Ingreso-usuarios-muebles 1-78,text,true,,538,336,200,200,https://compumuebles-sabana-api.cyk.com.co/api/auth/login,14937,0,160
1781509415503,14769,Ingreso Usuario,200,OK,Ingreso-usuarios-muebles 1-18,text,true,,538,336,200,200,https://compumuebles-sabana-api.cyk.com.co/api/auth/login,14769,0,0
1781509415352,14932,Ingreso Usuario,200,OK,Ingreso-usuarios-muebles 1-85,text,true,,538,336,200,200,https://compumuebles-sabana-api.cyk.com.co/api/auth/login,14932,0,204
1781509415338,14947,Ingreso Usuario,200,OK,Ingreso-usuarios-muebles 1-49,text,true,,538,336,200,200,https://compumuebles-sabana-api.cyk.com.co/api/auth/login,14947,0,192
1781509415346,14939,Ingreso Usuario,200,OK,Ingreso-usuarios-muebles 1-39,text,true,,538,336,200,200,https://compumuebles-sabana-api.cyk.com.co/api/auth/login,14939,0,201
1781509415531,14754,Ingreso Usuario,200,OK,Ingreso-usuarios-muebles 1-197,text,true,,538,336,200,200,https://compumuebles-sabana-api.cyk.com.co/api/auth/login,14754,0,0
1781509415363,14922,Ingreso Usuario,200,OK,Ingreso-usuarios-muebles 1-119,text,true,,538,336,200,200,https://compumuebles-sabana-api.cyk.com.co/api/auth/login,14922,0,200
1781509415343,14942,Ingreso Usuario,200,OK,Ingreso-usuarios-muebles 1-102,text,true,,538,336,200,200,https://compumuebles-sabana-api.cyk.com.co/api/auth/login,14942,0,201
1781509415365,14925,Ingreso Usuario,200,OK,Ingreso-usuarios-muebles 1-105,text,true,,538,336,200,200,https://compumuebles-sabana-api.cyk.com.co/api/auth/login,14925,0,199
1781509415366,14926,Ingreso Usuario,200,OK,Ingreso-usuarios-muebles 1-192,text,true,,538,336,200,200,https://compumuebles-sabana-api.cyk.com.co/api/auth/login,14926,0,202
1781509415374,14921,Ingreso Usuario,200,OK,Ingreso-usuarios-muebles 1-173,text,true,,538,336,200,200,https://compumuebles-sabana-api.cyk.com.co/api/auth/login,14921,0,215
1781509415365,14931,Ingreso Usuario,200,OK,Ingreso-usuarios-muebles 1-94,text,true,,538,336,200,200,https://compumuebles-sabana-api.cyk.com.co/api/auth/login,14931,0,220
1781509415363,14933,Ingreso Usuario,200,OK,Ingreso-usuarios-muebles 1-83,text,true,,538,336,200,200,https://compumuebles-sabana-api.cyk.com.co/api/auth/login,14933,0,202
1781509415387,14911,Ingreso Usuario,200,OK,Ingreso-usuarios-muebles 1-93,text,true,,538,336,200,200,https://compumuebles-sabana-api.cyk.com.co/api/auth/login,14911,0,205
1781509415379,14919,Ingreso Usuario,200,OK,Ingreso-usuarios-muebles 1-200,text,true,,538,336,200,200,https://compumuebles-sabana-api.cyk.com.co/api/auth/login,14919,0,212
1781509415383,14916,Ingreso Usuario,200,OK,Ingreso-usuarios-muebles 1-13,text,true,,538,336,200,200,https://compumuebles-sabana-api.cyk.com.co/api/auth/login,14916,0,211
1781509415408,14897,Ingreso Usuario,200,OK,Ingreso-usuarios-muebles 1-152,text,true,,538,336,200,200,https://compumuebles-sabana-api.cyk.com.co/api/auth/login,14897,0,202
1781509415399,14906,Ingreso Usuario,200,OK,Ingreso-usuarios-muebles 1-112,text,true,,538,336,200,200,https://compumuebles-sabana-api.cyk.com.co/api/auth/login,14906,0,216
1781509415396,14909,Ingreso Usuario,200,OK,Ingreso-usuarios-muebles 1-86,text,true,,538,336,200,200,https://compumuebles-sabana-api.cyk.com.co/api/auth/login,14909,0,213
1781509415417,14895,Ingreso Usuario,200,OK,Ingreso-usuarios-muebles 1-50,text,true,,538,336,200,200,https://compumuebles-sabana-api.cyk.com.co/api/auth/login,14895,0,207
1781509415429,14890,Ingreso Usuario,200,OK,Ingreso-usuarios-muebles 1-117,text,true,,538,336,200,200,https://compumuebles-sabana-api.cyk.com.co/api/auth/login,14890,0,202
1781509415423,14896,Ingreso Usuario,200,OK,Ingreso-usuarios-muebles 1-167,text,true,,538,336,200,200,https://compumuebles-sabana-api.cyk.com.co/api/auth/login,14896,0,209
1781509415431,14891,Ingreso Usuario,200,OK,Ingreso-usuarios-muebles 1-72,text,true,,538,336,200,200,https://compumuebles-sabana-api.cyk.com.co/api/auth/login,14891,0,205
1781509415445,14881,Ingreso Usuario,200,OK,Ingreso-usuarios-muebles 1-79,text,true,,538,336,200,200,https://compumuebles-sabana-api.cyk.com.co/api/auth/login,14881,0,204
1781509415451,14890,Ingreso Usuario,200,OK,Ingreso-usuarios-muebles 1-29,text,true,,538,336,200,200,https://compumuebles-sabana-api.cyk.com.co/api/auth/login,14890,0,204
1781509415453,14888,Ingreso Usuario,200,OK,Ingreso-usuarios-muebles 1-92,text,true,,538,336,200,200,https://compumuebles-sabana-api.cyk.com.co/api/auth/login,14888,0,202
1781509415462,14880,Ingreso Usuario,200,OK,Ingreso-usuarios-muebles 1-33,text,true,,538,336,200,200,https://compumuebles-sabana-api.cyk.com.co/api/auth/login,14880,0,202
1781509415464,14879,Ingreso Usuario,200,OK,Ingreso-usuarios-muebles 1-150,text,true,,538,336,200,200,https://compumuebles-sabana-api.cyk.com.co/api/auth/login,14879,0,200
1781509415459,14890,Ingreso Usuario,200,OK,Ingreso-usuarios-muebles 1-186,text,true,,538,336,200,200,https://compumuebles-sabana-api.cyk.com.co/api/auth/login,14890,0,203
1781509415470,14879,Ingreso Usuario,200,OK,Ingreso-usuarios-muebles 1-161,text,true,,538,336,200,200,https://compumuebles-sabana-api.cyk.com.co/api/auth/login,14879,0,205
1781509415469,14882,Ingreso Usuario,200,OK,Ingreso-usuarios-muebles 1-165,text,true,,538,336,200,200,https://compumuebles-sabana-api.cyk.com.co/api/auth/login,14882,0,229
1781509415469,14889,Ingreso Usuario,200,OK,Ingreso-usuarios-muebles 1-64,text,true,,538,336,200,200,https://compumuebles-sabana-api.cyk.com.co/api/auth/login,14889,0,229
1781509415504,14854,Ingreso Usuario,200,OK,Ingreso-usuarios-muebles 1-11,text,true,,538,336,200,200,https://compumuebles-sabana-api.cyk.com.co/api/auth/login,14854,0,207
1781509420869,14397,Ingreso Usuario,200,OK,Ingreso-usuarios-muebles 1-138,text,true,,538,336,200,200,https://compumuebles-sabana-api.cyk.com.co/api/auth/login,14397,0,0
1781509420873,14396,Ingreso Usuario,200,OK,Ingreso-usuarios-muebles 1-149,text,true,,538,336,200,200,https://compumuebles-sabana-api.cyk.com.co/api/auth/login,14396,0,0
1781509420868,14404,Ingreso Usuario,200,OK,Ingreso-usuarios-muebles 1-20,text,true,,538,336,200,200,https://compumuebles-sabana-api.cyk.com.co/api/auth/login,14404,0,0
1781509415503,19768,Ingreso Usuario,200,OK,Ingreso-usuarios-muebles 1-132,text,true,,538,336,200,200,https://compumuebles-sabana-api.cyk.com.co/api/auth/login,19768,0,208
1781509420868,14407,Ingreso Usuario,200,OK,Ingreso-usuarios-muebles 1-193,text,true,,538,336,200,200,https://compumuebles-sabana-api.cyk.com.co/api/auth/login,14407,0,0
1781509420864,14413,Ingreso Usuario,200,OK,Ingreso-usuarios-muebles 1-7,text,true,,538,336,200,200,https://compumuebles-sabana-api.cyk.com.co/api/auth/login,14413,0,0
1781509420877,14403,Ingreso Usuario,200,OK,Ingreso-usuarios-muebles 1-125,text,true,,538,336,200,200,https://compumuebles-sabana-api.cyk.com.co/api/auth/login,14403,0,0
1781509420871,14414,Ingreso Usuario,200,OK,Ingreso-usuarios-muebles 1-126,text,true,,538,336,200,200,https://compumuebles-sabana-api.cyk.com.co/api/auth/login,14414,0,0
1781509420871,14419,Ingreso Usuario,200,OK,Ingreso-usuarios-muebles 1-89,text,true,,538,336,200,200,https://compumuebles-sabana-api.cyk.com.co/api/auth/login,14419,0,0
1781509420885,14408,Ingreso Usuario,200,OK,Ingreso-usuarios-muebles 1-188,text,true,,538,336,200,200,https://compumuebles-sabana-api.cyk.com.co/api/auth/login,14408,0,0
1781509420876,14419,Ingreso Usuario,200,OK,Ingreso-usuarios-muebles 1-182,text,true,,538,336,200,200,https://compumuebles-sabana-api.cyk.com.co/api/auth/login,14419,0,0
1781509420889,14411,Ingreso Usuario,200,OK,Ingreso-usuarios-muebles 1-166,text,true,,538,336,200,200,https://compumuebles-sabana-api.cyk.com.co/api/auth/login,14411,0,0
1781509420886,14418,Ingreso Usuario,200,OK,Ingreso-usuarios-muebles 1-65,text,true,,538,336,200,200,https://compumuebles-sabana-api.cyk.com.co/api/auth/login,14418,0,0
1781509420876,14431,Ingreso Usuario,200,OK,Ingreso-usuarios-muebles 1-121,text,true,,538,336,200,200,https://compumuebles-sabana-api.cyk.com.co/api/auth/login,14431,0,0
1781509420895,14416,Ingreso Usuario,200,OK,Ingreso-usuarios-muebles 1-71,text,true,,538,336,200,200,https://compumuebles-sabana-api.cyk.com.co/api/auth/login,14416,0,0
1781509420887,14427,Ingreso Usuario,200,OK,Ingreso-usuarios-muebles 1-55,text,true,,538,336,200,200,https://compumuebles-sabana-api.cyk.com.co/api/auth/login,14427,0,0
1781509420887,14431,Ingreso Usuario,200,OK,Ingreso-usuarios-muebles 1-41,text,true,,538,336,200,200,https://compumuebles-sabana-api.cyk.com.co/api/auth/login,14431,0,0
1781509420887,14434,Ingreso Usuario,200,OK,Ingreso-usuarios-muebles 1-60,text,true,,538,336,200,200,https://compumuebles-sabana-api.cyk.com.co/api/auth/login,14434,0,0
1781509420890,14433,Ingreso Usuario,200,OK,Ingreso-usuarios-muebles 1-4,text,true,,538,336,200,200,https://compumuebles-sabana-api.cyk.com.co/api/auth/login,14433,0,0
1781509420896,14429,Ingreso Usuario,200,OK,Ingreso-usuarios-muebles 1-144,text,true,,538,336,200,200,https://compumuebles-sabana-api.cyk.com.co/api/auth/login,14429,0,0
1781509420904,14423,Ingreso Usuario,200,OK,Ingreso-usuarios-muebles 1-106,text,true,,538,336,200,200,https://compumuebles-sabana-api.cyk.com.co/api/auth/login,14423,0,0
1781509420906,14421,Ingreso Usuario,200,OK,Ingreso-usuarios-muebles 1-56,text,true,,538,336,200,200,https://compumuebles-sabana-api.cyk.com.co/api/auth/login,14421,0,0
1781509420895,14436,Ingreso Usuario,200,OK,Ingreso-usuarios-muebles 1-168,text,true,,538,336,200,200,https://compumuebles-sabana-api.cyk.com.co/api/auth/login,14436,0,0
1781509420900,14432,Ingreso Usuario,200,OK,Ingreso-usuarios-muebles 1-46,text,true,,538,336,200,200,https://compumuebles-sabana-api.cyk.com.co/api/auth/login,14432,0,0
1781509420897,14440,Ingreso Usuario,200,OK,Ingreso-usuarios-muebles 1-69,text,true,,538,336,200,200,https://compumuebles-sabana-api.cyk.com.co/api/auth/login,14440,0,0
1781509420906,14433,Ingreso Usuario,200,OK,Ingreso-usuarios-muebles 1-162,text,true,,538,336,200,200,https://compumuebles-sabana-api.cyk.com.co/api/auth/login,14433,0,0
1781509420906,14440,Ingreso Usuario,200,OK,Ingreso-usuarios-muebles 1-26,text,true,,538,336,200,200,https://compumuebles-sabana-api.cyk.com.co/api/auth/login,14440,0,0
1781509420922,14426,Ingreso Usuario,200,OK,Ingreso-usuarios-muebles 1-22,text,true,,538,336,200,200,https://compumuebles-sabana-api.cyk.com.co/api/auth/login,14426,0,0
1781509420916,14434,Ingreso Usuario,200,OK,Ingreso-usuarios-muebles 1-187,text,true,,538,336,200,200,https://compumuebles-sabana-api.cyk.com.co/api/auth/login,14434,0,0
1781509420911,14440,Ingreso Usuario,200,OK,Ingreso-usuarios-muebles 1-104,text,true,,538,336,200,200,https://compumuebles-sabana-api.cyk.com.co/api/auth/login,14440,0,0
1781509420922,14449,Ingreso Usuario,200,OK,Ingreso-usuarios-muebles 1-135,text,true,,538,336,200,200,https://compumuebles-sabana-api.cyk.com.co/api/auth/login,14449,0,0
1781509420919,14457,Ingreso Usuario,200,OK,Ingreso-usuarios-muebles 1-156,text,true,,538,336,200,200,https://compumuebles-sabana-api.cyk.com.co/api/auth/login,14457,0,0
1781509420923,14459,Ingreso Usuario,200,OK,Ingreso-usuarios-muebles 1-140,text,true,,538,336,200,200,https://compumuebles-sabana-api.cyk.com.co/api/auth/login,14459,0,0
1781509420922,14460,Ingreso Usuario,200,OK,Ingreso-usuarios-muebles 1-42,text,true,,538,336,200,200,https://compumuebles-sabana-api.cyk.com.co/api/auth/login,14460,0,0
1781509420916,14469,Ingreso Usuario,200,OK,Ingreso-usuarios-muebles 1-113,text,true,,538,336,200,200,https://compumuebles-sabana-api.cyk.com.co/api/auth/login,14469,0,0
1781509420939,14451,Ingreso Usuario,200,OK,Ingreso-usuarios-muebles 1-184,text,true,,538,336,200,200,https://compumuebles-sabana-api.cyk.com.co/api/auth/login,14451,0,0
1781509420931,14470,Ingreso Usuario,200,OK,Ingreso-usuarios-muebles 1-70,text,true,,538,336,200,200,https://compumuebles-sabana-api.cyk.com.co/api/auth/login,14470,0,0
1781509406080,30335,Ingreso Usuario,200,OK,Ingreso-usuarios-muebles 1-155,text,true,,538,336,200,200,https://compumuebles-sabana-api.cyk.com.co/api/auth/login,30335,0,15215
1781509421700,14716,Ingreso Usuario,200,OK,Ingreso-usuarios-muebles 1-134,text,true,,538,336,200,200,https://compumuebles-sabana-api.cyk.com.co/api/auth/login,14716,0,0
1781509421699,14722,Ingreso Usuario,200,OK,Ingreso-usuarios-muebles 1-43,text,true,,538,336,200,200,https://compumuebles-sabana-api.cyk.com.co/api/auth/login,14722,0,0
1781509421700,14721,Ingreso Usuario,200,OK,Ingreso-usuarios-muebles 1-21,text,true,,538,336,200,200,https://compumuebles-sabana-api.cyk.com.co/api/auth/login,14721,0,0
1781509421721,14704,Ingreso Usuario,200,OK,Ingreso-usuarios-muebles 1-59,text,true,,538,336,200,200,https://compumuebles-sabana-api.cyk.com.co/api/auth/login,14704,0,0
1781509421698,14729,Ingreso Usuario,200,OK,Ingreso-usuarios-muebles 1-159,text,true,,538,336,200,200,https://compumuebles-sabana-api.cyk.com.co/api/auth/login,14729,0,0
1781509421708,14722,Ingreso Usuario,200,OK,Ingreso-usuarios-muebles 1-178,text,true,,538,336,200,200,https://compumuebles-sabana-api.cyk.com.co/api/auth/login,14722,0,0
1781509421727,14704,Ingreso Usuario,200,OK,Ingreso-usuarios-muebles 1-68,text,true,,538,336,200,200,https://compumuebles-sabana-api.cyk.com.co/api/auth/login,14704,0,0
1781509421726,14708,Ingreso Usuario,200,OK,Ingreso-usuarios-muebles 1-27,text,true,,538,336,200,200,https://compumuebles-sabana-api.cyk.com.co/api/auth/login,14708,0,0
1781509421852,14582,Ingreso Usuario,200,OK,Ingreso-usuarios-muebles 1-30,text,true,,538,336,200,200,https://compumuebles-sabana-api.cyk.com.co/api/auth/login,14582,0,0
1781509421702,14733,Ingreso Usuario,200,OK,Ingreso-usuarios-muebles 1-40,text,true,,538,336,200,200,https://compumuebles-sabana-api.cyk.com.co/api/auth/login,14733,0,0
1781509421694,14741,Ingreso Usuario,200,OK,Ingreso-usuarios-muebles 1-96,text,true,,538,336,200,200,https://compumuebles-sabana-api.cyk.com.co/api/auth/login,14741,0,0
1781509421698,14737,Ingreso Usuario,200,OK,Ingreso-usuarios-muebles 1-31,text,true,,538,336,200,200,https://compumuebles-sabana-api.cyk.com.co/api/auth/login,14737,0,0
1781509421852,14583,Ingreso Usuario,200,OK,Ingreso-usuarios-muebles 1-19,text,true,,538,336,200,200,https://compumuebles-sabana-api.cyk.com.co/api/auth/login,14583,0,0
1781509421699,14737,Ingreso Usuario,200,OK,Ingreso-usuarios-muebles 1-51,text,true,,538,336,200,200,https://compumuebles-sabana-api.cyk.com.co/api/auth/login,14736,0,0
1781509421852,14584,Ingreso Usuario,200,OK,Ingreso-usuarios-muebles 1-37,text,true,,538,336,200,200,https://compumuebles-sabana-api.cyk.com.co/api/auth/login,14584,0,0
1781509421698,14739,Ingreso Usuario,200,OK,Ingreso-usuarios-muebles 1-28,text,true,,538,336,200,200,https://compumuebles-sabana-api.cyk.com.co/api/auth/login,14739,0,0
1781509421715,14723,Ingreso Usuario,200,OK,Ingreso-usuarios-muebles 1-174,text,true,,538,336,200,200,https://compumuebles-sabana-api.cyk.com.co/api/auth/login,14723,0,0
1781509421718,14723,Ingreso Usuario,200,OK,Ingreso-usuarios-muebles 1-80,text,true,,538,336,200,200,https://compumuebles-sabana-api.cyk.com.co/api/auth/login,14723,0,0
1781509421723,14718,Ingreso Usuario,200,OK,Ingreso-usuarios-muebles 1-88,text,true,,538,336,200,200,https://compumuebles-sabana-api.cyk.com.co/api/auth/login,14718,0,0
1781509421714,14727,Ingreso Usuario,200,OK,Ingreso-usuarios-muebles 1-163,text,true,,538,336,200,200,https://compumuebles-sabana-api.cyk.com.co/api/auth/login,14727,0,0
1781509421740,14702,Ingreso Usuario,200,OK,Ingreso-usuarios-muebles 1-122,text,true,,538,336,200,200,https://compumuebles-sabana-api.cyk.com.co/api/auth/login,14702,0,0
1781509421740,14708,Ingreso Usuario,200,OK,Ingreso-usuarios-muebles 1-148,text,true,,538,336,200,200,https://compumuebles-sabana-api.cyk.com.co/api/auth/login,14708,0,0
1781509421731,14719,Ingreso Usuario,200,OK,Ingreso-usuarios-muebles 1-189,text,true,,538,336,200,200,https://compumuebles-sabana-api.cyk.com.co/api/auth/login,14719,0,0
1781509421732,14718,Ingreso Usuario,200,OK,Ingreso-usuarios-muebles 1-172,text,true,,538,336,200,200,https://compumuebles-sabana-api.cyk.com.co/api/auth/login,14718,0,0
1781509421743,14708,Ingreso Usuario,200,OK,Ingreso-usuarios-muebles 1-32,text,true,,538,336,200,200,https://compumuebles-sabana-api.cyk.com.co/api/auth/login,14708,0,0
1781509421735,14718,Ingreso Usuario,200,OK,Ingreso-usuarios-muebles 1-147,text,true,,538,336,200,200,https://compumuebles-sabana-api.cyk.com.co/api/auth/login,14718,0,0
1781509421737,14717,Ingreso Usuario,200,OK,Ingreso-usuarios-muebles 1-146,text,true,,538,336,200,200,https://compumuebles-sabana-api.cyk.com.co/api/auth/login,14717,0,0
1781509421748,14707,Ingreso Usuario,200,OK,Ingreso-usuarios-muebles 1-176,text,true,,538,336,200,200,https://compumuebles-sabana-api.cyk.com.co/api/auth/login,14707,0,0
1781509421748,14709,Ingreso Usuario,200,OK,Ingreso-usuarios-muebles 1-53,text,true,,538,336,200,200,https://compumuebles-sabana-api.cyk.com.co/api/auth/login,14709,0,0
1781509421742,14717,Ingreso Usuario,200,OK,Ingreso-usuarios-muebles 1-111,text,true,,538,336,200,200,https://compumuebles-sabana-api.cyk.com.co/api/auth/login,14717,0,0
1781509421755,14711,Ingreso Usuario,200,OK,Ingreso-usuarios-muebles 1-63,text,true,,538,336,200,200,https://compumuebles-sabana-api.cyk.com.co/api/auth/login,14711,0,0
1781509421755,14714,Ingreso Usuario,200,OK,Ingreso-usuarios-muebles 1-128,text,true,,538,336,200,200,https://compumuebles-sabana-api.cyk.com.co/api/auth/login,14714,0,0
1781509421755,14714,Ingreso Usuario,200,OK,Ingreso-usuarios-muebles 1-74,text,true,,538,336,200,200,https://compumuebles-sabana-api.cyk.com.co/api/auth/login,14714,0,0
1781509421760,14713,Ingreso Usuario,200,OK,Ingreso-usuarios-muebles 1-115,text,true,,538,336,200,200,https://compumuebles-sabana-api.cyk.com.co/api/auth/login,14713,0,0
1781509421755,14718,Ingreso Usuario,200,OK,Ingreso-usuarios-muebles 1-143,text,true,,538,336,200,200,https://compumuebles-sabana-api.cyk.com.co/api/auth/login,14718,0,0
1781509421759,14721,Ingreso Usuario,200,OK,Ingreso-usuarios-muebles 1-6,text,true,,538,336,200,200,https://compumuebles-sabana-api.cyk.com.co/api/auth/login,14721,0,0
1781509421755,14726,Ingreso Usuario,200,OK,Ingreso-usuarios-muebles 1-114,text,true,,538,336,200,200,https://compumuebles-sabana-api.cyk.com.co/api/auth/login,14726,0,0
1781509421761,14722,Ingreso Usuario,200,OK,Ingreso-usuarios-muebles 1-82,text,true,,538,336,200,200,https://compumuebles-sabana-api.cyk.com.co/api/auth/login,14722,0,0
1781509421767,14716,Ingreso Usuario,200,OK,Ingreso-usuarios-muebles 1-139,text,true,,538,336,200,200,https://compumuebles-sabana-api.cyk.com.co/api/auth/login,14716,0,0
1781509421760,14725,Ingreso Usuario,200,OK,Ingreso-usuarios-muebles 1-99,text,true,,538,336,200,200,https://compumuebles-sabana-api.cyk.com.co/api/auth/login,14725,0,0
1781509421755,14730,Ingreso Usuario,200,OK,Ingreso-usuarios-muebles 1-141,text,true,,538,336,200,200,https://compumuebles-sabana-api.cyk.com.co/api/auth/login,14730,0,0
1781509421767,14719,Ingreso Usuario,200,OK,Ingreso-usuarios-muebles 1-57,text,true,,538,336,200,200,https://compumuebles-sabana-api.cyk.com.co/api/auth/login,14719,0,0
1781509421770,14718,Ingreso Usuario,200,OK,Ingreso-usuarios-muebles 1-177,text,true,,538,336,200,200,https://compumuebles-sabana-api.cyk.com.co/api/auth/login,14718,0,0
1781509421771,14717,Ingreso Usuario,200,OK,Ingreso-usuarios-muebles 1-109,text,true,,538,336,200,200,https://compumuebles-sabana-api.cyk.com.co/api/auth/login,14717,0,0
1781509421768,14726,Ingreso Usuario,200,OK,Ingreso-usuarios-muebles 1-116,text,true,,538,336,200,200,https://compumuebles-sabana-api.cyk.com.co/api/auth/login,14726,0,0
1781509421767,14727,Ingreso Usuario,200,OK,Ingreso-usuarios-muebles 1-151,text,true,,538,336,200,200,https://compumuebles-sabana-api.cyk.com.co/api/auth/login,14727,0,0
1781509421776,14720,Ingreso Usuario,200,OK,Ingreso-usuarios-muebles 1-195,text,true,,538,336,200,200,https://compumuebles-sabana-api.cyk.com.co/api/auth/login,14720,0,0
1781509421780,14716,Ingreso Usuario,200,OK,Ingreso-usuarios-muebles 1-198,text,true,,538,336,200,200,https://compumuebles-sabana-api.cyk.com.co/api/auth/login,14716,0,0
1781509421782,14716,Ingreso Usuario,200,OK,Ingreso-usuarios-muebles 1-1,text,true,,538,336,200,200,https://compumuebles-sabana-api.cyk.com.co/api/auth/login,14716,0,0
1781509421851,14662,Ingreso Usuario,200,OK,Ingreso-usuarios-muebles 1-66,text,true,,538,336,200,200,https://compumuebles-sabana-api.cyk.com.co/api/auth/login,14662,0,0
1781509421783,14730,Ingreso Usuario,200,OK,Ingreso-usuarios-muebles 1-81,text,true,,538,336,200,200,https://compumuebles-sabana-api.cyk.com.co/api/auth/login,14730,0,0
1781509421851,14664,Ingreso Usuario,200,OK,Ingreso-usuarios-muebles 1-171,text,true,,538,336,200,200,https://compumuebles-sabana-api.cyk.com.co/api/auth/login,14664,0,0
1781509421852,14692,Ingreso Usuario,200,OK,Ingreso-usuarios-muebles 1-15,text,true,,538,336,200,200,https://compumuebles-sabana-api.cyk.com.co/api/auth/login,14692,0,0
1781509421852,14694,Ingreso Usuario,200,OK,Ingreso-usuarios-muebles 1-73,text,true,,538,336,200,200,https://compumuebles-sabana-api.cyk.com.co/api/auth/login,14694,0,0
1781509421852,14729,Ingreso Usuario,200,OK,Ingreso-usuarios-muebles 1-87,text,true,,538,336,200,200,https://compumuebles-sabana-api.cyk.com.co/api/auth/login,14729,0,0
1781509421852,14729,Ingreso Usuario,200,OK,Ingreso-usuarios-muebles 1-158,text,true,,538,336,200,200,https://compumuebles-sabana-api.cyk.com.co/api/auth/login,14729,0,0
1781509421694,14902,Ingreso Usuario,200,OK,Ingreso-usuarios-muebles 1-91,text,true,,538,336,200,200,https://compumuebles-sabana-api.cyk.com.co/api/auth/login,14902,0,0
1781509421852,14744,Ingreso Usuario,200,OK,Ingreso-usuarios-muebles 1-108,text,true,,538,336,200,200,https://compumuebles-sabana-api.cyk.com.co/api/auth/login,14744,0,0
1781509421851,14745,Ingreso Usuario,200,OK,Ingreso-usuarios-muebles 1-24,text,true,,538,336,200,200,https://compumuebles-sabana-api.cyk.com.co/api/auth/login,14745,0,0
1781509421704,14907,Ingreso Usuario,200,OK,Ingreso-usuarios-muebles 1-2,text,true,,538,336,200,200,https://compumuebles-sabana-api.cyk.com.co/api/auth/login,14907,0,0
1781509421699,14930,Ingreso Usuario,200,OK,Ingreso-usuarios-muebles 1-45,text,true,,538,336,200,200,https://compumuebles-sabana-api.cyk.com.co/api/auth/login,14930,0,0
1781509421699,14934,Ingreso Usuario,200,OK,Ingreso-usuarios-muebles 1-38,text,true,,538,336,200,200,https://compumuebles-sabana-api.cyk.com.co/api/auth/login,14934,0,0
1781509421710,14927,Ingreso Usuario,200,OK,Ingreso-usuarios-muebles 1-5,text,true,,538,336,200,200,https://compumuebles-sabana-api.cyk.com.co/api/auth/login,14927,0,0
1781509421724,14920,Ingreso Usuario,200,OK,Ingreso-usuarios-muebles 1-48,text,true,,538,336,200,200,https://compumuebles-sabana-api.cyk.com.co/api/auth/login,14920,0,0
1781509421721,14924,Ingreso Usuario,200,OK,Ingreso-usuarios-muebles 1-100,text,true,,538,336,200,200,https://compumuebles-sabana-api.cyk.com.co/api/auth/login,14924,0,0
1781509421852,14793,Ingreso Usuario,200,OK,Ingreso-usuarios-muebles 1-16,text,true,,538,336,200,200,https://compumuebles-sabana-api.cyk.com.co/api/auth/login,14793,0,0
1781509421851,14795,Ingreso Usuario,200,OK,Ingreso-usuarios-muebles 1-34,text,true,,538,336,200,200,https://compumuebles-sabana-api.cyk.com.co/api/auth/login,14795,0,0
1781509421711,14935,Ingreso Usuario,200,OK,Ingreso-usuarios-muebles 1-97,text,true,,538,336,200,200,https://compumuebles-sabana-api.cyk.com.co/api/auth/login,14935,0,0
1781509421724,14922,Ingreso Usuario,200,OK,Ingreso-usuarios-muebles 1-9,text,true,,538,336,200,200,https://compumuebles-sabana-api.cyk.com.co/api/auth/login,14922,0,0
1781509421852,14795,Ingreso Usuario,200,OK,Ingreso-usuarios-muebles 1-133,text,true,,538,336,200,200,https://compumuebles-sabana-api.cyk.com.co/api/auth/login,14795,0,0
1781509427522,14753,Ingreso Usuario,200,OK,Ingreso-usuarios-muebles 1-194,text,true,,538,336,200,200,https://compumuebles-sabana-api.cyk.com.co/api/auth/login,14753,0,0
1781509427514,14764,Ingreso Usuario,200,OK,Ingreso-usuarios-muebles 1-25,text,true,,538,336,200,200,https://compumuebles-sabana-api.cyk.com.co/api/auth/login,14764,0,0
1781509427509,14771,Ingreso Usuario,200,OK,Ingreso-usuarios-muebles 1-123,text,true,,538,336,200,200,https://compumuebles-sabana-api.cyk.com.co/api/auth/login,14771,0,0
1781509427515,14768,Ingreso Usuario,200,OK,Ingreso-usuarios-muebles 1-14,text,true,,538,336,200,200,https://compumuebles-sabana-api.cyk.com.co/api/auth/login,14768,0,0
1781509427531,14755,Ingreso Usuario,200,OK,Ingreso-usuarios-muebles 1-154,text,true,,538,336,200,200,https://compumuebles-sabana-api.cyk.com.co/api/auth/login,14755,0,0
1781509427517,14769,Ingreso Usuario,200,OK,Ingreso-usuarios-muebles 1-181,text,true,,538,336,200,200,https://compumuebles-sabana-api.cyk.com.co/api/auth/login,14769,0,0
1781509427525,14761,Ingreso Usuario,200,OK,Ingreso-usuarios-muebles 1-130,text,true,,538,336,200,200,https://compumuebles-sabana-api.cyk.com.co/api/auth/login,14761,0,0
1781509427527,14761,Ingreso Usuario,200,OK,Ingreso-usuarios-muebles 1-75,text,true,,538,336,200,200,https://compumuebles-sabana-api.cyk.com.co/api/auth/login,14761,0,0
1781509427532,14763,Ingreso Usuario,200,OK,Ingreso-usuarios-muebles 1-110,text,true,,538,336,200,200,https://compumuebles-sabana-api.cyk.com.co/api/auth/login,14763,0,0
1781509427533,14762,Ingreso Usuario,200,OK,Ingreso-usuarios-muebles 1-129,text,true,,538,336,200,200,https://compumuebles-sabana-api.cyk.com.co/api/auth/login,14762,0,0
1781509427535,14762,Ingreso Usuario,200,OK,Ingreso-usuarios-muebles 1-107,text,true,,538,336,200,200,https://compumuebles-sabana-api.cyk.com.co/api/auth/login,14762,0,0
1781509427539,14766,Ingreso Usuario,200,OK,Ingreso-usuarios-muebles 1-164,text,true,,538,336,200,200,https://compumuebles-sabana-api.cyk.com.co/api/auth/login,14766,0,0
1781509427543,14763,Ingreso Usuario,200,OK,Ingreso-usuarios-muebles 1-142,text,true,,538,336,200,200,https://compumuebles-sabana-api.cyk.com.co/api/auth/login,14763,0,0
1781509430119,14602,Ingreso Usuario,200,OK,Ingreso-usuarios-muebles 1-169,text,true,,538,336,200,200,https://compumuebles-sabana-api.cyk.com.co/api/auth/login,14602,0,0
1781509430123,14598,Ingreso Usuario,200,OK,Ingreso-usuarios-muebles 1-44,text,true,,538,336,200,200,https://compumuebles-sabana-api.cyk.com.co/api/auth/login,14598,0,0
1781509430126,14597,Ingreso Usuario,200,OK,Ingreso-usuarios-muebles 1-98,text,true,,538,336,200,200,https://compumuebles-sabana-api.cyk.com.co/api/auth/login,14597,0,0
1781509430130,14598,Ingreso Usuario,200,OK,Ingreso-usuarios-muebles 1-10,text,true,,538,336,200,200,https://compumuebles-sabana-api.cyk.com.co/api/auth/login,14598,0,0
1781509430139,14593,Ingreso Usuario,200,OK,Ingreso-usuarios-muebles 1-137,text,true,,538,336,200,200,https://compumuebles-sabana-api.cyk.com.co/api/auth/login,14593,0,0
1781509430152,14583,Ingreso Usuario,200,OK,Ingreso-usuarios-muebles 1-3,text,true,,538,336,200,200,https://compumuebles-sabana-api.cyk.com.co/api/auth/login,14583,0,0
1781509430178,14559,Ingreso Usuario,200,OK,Ingreso-usuarios-muebles 1-185,text,true,,538,336,200,200,https://compumuebles-sabana-api.cyk.com.co/api/auth/login,14559,0,0
1781509430160,14577,Ingreso Usuario,200,OK,Ingreso-usuarios-muebles 1-145,text,true,,538,336,200,200,https://compumuebles-sabana-api.cyk.com.co/api/auth/login,14577,0,0
1781509430172,14565,Ingreso Usuario,200,OK,Ingreso-usuarios-muebles 1-131,text,true,,538,336,200,200,https://compumuebles-sabana-api.cyk.com.co/api/auth/login,14565,0,0
1781509430175,14603,Ingreso Usuario,200,OK,Ingreso-usuarios-muebles 1-36,text,true,,538,336,200,200,https://compumuebles-sabana-api.cyk.com.co/api/auth/login,14603,0,0
1781509430178,14600,Ingreso Usuario,200,OK,Ingreso-usuarios-muebles 1-47,text,true,,538,336,200,200,https://compumuebles-sabana-api.cyk.com.co/api/auth/login,14600,0,0
1781509430188,14591,Ingreso Usuario,200,OK,Ingreso-usuarios-muebles 1-120,text,true,,538,336,200,200,https://compumuebles-sabana-api.cyk.com.co/api/auth/login,14591,0,0
1781509430224,14555,Ingreso Usuario,200,OK,Ingreso-usuarios-muebles 1-180,text,true,,538,336,200,200,https://compumuebles-sabana-api.cyk.com.co/api/auth/login,14555,0,0
1781509430193,14587,Ingreso Usuario,200,OK,Ingreso-usuarios-muebles 1-58,text,true,,538,336,200,200,https://compumuebles-sabana-api.cyk.com.co/api/auth/login,14586,0,0
1781509430224,14556,Ingreso Usuario,200,OK,Ingreso-usuarios-muebles 1-190,text,true,,538,336,200,200,https://compumuebles-sabana-api.cyk.com.co/api/auth/login,14555,0,0
1781509430175,14605,Ingreso Usuario,200,OK,Ingreso-usuarios-muebles 1-191,text,true,,538,336,200,200,https://compumuebles-sabana-api.cyk.com.co/api/auth/login,14604,0,0
1781509430224,14556,Ingreso Usuario,200,OK,Ingreso-usuarios-muebles 1-23,text,true,,538,336,200,200,https://compumuebles-sabana-api.cyk.com.co/api/auth/login,14556,0,0
1781509430229,14551,Ingreso Usuario,200,OK,Ingreso-usuarios-muebles 1-124,text,true,,538,336,200,200,https://compumuebles-sabana-api.cyk.com.co/api/auth/login,14551,0,0
1781509430241,14539,Ingreso Usuario,200,OK,Ingreso-usuarios-muebles 1-95,text,true,,538,336,200,200,https://compumuebles-sabana-api.cyk.com.co/api/auth/login,14539,0,0
1781509430257,14523,Ingreso Usuario,200,OK,Ingreso-usuarios-muebles 1-12,text,true,,538,336,200,200,https://compumuebles-sabana-api.cyk.com.co/api/auth/login,14523,0,0
1781509430198,14582,Ingreso Usuario,200,OK,Ingreso-usuarios-muebles 1-153,text,true,,538,336,200,200,https://compumuebles-sabana-api.cyk.com.co/api/auth/login,14582,0,0
1781509430240,14540,Ingreso Usuario,200,OK,Ingreso-usuarios-muebles 1-103,text,true,,538,336,200,200,https://compumuebles-sabana-api.cyk.com.co/api/auth/login,14540,0,0
1781509430206,14574,Ingreso Usuario,200,OK,Ingreso-usuarios-muebles 1-199,text,true,,538,336,200,200,https://compumuebles-sabana-api.cyk.com.co/api/auth/login,14574,0,0
1781509430271,14509,Ingreso Usuario,200,OK,Ingreso-usuarios-muebles 1-170,text,true,,538,336,200,200,https://compumuebles-sabana-api.cyk.com.co/api/auth/login,14509,0,0
1781509430285,14499,Ingreso Usuario,200,OK,Ingreso-usuarios-muebles 1-49,text,true,,538,336,200,200,https://compumuebles-sabana-api.cyk.com.co/api/auth/login,14499,0,0
1781509430272,14512,Ingreso Usuario,200,OK,Ingreso-usuarios-muebles 1-18,text,true,,538,336,200,200,https://compumuebles-sabana-api.cyk.com.co/api/auth/login,14512,0,0
1781509430285,14499,Ingreso Usuario,200,OK,Ingreso-usuarios-muebles 1-102,text,true,,538,336,200,200,https://compumuebles-sabana-api.cyk.com.co/api/auth/login,14499,0,0
1781509430285,14501,Ingreso Usuario,200,OK,Ingreso-usuarios-muebles 1-39,text,true,,538,336,200,200,https://compumuebles-sabana-api.cyk.com.co/api/auth/login,14501,0,0
1781509430290,14496,Ingreso Usuario,200,OK,Ingreso-usuarios-muebles 1-105,text,true,,538,336,200,200,https://compumuebles-sabana-api.cyk.com.co/api/auth/login,14496,0,0
1781509430298,14490,Ingreso Usuario,200,OK,Ingreso-usuarios-muebles 1-200,text,true,,538,336,200,200,https://compumuebles-sabana-api.cyk.com.co/api/auth/login,14490,0,0
1781509430296,14494,Ingreso Usuario,200,OK,Ingreso-usuarios-muebles 1-83,text,true,,538,336,200,200,https://compumuebles-sabana-api.cyk.com.co/api/auth/login,14494,0,0
1781509430299,14497,Ingreso Usuario,200,OK,Ingreso-usuarios-muebles 1-13,text,true,,538,336,200,200,https://compumuebles-sabana-api.cyk.com.co/api/auth/login,14497,0,0
1781509430313,14491,Ingreso Usuario,200,OK,Ingreso-usuarios-muebles 1-50,text,true,,538,336,200,200,https://compumuebles-sabana-api.cyk.com.co/api/auth/login,14491,0,0
1781509430305,14500,Ingreso Usuario,200,OK,Ingreso-usuarios-muebles 1-86,text,true,,538,336,200,200,https://compumuebles-sabana-api.cyk.com.co/api/auth/login,14500,0,0
1781509430349,14501,Ingreso Usuario,200,OK,Ingreso-usuarios-muebles 1-186,text,true,,538,336,200,200,https://compumuebles-sabana-api.cyk.com.co/api/auth/login,14501,0,0
1781509430319,14531,Ingreso Usuario,200,OK,Ingreso-usuarios-muebles 1-117,text,true,,538,336,200,200,https://compumuebles-sabana-api.cyk.com.co/api/auth/login,14531,0,0
1781509430358,14493,Ingreso Usuario,200,OK,Ingreso-usuarios-muebles 1-64,text,true,,538,336,200,200,https://compumuebles-sabana-api.cyk.com.co/api/auth/login,14493,0,0
1781509430341,14510,Ingreso Usuario,200,OK,Ingreso-usuarios-muebles 1-29,text,true,,538,336,200,200,https://compumuebles-sabana-api.cyk.com.co/api/auth/login,14510,0,0
1781509430128,14723,Ingreso Usuario,200,OK,Ingreso-usuarios-muebles 1-157,text,true,,538,336,200,200,https://compumuebles-sabana-api.cyk.com.co/api/auth/login,14723,0,0
1781509430129,14722,Ingreso Usuario,200,OK,Ingreso-usuarios-muebles 1-84,text,true,,538,336,200,200,https://compumuebles-sabana-api.cyk.com.co/api/auth/login,14722,0,0
1781509430172,14679,Ingreso Usuario,200,OK,Ingreso-usuarios-muebles 1-54,text,true,,538,336,200,200,https://compumuebles-sabana-api.cyk.com.co/api/auth/login,14679,0,0
1781509430131,14720,Ingreso Usuario,200,OK,Ingreso-usuarios-muebles 1-90,text,true,,538,336,200,200,https://compumuebles-sabana-api.cyk.com.co/api/auth/login,14720,0,0
1781509430159,14692,Ingreso Usuario,200,OK,Ingreso-usuarios-muebles 1-101,text,true,,538,336,200,200,https://compumuebles-sabana-api.cyk.com.co/api/auth/login,14692,0,0
1781509430175,14676,Ingreso Usuario,200,OK,Ingreso-usuarios-muebles 1-118,text,true,,538,336,200,200,https://compumuebles-sabana-api.cyk.com.co/api/auth/login,14676,0,0
1781509430134,14717,Ingreso Usuario,200,OK,Ingreso-usuarios-muebles 1-8,text,true,,538,336,200,200,https://compumuebles-sabana-api.cyk.com.co/api/auth/login,14717,0,0
1781509430160,14691,Ingreso Usuario,200,OK,Ingreso-usuarios-muebles 1-196,text,true,,538,336,200,200,https://compumuebles-sabana-api.cyk.com.co/api/auth/login,14691,0,0
1781509430176,14675,Ingreso Usuario,200,OK,Ingreso-usuarios-muebles 1-77,text,true,,538,336,200,200,https://compumuebles-sabana-api.cyk.com.co/api/auth/login,14675,0,0
1781509430208,14643,Ingreso Usuario,200,OK,Ingreso-usuarios-muebles 1-127,text,true,,538,336,200,200,https://compumuebles-sabana-api.cyk.com.co/api/auth/login,14643,0,0
1781509430186,14665,Ingreso Usuario,200,OK,Ingreso-usuarios-muebles 1-61,text,true,,538,336,200,200,https://compumuebles-sabana-api.cyk.com.co/api/auth/login,14665,0,0
1781509430205,14646,Ingreso Usuario,200,OK,Ingreso-usuarios-muebles 1-179,text,true,,538,336,200,200,https://compumuebles-sabana-api.cyk.com.co/api/auth/login,14646,0,0
1781509430180,14671,Ingreso Usuario,200,OK,Ingreso-usuarios-muebles 1-67,text,true,,538,336,200,200,https://compumuebles-sabana-api.cyk.com.co/api/auth/login,14671,0,0
1781509430175,14676,Ingreso Usuario,200,OK,Ingreso-usuarios-muebles 1-35,text,true,,538,336,200,200,https://compumuebles-sabana-api.cyk.com.co/api/auth/login,14676,0,0
1781509430224,14627,Ingreso Usuario,200,OK,Ingreso-usuarios-muebles 1-183,text,true,,538,336,200,200,https://compumuebles-sabana-api.cyk.com.co/api/auth/login,14627,0,0
1781509430189,14662,Ingreso Usuario,200,OK,Ingreso-usuarios-muebles 1-52,text,true,,538,336,200,200,https://compumuebles-sabana-api.cyk.com.co/api/auth/login,14662,0,0
1781509430195,14656,Ingreso Usuario,200,OK,Ingreso-usuarios-muebles 1-160,text,true,,538,336,200,200,https://compumuebles-sabana-api.cyk.com.co/api/auth/login,14656,0,0
1781509430228,14625,Ingreso Usuario,200,OK,Ingreso-usuarios-muebles 1-175,text,true,,538,336,200,200,https://compumuebles-sabana-api.cyk.com.co/api/auth/login,14625,0,0
1781509430233,14621,Ingreso Usuario,200,OK,Ingreso-usuarios-muebles 1-136,text,true,,538,336,200,200,https://compumuebles-sabana-api.cyk.com.co/api/auth/login,14621,0,0
1781509430247,14611,Ingreso Usuario,200,OK,Ingreso-usuarios-muebles 1-76,text,true,,538,336,200,200,https://compumuebles-sabana-api.cyk.com.co/api/auth/login,14611,0,0
1781509430242,14617,Ingreso Usuario,200,OK,Ingreso-usuarios-muebles 1-62,text,true,,538,336,200,200,https://compumuebles-sabana-api.cyk.com.co/api/auth/login,14617,0,0
1781509430267,14594,Ingreso Usuario,200,OK,Ingreso-usuarios-muebles 1-17,text,true,,538,336,200,200,https://compumuebles-sabana-api.cyk.com.co/api/auth/login,14594,0,0
1781509430285,14581,Ingreso Usuario,200,OK,Ingreso-usuarios-muebles 1-85,text,true,,538,336,200,200,https://compumuebles-sabana-api.cyk.com.co/api/auth/login,14581,0,0
1781509430285,14585,Ingreso Usuario,200,OK,Ingreso-usuarios-muebles 1-119,text,true,,538,336,200,200,https://compumuebles-sabana-api.cyk.com.co/api/auth/login,14585,0,0
1781509430272,14598,Ingreso Usuario,200,OK,Ingreso-usuarios-muebles 1-78,text,true,,538,336,200,200,https://compumuebles-sabana-api.cyk.com.co/api/auth/login,14598,0,0
1781509430305,14617,Ingreso Usuario,200,OK,Ingreso-usuarios-muebles 1-152,text,true,,538,336,200,200,https://compumuebles-sabana-api.cyk.com.co/api/auth/login,14617,0,0
1781509430305,14617,Ingreso Usuario,200,OK,Ingreso-usuarios-muebles 1-112,text,true,,538,336,200,200,https://compumuebles-sabana-api.cyk.com.co/api/auth/login,14617,0,0
1781509430296,14628,Ingreso Usuario,200,OK,Ingreso-usuarios-muebles 1-94,text,true,,538,336,200,200,https://compumuebles-sabana-api.cyk.com.co/api/auth/login,14627,0,0
1781509430285,14639,Ingreso Usuario,200,OK,Ingreso-usuarios-muebles 1-197,text,true,,538,336,200,200,https://compumuebles-sabana-api.cyk.com.co/api/auth/login,14639,0,0
1781509430295,14629,Ingreso Usuario,200,OK,Ingreso-usuarios-muebles 1-173,text,true,,538,336,200,200,https://compumuebles-sabana-api.cyk.com.co/api/auth/login,14629,0,0
1781509430292,14632,Ingreso Usuario,200,OK,Ingreso-usuarios-muebles 1-192,text,true,,538,336,200,200,https://compumuebles-sabana-api.cyk.com.co/api/auth/login,14632,0,0
1781509430342,14582,Ingreso Usuario,200,OK,Ingreso-usuarios-muebles 1-33,text,true,,538,336,200,200,https://compumuebles-sabana-api.cyk.com.co/api/auth/login,14582,0,0
1781509430341,14583,Ingreso Usuario,200,OK,Ingreso-usuarios-muebles 1-92,text,true,,538,336,200,200,https://compumuebles-sabana-api.cyk.com.co/api/auth/login,14583,0,0
1781509430351,14573,Ingreso Usuario,200,OK,Ingreso-usuarios-muebles 1-165,text,true,,538,336,200,200,https://compumuebles-sabana-api.cyk.com.co/api/auth/login,14573,0,0
1781509430319,14605,Ingreso Usuario,200,OK,Ingreso-usuarios-muebles 1-167,text,true,,538,336,200,200,https://compumuebles-sabana-api.cyk.com.co/api/auth/login,14605,0,0
1781509430298,14626,Ingreso Usuario,200,OK,Ingreso-usuarios-muebles 1-93,text,true,,538,336,200,200,https://compumuebles-sabana-api.cyk.com.co/api/auth/login,14626,0,0
1781509430326,14598,Ingreso Usuario,200,OK,Ingreso-usuarios-muebles 1-79,text,true,,538,336,200,200,https://compumuebles-sabana-api.cyk.com.co/api/auth/login,14598,0,0
1781509430343,14581,Ingreso Usuario,200,OK,Ingreso-usuarios-muebles 1-150,text,true,,538,336,200,200,https://compumuebles-sabana-api.cyk.com.co/api/auth/login,14581,0,0
1781509430322,14602,Ingreso Usuario,200,OK,Ingreso-usuarios-muebles 1-72,text,true,,538,336,200,200,https://compumuebles-sabana-api.cyk.com.co/api/auth/login,14602,0,0
1781509430349,14575,Ingreso Usuario,200,OK,Ingreso-usuarios-muebles 1-161,text,true,,538,336,200,200,https://compumuebles-sabana-api.cyk.com.co/api/auth/login,14575,0,0
1781509430358,14578,Ingreso Usuario,200,OK,Ingreso-usuarios-muebles 1-11,text,true,,538,336,200,200,https://compumuebles-sabana-api.cyk.com.co/api/auth/login,14578,0,0
1781509435269,14952,Ingreso Usuario,200,OK,Ingreso-usuarios-muebles 1-149,text,true,,538,336,200,200,https://compumuebles-sabana-api.cyk.com.co/api/auth/login,14952,0,0
1781509435271,14952,Ingreso Usuario,200,OK,Ingreso-usuarios-muebles 1-132,text,true,,538,336,200,200,https://compumuebles-sabana-api.cyk.com.co/api/auth/login,14952,0,0
1781509435265,14960,Ingreso Usuario,200,OK,Ingreso-usuarios-muebles 1-138,text,true,,538,336,200,200,https://compumuebles-sabana-api.cyk.com.co/api/auth/login,14960,0,0
1781509435274,14951,Ingreso Usuario,200,OK,Ingreso-usuarios-muebles 1-193,text,true,,538,336,200,200,https://compumuebles-sabana-api.cyk.com.co/api/auth/login,14951,0,0
1781509435276,14951,Ingreso Usuario,200,OK,Ingreso-usuarios-muebles 1-7,text,true,,538,336,200,200,https://compumuebles-sabana-api.cyk.com.co/api/auth/login,14951,0,0
1781509435271,14958,Ingreso Usuario,200,OK,Ingreso-usuarios-muebles 1-20,text,true,,538,336,200,200,https://compumuebles-sabana-api.cyk.com.co/api/auth/login,14958,0,0
1781509435284,14946,Ingreso Usuario,200,OK,Ingreso-usuarios-muebles 1-126,text,true,,538,336,200,200,https://compumuebles-sabana-api.cyk.com.co/api/auth/login,14946,0,0
1781509435279,14951,Ingreso Usuario,200,OK,Ingreso-usuarios-muebles 1-125,text,true,,538,336,200,200,https://compumuebles-sabana-api.cyk.com.co/api/auth/login,14951,0,0
1781509435292,14947,Ingreso Usuario,200,OK,Ingreso-usuarios-muebles 1-188,text,true,,538,336,200,200,https://compumuebles-sabana-api.cyk.com.co/api/auth/login,14947,0,0
1781509435294,14948,Ingreso Usuario,200,OK,Ingreso-usuarios-muebles 1-182,text,true,,538,336,200,200,https://compumuebles-sabana-api.cyk.com.co/api/auth/login,14948,0,0
1781509435299,14948,Ingreso Usuario,200,OK,Ingreso-usuarios-muebles 1-166,text,true,,538,336,200,200,https://compumuebles-sabana-api.cyk.com.co/api/auth/login,14948,0,0
1781509435303,14944,Ingreso Usuario,200,OK,Ingreso-usuarios-muebles 1-65,text,true,,538,336,200,200,https://compumuebles-sabana-api.cyk.com.co/api/auth/login,14944,0,0
1781509435290,14957,Ingreso Usuario,200,OK,Ingreso-usuarios-muebles 1-89,text,true,,538,336,200,200,https://compumuebles-sabana-api.cyk.com.co/api/auth/login,14957,0,0
1781509435314,14934,Ingreso Usuario,200,OK,Ingreso-usuarios-muebles 1-55,text,true,,538,336,200,200,https://compumuebles-sabana-api.cyk.com.co/api/auth/login,14934,0,0
1781509435310,14940,Ingreso Usuario,200,OK,Ingreso-usuarios-muebles 1-71,text,true,,538,336,200,200,https://compumuebles-sabana-api.cyk.com.co/api/auth/login,14940,0,0
1781509435306,14945,Ingreso Usuario,200,OK,Ingreso-usuarios-muebles 1-121,text,true,,538,336,200,200,https://compumuebles-sabana-api.cyk.com.co/api/auth/login,14945,0,0
1781509435317,14934,Ingreso Usuario,200,OK,Ingreso-usuarios-muebles 1-41,text,true,,538,336,200,200,https://compumuebles-sabana-api.cyk.com.co/api/auth/login,14934,0,0
1781509435322,14930,Ingreso Usuario,200,OK,Ingreso-usuarios-muebles 1-4,text,true,,538,336,200,200,https://compumuebles-sabana-api.cyk.com.co/api/auth/login,14930,0,0
1781509435320,14940,Ingreso Usuario,200,OK,Ingreso-usuarios-muebles 1-60,text,true,,538,336,200,200,https://compumuebles-sabana-api.cyk.com.co/api/auth/login,14940,0,0
1781509435326,14936,Ingreso Usuario,200,OK,Ingreso-usuarios-muebles 1-56,text,true,,538,336,200,200,https://compumuebles-sabana-api.cyk.com.co/api/auth/login,14936,0,0
1781509435326,14937,Ingreso Usuario,200,OK,Ingreso-usuarios-muebles 1-106,text,true,,538,336,200,200,https://compumuebles-sabana-api.cyk.com.co/api/auth/login,14937,0,0
1781509435324,14939,Ingreso Usuario,200,OK,Ingreso-usuarios-muebles 1-144,text,true,,538,336,200,200,https://compumuebles-sabana-api.cyk.com.co/api/auth/login,14939,0,0
1781509435338,14926,Ingreso Usuario,200,OK,Ingreso-usuarios-muebles 1-162,text,true,,538,336,200,200,https://compumuebles-sabana-api.cyk.com.co/api/auth/login,14926,0,0
1781509435330,14936,Ingreso Usuario,200,OK,Ingreso-usuarios-muebles 1-168,text,true,,538,336,200,200,https://compumuebles-sabana-api.cyk.com.co/api/auth/login,14936,0,0
1781509435350,14918,Ingreso Usuario,200,OK,Ingreso-usuarios-muebles 1-104,text,true,,538,336,200,200,https://compumuebles-sabana-api.cyk.com.co/api/auth/login,14918,0,0
1781509435331,14942,Ingreso Usuario,200,OK,Ingreso-usuarios-muebles 1-46,text,true,,538,336,200,200,https://compumuebles-sabana-api.cyk.com.co/api/auth/login,14942,0,0
1781509435345,14929,Ingreso Usuario,200,OK,Ingreso-usuarios-muebles 1-26,text,true,,538,336,200,200,https://compumuebles-sabana-api.cyk.com.co/api/auth/login,14929,0,0
1781509435349,14927,Ingreso Usuario,200,OK,Ingreso-usuarios-muebles 1-187,text,true,,538,336,200,200,https://compumuebles-sabana-api.cyk.com.co/api/auth/login,14927,0,0
1781509435347,14930,Ingreso Usuario,200,OK,Ingreso-usuarios-muebles 1-22,text,true,,538,336,200,200,https://compumuebles-sabana-api.cyk.com.co/api/auth/login,14930,0,0
1781509435336,14941,Ingreso Usuario,200,OK,Ingreso-usuarios-muebles 1-69,text,true,,538,336,200,200,https://compumuebles-sabana-api.cyk.com.co/api/auth/login,14941,0,0
1781509435375,14905,Ingreso Usuario,200,OK,Ingreso-usuarios-muebles 1-156,text,true,,538,336,200,200,https://compumuebles-sabana-api.cyk.com.co/api/auth/login,14905,0,0
1781509435389,14893,Ingreso Usuario,200,OK,Ingreso-usuarios-muebles 1-184,text,true,,538,336,200,200,https://compumuebles-sabana-api.cyk.com.co/api/auth/login,14893,0,0
1781509435381,14906,Ingreso Usuario,200,OK,Ingreso-usuarios-muebles 1-140,text,true,,538,336,200,200,https://compumuebles-sabana-api.cyk.com.co/api/auth/login,14906,0,0
1781509435370,14919,Ingreso Usuario,200,OK,Ingreso-usuarios-muebles 1-135,text,true,,538,336,200,200,https://compumuebles-sabana-api.cyk.com.co/api/auth/login,14919,0,0
1781509435400,14891,Ingreso Usuario,200,OK,Ingreso-usuarios-muebles 1-70,text,true,,538,336,200,200,https://compumuebles-sabana-api.cyk.com.co/api/auth/login,14891,0,0
1781509435385,14908,Ingreso Usuario,200,OK,Ingreso-usuarios-muebles 1-113,text,true,,538,336,200,200,https://compumuebles-sabana-api.cyk.com.co/api/auth/login,14908,0,0
1781509435381,14914,Ingreso Usuario,200,OK,Ingreso-usuarios-muebles 1-42,text,true,,538,336,200,200,https://compumuebles-sabana-api.cyk.com.co/api/auth/login,14914,0,0
1781509436420,14748,Ingreso Usuario,200,OK,Ingreso-usuarios-muebles 1-43,text,true,,538,336,200,200,https://compumuebles-sabana-api.cyk.com.co/api/auth/login,14748,0,0
1781509436426,14745,Ingreso Usuario,200,OK,Ingreso-usuarios-muebles 1-159,text,true,,538,336,200,200,https://compumuebles-sabana-api.cyk.com.co/api/auth/login,14745,0,0
1781509436415,14763,Ingreso Usuario,200,OK,Ingreso-usuarios-muebles 1-134,text,true,,538,336,200,200,https://compumuebles-sabana-api.cyk.com.co/api/auth/login,14763,0,0
1781509436435,14745,Ingreso Usuario,200,OK,Ingreso-usuarios-muebles 1-37,text,true,,538,336,200,200,https://compumuebles-sabana-api.cyk.com.co/api/auth/login,14745,0,0
1781509436433,14748,Ingreso Usuario,200,OK,Ingreso-usuarios-muebles 1-27,text,true,,538,336,200,200,https://compumuebles-sabana-api.cyk.com.co/api/auth/login,14748,0,0
1781509436436,14747,Ingreso Usuario,200,OK,Ingreso-usuarios-muebles 1-28,text,true,,538,336,200,200,https://compumuebles-sabana-api.cyk.com.co/api/auth/login,14747,0,0
1781509436440,14743,Ingreso Usuario,200,OK,Ingreso-usuarios-muebles 1-163,text,true,,538,336,200,200,https://compumuebles-sabana-api.cyk.com.co/api/auth/login,14743,0,0
1781509436437,14749,Ingreso Usuario,200,OK,Ingreso-usuarios-muebles 1-174,text,true,,538,336,200,200,https://compumuebles-sabana-api.cyk.com.co/api/auth/login,14749,0,0
1781509436449,14738,Ingreso Usuario,200,OK,Ingreso-usuarios-muebles 1-172,text,true,,538,336,200,200,https://compumuebles-sabana-api.cyk.com.co/api/auth/login,14738,0,0
1781509436453,14735,Ingreso Usuario,200,OK,Ingreso-usuarios-muebles 1-146,text,true,,538,336,200,200,https://compumuebles-sabana-api.cyk.com.co/api/auth/login,14735,0,0
1781509436455,14734,Ingreso Usuario,200,OK,Ingreso-usuarios-muebles 1-176,text,true,,538,336,200,200,https://compumuebles-sabana-api.cyk.com.co/api/auth/login,14734,0,0
1781509436452,14743,Ingreso Usuario,200,OK,Ingreso-usuarios-muebles 1-147,text,true,,538,336,200,200,https://compumuebles-sabana-api.cyk.com.co/api/auth/login,14743,0,0
1781509436465,14730,Ingreso Usuario,200,OK,Ingreso-usuarios-muebles 1-63,text,true,,538,336,200,200,https://compumuebles-sabana-api.cyk.com.co/api/auth/login,14730,0,0
1781509436468,14727,Ingreso Usuario,200,OK,Ingreso-usuarios-muebles 1-128,text,true,,538,336,200,200,https://compumuebles-sabana-api.cyk.com.co/api/auth/login,14727,0,0
1781509436456,14742,Ingreso Usuario,200,OK,Ingreso-usuarios-muebles 1-53,text,true,,538,336,200,200,https://compumuebles-sabana-api.cyk.com.co/api/auth/login,14742,0,0
1781509436458,14743,Ingreso Usuario,200,OK,Ingreso-usuarios-muebles 1-111,text,true,,538,336,200,200,https://compumuebles-sabana-api.cyk.com.co/api/auth/login,14743,0,0
1781509436468,14735,Ingreso Usuario,200,OK,Ingreso-usuarios-muebles 1-74,text,true,,538,336,200,200,https://compumuebles-sabana-api.cyk.com.co/api/auth/login,14735,0,0
1781509436472,14734,Ingreso Usuario,200,OK,Ingreso-usuarios-muebles 1-143,text,true,,538,336,200,200,https://compumuebles-sabana-api.cyk.com.co/api/auth/login,14734,0,0
1781509436480,14729,Ingreso Usuario,200,OK,Ingreso-usuarios-muebles 1-114,text,true,,538,336,200,200,https://compumuebles-sabana-api.cyk.com.co/api/auth/login,14729,0,0
1781509436472,14738,Ingreso Usuario,200,OK,Ingreso-usuarios-muebles 1-115,text,true,,538,336,200,200,https://compumuebles-sabana-api.cyk.com.co/api/auth/login,14738,0,0
1781509436479,14732,Ingreso Usuario,200,OK,Ingreso-usuarios-muebles 1-6,text,true,,538,336,200,200,https://compumuebles-sabana-api.cyk.com.co/api/auth/login,14732,0,0
1781509436482,14731,Ingreso Usuario,200,OK,Ingreso-usuarios-muebles 1-82,text,true,,538,336,200,200,https://compumuebles-sabana-api.cyk.com.co/api/auth/login,14731,0,0
1781509436485,14728,Ingreso Usuario,200,OK,Ingreso-usuarios-muebles 1-57,text,true,,538,336,200,200,https://compumuebles-sabana-api.cyk.com.co/api/auth/login,14728,0,0
1781509436484,14732,Ingreso Usuario,200,OK,Ingreso-usuarios-muebles 1-99,text,true,,538,336,200,200,https://compumuebles-sabana-api.cyk.com.co/api/auth/login,14732,0,0
1781509436484,14736,Ingreso Usuario,200,OK,Ingreso-usuarios-muebles 1-141,text,true,,538,336,200,200,https://compumuebles-sabana-api.cyk.com.co/api/auth/login,14736,0,0
1781509436487,14733,Ingreso Usuario,200,OK,Ingreso-usuarios-muebles 1-109,text,true,,538,336,200,200,https://compumuebles-sabana-api.cyk.com.co/api/auth/login,14733,0,0
1781509436482,14741,Ingreso Usuario,200,OK,Ingreso-usuarios-muebles 1-139,text,true,,538,336,200,200,https://compumuebles-sabana-api.cyk.com.co/api/auth/login,14741,0,0
1781509436487,14738,Ingreso Usuario,200,OK,Ingreso-usuarios-muebles 1-177,text,true,,538,336,200,200,https://compumuebles-sabana-api.cyk.com.co/api/auth/login,14738,0,0
1781509436495,14731,Ingreso Usuario,200,OK,Ingreso-usuarios-muebles 1-195,text,true,,538,336,200,200,https://compumuebles-sabana-api.cyk.com.co/api/auth/login,14731,0,0
1781509436493,14736,Ingreso Usuario,200,OK,Ingreso-usuarios-muebles 1-116,text,true,,538,336,200,200,https://compumuebles-sabana-api.cyk.com.co/api/auth/login,14736,0,0
1781509436497,14732,Ingreso Usuario,200,OK,Ingreso-usuarios-muebles 1-1,text,true,,538,336,200,200,https://compumuebles-sabana-api.cyk.com.co/api/auth/login,14732,0,0
1781509436493,14738,Ingreso Usuario,200,OK,Ingreso-usuarios-muebles 1-151,text,true,,538,336,200,200,https://compumuebles-sabana-api.cyk.com.co/api/auth/login,14738,0,0
1781509436495,14737,Ingreso Usuario,200,OK,Ingreso-usuarios-muebles 1-198,text,true,,538,336,200,200,https://compumuebles-sabana-api.cyk.com.co/api/auth/login,14737,0,0
1781509436515,14720,Ingreso Usuario,200,OK,Ingreso-usuarios-muebles 1-171,text,true,,538,336,200,200,https://compumuebles-sabana-api.cyk.com.co/api/auth/login,14720,0,0
1781509436512,14725,Ingreso Usuario,200,OK,Ingreso-usuarios-muebles 1-81,text,true,,538,336,200,200,https://compumuebles-sabana-api.cyk.com.co/api/auth/login,14725,0,0
1781509436613,14630,Ingreso Usuario,200,OK,Ingreso-usuarios-muebles 1-24,text,true,,538,336,200,200,https://compumuebles-sabana-api.cyk.com.co/api/auth/login,14630,0,0
1781509436512,14735,Ingreso Usuario,200,OK,Ingreso-usuarios-muebles 1-66,text,true,,538,336,200,200,https://compumuebles-sabana-api.cyk.com.co/api/auth/login,14735,0,0
1781509436545,14702,Ingreso Usuario,200,OK,Ingreso-usuarios-muebles 1-73,text,true,,538,336,200,200,https://compumuebles-sabana-api.cyk.com.co/api/auth/login,14702,0,0
1781509436613,14635,Ingreso Usuario,200,OK,Ingreso-usuarios-muebles 1-108,text,true,,538,336,200,200,https://compumuebles-sabana-api.cyk.com.co/api/auth/login,14635,0,0
1781509436543,14704,Ingreso Usuario,200,OK,Ingreso-usuarios-muebles 1-15,text,true,,538,336,200,200,https://compumuebles-sabana-api.cyk.com.co/api/auth/login,14704,0,0
1781509436613,14637,Ingreso Usuario,200,OK,Ingreso-usuarios-muebles 1-87,text,true,,538,336,200,200,https://compumuebles-sabana-api.cyk.com.co/api/auth/login,14637,0,0
1781509436613,14638,Ingreso Usuario,200,OK,Ingreso-usuarios-muebles 1-91,text,true,,538,336,200,200,https://compumuebles-sabana-api.cyk.com.co/api/auth/login,14638,0,0
1781509436613,14639,Ingreso Usuario,200,OK,Ingreso-usuarios-muebles 1-2,text,true,,538,336,200,200,https://compumuebles-sabana-api.cyk.com.co/api/auth/login,14639,0,0
1781509436646,14612,Ingreso Usuario,200,OK,Ingreso-usuarios-muebles 1-97,text,true,,538,336,200,200,https://compumuebles-sabana-api.cyk.com.co/api/auth/login,14612,0,0
1781509436629,14636,Ingreso Usuario,200,OK,Ingreso-usuarios-muebles 1-45,text,true,,538,336,200,200,https://compumuebles-sabana-api.cyk.com.co/api/auth/login,14636,0,0
1781509436647,14627,Ingreso Usuario,200,OK,Ingreso-usuarios-muebles 1-133,text,true,,538,336,200,200,https://compumuebles-sabana-api.cyk.com.co/api/auth/login,14627,0,0
1781509436645,14629,Ingreso Usuario,200,OK,Ingreso-usuarios-muebles 1-100,text,true,,538,336,200,200,https://compumuebles-sabana-api.cyk.com.co/api/auth/login,14629,0,0
1781509436420,14854,Ingreso Usuario,200,OK,Ingreso-usuarios-muebles 1-21,text,true,,538,336,200,200,https://compumuebles-sabana-api.cyk.com.co/api/auth/login,14854,0,0
1781509436434,14843,Ingreso Usuario,200,OK,Ingreso-usuarios-muebles 1-40,text,true,,538,336,200,200,https://compumuebles-sabana-api.cyk.com.co/api/auth/login,14843,0,0
1781509436429,14848,Ingreso Usuario,200,OK,Ingreso-usuarios-muebles 1-178,text,true,,538,336,200,200,https://compumuebles-sabana-api.cyk.com.co/api/auth/login,14848,0,0
1781509436434,14859,Ingreso Usuario,200,OK,Ingreso-usuarios-muebles 1-19,text,true,,538,336,200,200,https://compumuebles-sabana-api.cyk.com.co/api/auth/login,14859,0,0
1781509436434,14877,Ingreso Usuario,200,OK,Ingreso-usuarios-muebles 1-31,text,true,,538,336,200,200,https://compumuebles-sabana-api.cyk.com.co/api/auth/login,14877,0,0
1781509436448,14874,Ingreso Usuario,200,OK,Ingreso-usuarios-muebles 1-148,text,true,,538,336,200,200,https://compumuebles-sabana-api.cyk.com.co/api/auth/login,14874,0,0
1781509436440,14882,Ingreso Usuario,200,OK,Ingreso-usuarios-muebles 1-80,text,true,,538,336,200,200,https://compumuebles-sabana-api.cyk.com.co/api/auth/login,14882,0,0
1781509436645,14694,Ingreso Usuario,200,OK,Ingreso-usuarios-muebles 1-16,text,true,,538,336,200,200,https://compumuebles-sabana-api.cyk.com.co/api/auth/login,14694,0,0
1781509436637,14702,Ingreso Usuario,200,OK,Ingreso-usuarios-muebles 1-5,text,true,,538,336,200,200,https://compumuebles-sabana-api.cyk.com.co/api/auth/login,14702,0,0
1781509436633,14706,Ingreso Usuario,200,OK,Ingreso-usuarios-muebles 1-38,text,true,,538,336,200,200,https://compumuebles-sabana-api.cyk.com.co/api/auth/login,14706,0,0
1781509436442,14896,Ingreso Usuario,200,OK,Ingreso-usuarios-muebles 1-122,text,true,,538,336,200,200,https://compumuebles-sabana-api.cyk.com.co/api/auth/login,14896,0,0
1781509436415,14923,Ingreso Usuario,200,OK,Ingreso-usuarios-muebles 1-155,text,true,,538,336,200,200,https://compumuebles-sabana-api.cyk.com.co/api/auth/login,14923,0,0
1781509436646,14693,Ingreso Usuario,200,OK,Ingreso-usuarios-muebles 1-9,text,true,,538,336,200,200,https://compumuebles-sabana-api.cyk.com.co/api/auth/login,14693,0,0
1781509436424,14914,Ingreso Usuario,200,OK,Ingreso-usuarios-muebles 1-59,text,true,,538,336,200,200,https://compumuebles-sabana-api.cyk.com.co/api/auth/login,14914,0,0
1781509436430,14915,Ingreso Usuario,200,OK,Ingreso-usuarios-muebles 1-68,text,true,,538,336,200,200,https://compumuebles-sabana-api.cyk.com.co/api/auth/login,14915,0,0
1781509436434,14916,Ingreso Usuario,200,OK,Ingreso-usuarios-muebles 1-96,text,true,,538,336,200,200,https://compumuebles-sabana-api.cyk.com.co/api/auth/login,14916,0,0
1781509436440,14910,Ingreso Usuario,200,OK,Ingreso-usuarios-muebles 1-88,text,true,,538,336,200,200,https://compumuebles-sabana-api.cyk.com.co/api/auth/login,14910,0,0
1781509436435,14915,Ingreso Usuario,200,OK,Ingreso-usuarios-muebles 1-51,text,true,,538,336,200,200,https://compumuebles-sabana-api.cyk.com.co/api/auth/login,14915,0,0
1781509436433,14917,Ingreso Usuario,200,OK,Ingreso-usuarios-muebles 1-30,text,true,,538,336,200,200,https://compumuebles-sabana-api.cyk.com.co/api/auth/login,14917,0,0
1781509436449,14914,Ingreso Usuario,200,OK,Ingreso-usuarios-muebles 1-189,text,true,,538,336,200,200,https://compumuebles-sabana-api.cyk.com.co/api/auth/login,14914,0,0
1781509436613,14751,Ingreso Usuario,200,OK,Ingreso-usuarios-muebles 1-158,text,true,,538,336,200,200,https://compumuebles-sabana-api.cyk.com.co/api/auth/login,14751,0,0
1781509436451,14913,Ingreso Usuario,200,OK,Ingreso-usuarios-muebles 1-32,text,true,,538,336,200,200,https://compumuebles-sabana-api.cyk.com.co/api/auth/login,14913,0,0
1781509436646,14721,Ingreso Usuario,200,OK,Ingreso-usuarios-muebles 1-34,text,true,,538,336,200,200,https://compumuebles-sabana-api.cyk.com.co/api/auth/login,14721,0,0
1781509436644,14725,Ingreso Usuario,200,OK,Ingreso-usuarios-muebles 1-48,text,true,,538,336,200,200,https://compumuebles-sabana-api.cyk.com.co/api/auth/login,14725,0,0
1781509442275,14573,Ingreso Usuario,200,OK,Ingreso-usuarios-muebles 1-194,text,true,,538,336,200,200,https://compumuebles-sabana-api.cyk.com.co/api/auth/login,14573,0,0
1781509442280,14569,Ingreso Usuario,200,OK,Ingreso-usuarios-muebles 1-123,text,true,,538,336,200,200,https://compumuebles-sabana-api.cyk.com.co/api/auth/login,14569,0,0
1781509442286,14565,Ingreso Usuario,200,OK,Ingreso-usuarios-muebles 1-130,text,true,,538,336,200,200,https://compumuebles-sabana-api.cyk.com.co/api/auth/login,14565,0,0
1781509442278,14573,Ingreso Usuario,200,OK,Ingreso-usuarios-muebles 1-25,text,true,,538,336,200,200,https://compumuebles-sabana-api.cyk.com.co/api/auth/login,14573,0,0
1781509442286,14570,Ingreso Usuario,200,OK,Ingreso-usuarios-muebles 1-181,text,true,,538,336,200,200,https://compumuebles-sabana-api.cyk.com.co/api/auth/login,14570,0,0
1781509442286,14571,Ingreso Usuario,200,OK,Ingreso-usuarios-muebles 1-154,text,true,,538,336,200,200,https://compumuebles-sabana-api.cyk.com.co/api/auth/login,14571,0,0
1781509442288,14569,Ingreso Usuario,200,OK,Ingreso-usuarios-muebles 1-75,text,true,,538,336,200,200,https://compumuebles-sabana-api.cyk.com.co/api/auth/login,14569,0,0
1781509442283,14575,Ingreso Usuario,200,OK,Ingreso-usuarios-muebles 1-14,text,true,,538,336,200,200,https://compumuebles-sabana-api.cyk.com.co/api/auth/login,14575,0,0
1781509442295,14565,Ingreso Usuario,200,OK,Ingreso-usuarios-muebles 1-110,text,true,,538,336,200,200,https://compumuebles-sabana-api.cyk.com.co/api/auth/login,14565,0,0
1781509442295,14572,Ingreso Usuario,200,OK,Ingreso-usuarios-muebles 1-129,text,true,,538,336,200,200,https://compumuebles-sabana-api.cyk.com.co/api/auth/login,14572,0,0
1781509442297,14572,Ingreso Usuario,200,OK,Ingreso-usuarios-muebles 1-107,text,true,,538,336,200,200,https://compumuebles-sabana-api.cyk.com.co/api/auth/login,14572,0,0
1781509442305,14571,Ingreso Usuario,200,OK,Ingreso-usuarios-muebles 1-164,text,true,,538,336,200,200,https://compumuebles-sabana-api.cyk.com.co/api/auth/login,14571,0,0
1781509442306,14571,Ingreso Usuario,200,OK,Ingreso-usuarios-muebles 1-142,text,true,,538,336,200,200,https://compumuebles-sabana-api.cyk.com.co/api/auth/login,14571,0,0
1781509444721,14812,Ingreso Usuario,200,OK,Ingreso-usuarios-muebles 1-44,text,true,,538,336,200,200,https://compumuebles-sabana-api.cyk.com.co/api/auth/login,14812,0,0
1781509444721,14816,Ingreso Usuario,200,OK,Ingreso-usuarios-muebles 1-169,text,true,,538,336,200,200,https://compumuebles-sabana-api.cyk.com.co/api/auth/login,14816,0,0
1781509444728,14811,Ingreso Usuario,200,OK,Ingreso-usuarios-muebles 1-10,text,true,,538,336,200,200,https://compumuebles-sabana-api.cyk.com.co/api/auth/login,14811,0,0
1781509444737,14803,Ingreso Usuario,200,OK,Ingreso-usuarios-muebles 1-185,text,true,,538,336,200,200,https://compumuebles-sabana-api.cyk.com.co/api/auth/login,14803,0,0
1781509444732,14808,Ingreso Usuario,200,OK,Ingreso-usuarios-muebles 1-137,text,true,,538,336,200,200,https://compumuebles-sabana-api.cyk.com.co/api/auth/login,14808,0,0
1781509444779,14764,Ingreso Usuario,200,OK,Ingreso-usuarios-muebles 1-120,text,true,,538,336,200,200,https://compumuebles-sabana-api.cyk.com.co/api/auth/login,14764,0,0
1781509444784,14760,Ingreso Usuario,200,OK,Ingreso-usuarios-muebles 1-49,text,true,,538,336,200,200,https://compumuebles-sabana-api.cyk.com.co/api/auth/login,14760,0,0
1781509444778,14767,Ingreso Usuario,200,OK,Ingreso-usuarios-muebles 1-47,text,true,,538,336,200,200,https://compumuebles-sabana-api.cyk.com.co/api/auth/login,14767,0,0
1781509444780,14768,Ingreso Usuario,200,OK,Ingreso-usuarios-muebles 1-191,text,true,,538,336,200,200,https://compumuebles-sabana-api.cyk.com.co/api/auth/login,14768,0,0
1781509444780,14770,Ingreso Usuario,200,OK,Ingreso-usuarios-muebles 1-23,text,true,,538,336,200,200,https://compumuebles-sabana-api.cyk.com.co/api/auth/login,14770,0,0
1781509444788,14767,Ingreso Usuario,200,OK,Ingreso-usuarios-muebles 1-200,text,true,,538,336,200,200,https://compumuebles-sabana-api.cyk.com.co/api/auth/login,14767,0,0
1781509444780,14775,Ingreso Usuario,200,OK,Ingreso-usuarios-muebles 1-190,text,true,,538,336,200,200,https://compumuebles-sabana-api.cyk.com.co/api/auth/login,14775,0,0
1781509444780,14777,Ingreso Usuario,200,OK,Ingreso-usuarios-muebles 1-153,text,true,,538,336,200,200,https://compumuebles-sabana-api.cyk.com.co/api/auth/login,14777,0,0
1781509444780,14778,Ingreso Usuario,200,OK,Ingreso-usuarios-muebles 1-170,text,true,,538,336,200,200,https://compumuebles-sabana-api.cyk.com.co/api/auth/login,14778,0,0
1781509444786,14775,Ingreso Usuario,200,OK,Ingreso-usuarios-muebles 1-39,text,true,,538,336,200,200,https://compumuebles-sabana-api.cyk.com.co/api/auth/login,14775,0,0
1781509444784,14784,Ingreso Usuario,200,OK,Ingreso-usuarios-muebles 1-18,text,true,,538,336,200,200,https://compumuebles-sabana-api.cyk.com.co/api/auth/login,14784,0,0
1781509444805,14765,Ingreso Usuario,200,OK,Ingreso-usuarios-muebles 1-86,text,true,,538,336,200,200,https://compumuebles-sabana-api.cyk.com.co/api/auth/login,14765,0,0
1781509444804,14769,Ingreso Usuario,200,OK,Ingreso-usuarios-muebles 1-50,text,true,,538,336,200,200,https://compumuebles-sabana-api.cyk.com.co/api/auth/login,14769,0,0
1781509444851,14723,Ingreso Usuario,200,OK,Ingreso-usuarios-muebles 1-54,text,true,,538,336,200,200,https://compumuebles-sabana-api.cyk.com.co/api/auth/login,14723,0,0
1781509444851,14724,Ingreso Usuario,200,OK,Ingreso-usuarios-muebles 1-29,text,true,,538,336,200,200,https://compumuebles-sabana-api.cyk.com.co/api/auth/login,14724,0,0
1781509444851,14725,Ingreso Usuario,200,OK,Ingreso-usuarios-muebles 1-84,text,true,,538,336,200,200,https://compumuebles-sabana-api.cyk.com.co/api/auth/login,14725,0,0
1781509444851,14725,Ingreso Usuario,200,OK,Ingreso-usuarios-muebles 1-157,text,true,,538,336,200,200,https://compumuebles-sabana-api.cyk.com.co/api/auth/login,14725,0,0
1781509444851,14728,Ingreso Usuario,200,OK,Ingreso-usuarios-muebles 1-8,text,true,,538,336,200,200,https://compumuebles-sabana-api.cyk.com.co/api/auth/login,14728,0,0
1781509444851,14730,Ingreso Usuario,200,OK,Ingreso-usuarios-muebles 1-101,text,true,,538,336,200,200,https://compumuebles-sabana-api.cyk.com.co/api/auth/login,14730,0,0
1781509444859,14724,Ingreso Usuario,200,OK,Ingreso-usuarios-muebles 1-62,text,true,,538,336,200,200,https://compumuebles-sabana-api.cyk.com.co/api/auth/login,14724,0,0
1781509444851,14735,Ingreso Usuario,200,OK,Ingreso-usuarios-muebles 1-196,text,true,,538,336,200,200,https://compumuebles-sabana-api.cyk.com.co/api/auth/login,14735,0,0
1781509444853,14736,Ingreso Usuario,200,OK,Ingreso-usuarios-muebles 1-175,text,true,,538,336,200,200,https://compumuebles-sabana-api.cyk.com.co/api/auth/login,14736,0,0
1781509444851,14738,Ingreso Usuario,200,OK,Ingreso-usuarios-muebles 1-160,text,true,,538,336,200,200,https://compumuebles-sabana-api.cyk.com.co/api/auth/login,14738,0,0
1781509444870,14720,Ingreso Usuario,200,OK,Ingreso-usuarios-muebles 1-119,text,true,,538,336,200,200,https://compumuebles-sabana-api.cyk.com.co/api/auth/login,14720,0,0
1781509444851,14742,Ingreso Usuario,200,OK,Ingreso-usuarios-muebles 1-61,text,true,,538,336,200,200,https://compumuebles-sabana-api.cyk.com.co/api/auth/login,14742,0,0
1781509444870,14725,Ingreso Usuario,200,OK,Ingreso-usuarios-muebles 1-78,text,true,,538,336,200,200,https://compumuebles-sabana-api.cyk.com.co/api/auth/login,14725,0,0
1781509444866,14733,Ingreso Usuario,200,OK,Ingreso-usuarios-muebles 1-85,text,true,,538,336,200,200,https://compumuebles-sabana-api.cyk.com.co/api/auth/login,14733,0,0
1781509444922,14680,Ingreso Usuario,200,OK,Ingreso-usuarios-muebles 1-152,text,true,,538,336,200,200,https://compumuebles-sabana-api.cyk.com.co/api/auth/login,14680,0,0
1781509444924,14680,Ingreso Usuario,200,OK,Ingreso-usuarios-muebles 1-197,text,true,,538,336,200,200,https://compumuebles-sabana-api.cyk.com.co/api/auth/login,14680,0,0
1781509444924,14682,Ingreso Usuario,200,OK,Ingreso-usuarios-muebles 1-94,text,true,,538,336,200,200,https://compumuebles-sabana-api.cyk.com.co/api/auth/login,14682,0,0
1781509444924,14683,Ingreso Usuario,200,OK,Ingreso-usuarios-muebles 1-161,text,true,,538,336,200,200,https://compumuebles-sabana-api.cyk.com.co/api/auth/login,14683,0,0
1781509444924,14683,Ingreso Usuario,200,OK,Ingreso-usuarios-muebles 1-165,text,true,,538,336,200,200,https://compumuebles-sabana-api.cyk.com.co/api/auth/login,14683,0,0
1781509444924,14689,Ingreso Usuario,200,OK,Ingreso-usuarios-muebles 1-79,text,true,,538,336,200,200,https://compumuebles-sabana-api.cyk.com.co/api/auth/login,14689,0,0
1781509444780,14855,Ingreso Usuario,200,OK,Ingreso-usuarios-muebles 1-58,text,true,,538,336,200,200,https://compumuebles-sabana-api.cyk.com.co/api/auth/login,14855,0,0
1781509444786,14851,Ingreso Usuario,200,OK,Ingreso-usuarios-muebles 1-105,text,true,,538,336,200,200,https://compumuebles-sabana-api.cyk.com.co/api/auth/login,14851,0,0
1781509444780,14858,Ingreso Usuario,200,OK,Ingreso-usuarios-muebles 1-12,text,true,,538,336,200,200,https://compumuebles-sabana-api.cyk.com.co/api/auth/login,14858,0,0
1781509444778,14860,Ingreso Usuario,200,OK,Ingreso-usuarios-muebles 1-36,text,true,,538,336,200,200,https://compumuebles-sabana-api.cyk.com.co/api/auth/login,14860,0,0
1781509444790,14850,Ingreso Usuario,200,OK,Ingreso-usuarios-muebles 1-83,text,true,,538,336,200,200,https://compumuebles-sabana-api.cyk.com.co/api/auth/login,14850,0,0
1781509444785,14856,Ingreso Usuario,200,OK,Ingreso-usuarios-muebles 1-102,text,true,,538,336,200,200,https://compumuebles-sabana-api.cyk.com.co/api/auth/login,14856,0,0
1781509444780,14861,Ingreso Usuario,200,OK,Ingreso-usuarios-muebles 1-180,text,true,,538,336,200,200,https://compumuebles-sabana-api.cyk.com.co/api/auth/login,14861,0,0
1781509444737,14907,Ingreso Usuario,200,OK,Ingreso-usuarios-muebles 1-145,text,true,,538,336,200,200,https://compumuebles-sabana-api.cyk.com.co/api/auth/login,14907,0,0
1781509444737,14907,Ingreso Usuario,200,OK,Ingreso-usuarios-muebles 1-131,text,true,,538,336,200,200,https://compumuebles-sabana-api.cyk.com.co/api/auth/login,14907,0,0
1781509444735,14909,Ingreso Usuario,200,OK,Ingreso-usuarios-muebles 1-3,text,true,,538,336,200,200,https://compumuebles-sabana-api.cyk.com.co/api/auth/login,14909,0,0
1781509444723,14922,Ingreso Usuario,200,OK,Ingreso-usuarios-muebles 1-98,text,true,,538,336,200,200,https://compumuebles-sabana-api.cyk.com.co/api/auth/login,14922,0,0
1781509444780,14867,Ingreso Usuario,200,OK,Ingreso-usuarios-muebles 1-124,text,true,,538,336,200,200,https://compumuebles-sabana-api.cyk.com.co/api/auth/login,14867,0,0
1781509444780,14870,Ingreso Usuario,200,OK,Ingreso-usuarios-muebles 1-199,text,true,,538,336,200,200,https://compumuebles-sabana-api.cyk.com.co/api/auth/login,14870,0,0
1781509444780,14881,Ingreso Usuario,200,OK,Ingreso-usuarios-muebles 1-103,text,true,,538,336,200,200,https://compumuebles-sabana-api.cyk.com.co/api/auth/login,14881,0,0
1781509444780,14882,Ingreso Usuario,200,OK,Ingreso-usuarios-muebles 1-95,text,true,,538,336,200,200,https://compumuebles-sabana-api.cyk.com.co/api/auth/login,14882,0,0
1781509444796,14868,Ingreso Usuario,200,OK,Ingreso-usuarios-muebles 1-13,text,true,,538,336,200,200,https://compumuebles-sabana-api.cyk.com.co/api/auth/login,14868,0,0
1781509444851,14820,Ingreso Usuario,200,OK,Ingreso-usuarios-muebles 1-64,text,true,,538,336,200,200,https://compumuebles-sabana-api.cyk.com.co/api/auth/login,14820,0,0
1781509444861,14813,Ingreso Usuario,200,OK,Ingreso-usuarios-muebles 1-17,text,true,,538,336,200,200,https://compumuebles-sabana-api.cyk.com.co/api/auth/login,14813,0,0
1781509444851,14824,Ingreso Usuario,200,OK,Ingreso-usuarios-muebles 1-77,text,true,,538,336,200,200,https://compumuebles-sabana-api.cyk.com.co/api/auth/login,14824,0,0
1781509444851,14824,Ingreso Usuario,200,OK,Ingreso-usuarios-muebles 1-179,text,true,,538,336,200,200,https://compumuebles-sabana-api.cyk.com.co/api/auth/login,14824,0,0
1781509444851,14827,Ingreso Usuario,200,OK,Ingreso-usuarios-muebles 1-127,text,true,,538,336,200,200,https://compumuebles-sabana-api.cyk.com.co/api/auth/login,14827,0,0
1781509444851,14837,Ingreso Usuario,200,OK,Ingreso-usuarios-muebles 1-118,text,true,,538,336,200,200,https://compumuebles-sabana-api.cyk.com.co/api/auth/login,14837,0,0
1781509444851,14839,Ingreso Usuario,200,OK,Ingreso-usuarios-muebles 1-90,text,true,,538,336,200,200,https://compumuebles-sabana-api.cyk.com.co/api/auth/login,14839,0,0
1781509444851,14839,Ingreso Usuario,200,OK,Ingreso-usuarios-muebles 1-67,text,true,,538,336,200,200,https://compumuebles-sabana-api.cyk.com.co/api/auth/login,14839,0,0
1781509444851,14840,Ingreso Usuario,200,OK,Ingreso-usuarios-muebles 1-52,text,true,,538,336,200,200,https://compumuebles-sabana-api.cyk.com.co/api/auth/login,14840,0,0
1781509444850,14844,Ingreso Usuario,200,OK,Ingreso-usuarios-muebles 1-186,text,true,,538,336,200,200,https://compumuebles-sabana-api.cyk.com.co/api/auth/login,14844,0,0
1781509444851,14855,Ingreso Usuario,200,OK,Ingreso-usuarios-muebles 1-183,text,true,,538,336,200,200,https://compumuebles-sabana-api.cyk.com.co/api/auth/login,14855,0,0
1781509444854,14854,Ingreso Usuario,200,OK,Ingreso-usuarios-muebles 1-136,text,true,,538,336,200,200,https://compumuebles-sabana-api.cyk.com.co/api/auth/login,14854,0,0
1781509444858,14851,Ingreso Usuario,200,OK,Ingreso-usuarios-muebles 1-76,text,true,,538,336,200,200,https://compumuebles-sabana-api.cyk.com.co/api/auth/login,14851,0,0
1781509444851,14858,Ingreso Usuario,200,OK,Ingreso-usuarios-muebles 1-35,text,true,,538,336,200,200,https://compumuebles-sabana-api.cyk.com.co/api/auth/login,14858,0,0
1781509444850,14897,Ingreso Usuario,200,OK,Ingreso-usuarios-muebles 1-117,text,true,,538,336,200,200,https://compumuebles-sabana-api.cyk.com.co/api/auth/login,14897,0,0
1781509444922,14835,Ingreso Usuario,200,OK,Ingreso-usuarios-muebles 1-112,text,true,,538,336,200,200,https://compumuebles-sabana-api.cyk.com.co/api/auth/login,14835,0,0
1781509444924,14853,Ingreso Usuario,200,OK,Ingreso-usuarios-muebles 1-93,text,true,,538,336,200,200,https://compumuebles-sabana-api.cyk.com.co/api/auth/login,14853,0,0
1781509444924,14856,Ingreso Usuario,200,OK,Ingreso-usuarios-muebles 1-92,text,true,,538,336,200,200,https://compumuebles-sabana-api.cyk.com.co/api/auth/login,14856,0,0
1781509444924,14863,Ingreso Usuario,200,OK,Ingreso-usuarios-muebles 1-72,text,true,,538,336,200,200,https://compumuebles-sabana-api.cyk.com.co/api/auth/login,14863,0,0
1781509444924,14873,Ingreso Usuario,200,OK,Ingreso-usuarios-muebles 1-173,text,true,,538,336,200,200,https://compumuebles-sabana-api.cyk.com.co/api/auth/login,14873,0,0
1781509444924,14874,Ingreso Usuario,200,OK,Ingreso-usuarios-muebles 1-167,text,true,,538,336,200,200,https://compumuebles-sabana-api.cyk.com.co/api/auth/login,14874,0,0
1781509444924,14878,Ingreso Usuario,200,OK,Ingreso-usuarios-muebles 1-33,text,true,,538,336,200,200,https://compumuebles-sabana-api.cyk.com.co/api/auth/login,14878,0,0
1781509444924,14881,Ingreso Usuario,200,OK,Ingreso-usuarios-muebles 1-192,text,true,,538,336,200,200,https://compumuebles-sabana-api.cyk.com.co/api/auth/login,14881,0,0
1781509444924,14883,Ingreso Usuario,200,OK,Ingreso-usuarios-muebles 1-150,text,true,,538,336,200,200,https://compumuebles-sabana-api.cyk.com.co/api/auth/login,14883,0,0
1781509444936,14877,Ingreso Usuario,200,OK,Ingreso-usuarios-muebles 1-11,text,true,,538,336,200,200,https://compumuebles-sabana-api.cyk.com.co/api/auth/login,14877,0,0
1781509450224,14417,Ingreso Usuario,200,OK,Ingreso-usuarios-muebles 1-132,text,true,,538,336,200,200,https://compumuebles-sabana-api.cyk.com.co/api/auth/login,14417,0,0
1781509450222,14423,Ingreso Usuario,200,OK,Ingreso-usuarios-muebles 1-149,text,true,,538,336,200,200,https://compumuebles-sabana-api.cyk.com.co/api/auth/login,14423,0,0
1781509450230,14420,Ingreso Usuario,200,OK,Ingreso-usuarios-muebles 1-20,text,true,,538,336,200,200,https://compumuebles-sabana-api.cyk.com.co/api/auth/login,14420,0,0
1781509450226,14429,Ingreso Usuario,200,OK,Ingreso-usuarios-muebles 1-193,text,true,,538,336,200,200,https://compumuebles-sabana-api.cyk.com.co/api/auth/login,14429,0,0
1781509450226,14432,Ingreso Usuario,200,OK,Ingreso-usuarios-muebles 1-138,text,true,,538,336,200,200,https://compumuebles-sabana-api.cyk.com.co/api/auth/login,14432,0,0
1781509450231,14430,Ingreso Usuario,200,OK,Ingreso-usuarios-muebles 1-125,text,true,,538,336,200,200,https://compumuebles-sabana-api.cyk.com.co/api/auth/login,14430,0,0
1781509450240,14434,Ingreso Usuario,200,OK,Ingreso-usuarios-muebles 1-188,text,true,,538,336,200,200,https://compumuebles-sabana-api.cyk.com.co/api/auth/login,14434,0,0
1781509450229,14445,Ingreso Usuario,200,OK,Ingreso-usuarios-muebles 1-7,text,true,,538,336,200,200,https://compumuebles-sabana-api.cyk.com.co/api/auth/login,14445,0,0
1781509450231,14444,Ingreso Usuario,200,OK,Ingreso-usuarios-muebles 1-126,text,true,,538,336,200,200,https://compumuebles-sabana-api.cyk.com.co/api/auth/login,14444,0,0
1781509450248,14427,Ingreso Usuario,200,OK,Ingreso-usuarios-muebles 1-65,text,true,,538,336,200,200,https://compumuebles-sabana-api.cyk.com.co/api/auth/login,14427,0,0
1781509450248,14431,Ingreso Usuario,200,OK,Ingreso-usuarios-muebles 1-166,text,true,,538,336,200,200,https://compumuebles-sabana-api.cyk.com.co/api/auth/login,14431,0,0
1781509450243,14441,Ingreso Usuario,200,OK,Ingreso-usuarios-muebles 1-182,text,true,,538,336,200,200,https://compumuebles-sabana-api.cyk.com.co/api/auth/login,14441,0,0
1781509450251,14437,Ingreso Usuario,200,OK,Ingreso-usuarios-muebles 1-71,text,true,,538,336,200,200,https://compumuebles-sabana-api.cyk.com.co/api/auth/login,14437,0,0
1781509450248,14443,Ingreso Usuario,200,OK,Ingreso-usuarios-muebles 1-89,text,true,,538,336,200,200,https://compumuebles-sabana-api.cyk.com.co/api/auth/login,14443,0,0
1781509450253,14440,Ingreso Usuario,200,OK,Ingreso-usuarios-muebles 1-4,text,true,,538,336,200,200,https://compumuebles-sabana-api.cyk.com.co/api/auth/login,14440,0,0
1781509450252,14446,Ingreso Usuario,200,OK,Ingreso-usuarios-muebles 1-41,text,true,,538,336,200,200,https://compumuebles-sabana-api.cyk.com.co/api/auth/login,14446,0,0
1781509450249,14453,Ingreso Usuario,200,OK,Ingreso-usuarios-muebles 1-55,text,true,,538,336,200,200,https://compumuebles-sabana-api.cyk.com.co/api/auth/login,14453,0,0
1781509450252,14452,Ingreso Usuario,200,OK,Ingreso-usuarios-muebles 1-121,text,true,,538,336,200,200,https://compumuebles-sabana-api.cyk.com.co/api/auth/login,14452,0,0
1781509450263,14441,Ingreso Usuario,200,OK,Ingreso-usuarios-muebles 1-56,text,true,,538,336,200,200,https://compumuebles-sabana-api.cyk.com.co/api/auth/login,14441,0,0
1781509450261,14450,Ingreso Usuario,200,OK,Ingreso-usuarios-muebles 1-60,text,true,,538,336,200,200,https://compumuebles-sabana-api.cyk.com.co/api/auth/login,14450,0,0
1781509450264,14451,Ingreso Usuario,200,OK,Ingreso-usuarios-muebles 1-106,text,true,,538,336,200,200,https://compumuebles-sabana-api.cyk.com.co/api/auth/login,14451,0,0
1781509450265,14455,Ingreso Usuario,200,OK,Ingreso-usuarios-muebles 1-144,text,true,,538,336,200,200,https://compumuebles-sabana-api.cyk.com.co/api/auth/login,14455,0,0
1781509450267,14457,Ingreso Usuario,200,OK,Ingreso-usuarios-muebles 1-168,text,true,,538,336,200,200,https://compumuebles-sabana-api.cyk.com.co/api/auth/login,14457,0,0
1781509450265,14467,Ingreso Usuario,200,OK,Ingreso-usuarios-muebles 1-162,text,true,,538,336,200,200,https://compumuebles-sabana-api.cyk.com.co/api/auth/login,14467,0,0
1781509450269,14466,Ingreso Usuario,200,OK,Ingreso-usuarios-muebles 1-104,text,true,,538,336,200,200,https://compumuebles-sabana-api.cyk.com.co/api/auth/login,14466,0,0
1781509450277,14458,Ingreso Usuario,200,OK,Ingreso-usuarios-muebles 1-187,text,true,,538,336,200,200,https://compumuebles-sabana-api.cyk.com.co/api/auth/login,14458,0,0
1781509450275,14461,Ingreso Usuario,200,OK,Ingreso-usuarios-muebles 1-26,text,true,,538,336,200,200,https://compumuebles-sabana-api.cyk.com.co/api/auth/login,14461,0,0
1781509450278,14460,Ingreso Usuario,200,OK,Ingreso-usuarios-muebles 1-22,text,true,,538,336,200,200,https://compumuebles-sabana-api.cyk.com.co/api/auth/login,14460,0,0
1781509450274,14464,Ingreso Usuario,200,OK,Ingreso-usuarios-muebles 1-46,text,true,,538,336,200,200,https://compumuebles-sabana-api.cyk.com.co/api/auth/login,14464,0,0
1781509450278,14461,Ingreso Usuario,200,OK,Ingreso-usuarios-muebles 1-69,text,true,,538,336,200,200,https://compumuebles-sabana-api.cyk.com.co/api/auth/login,14461,0,0
1781509450288,14458,Ingreso Usuario,200,OK,Ingreso-usuarios-muebles 1-140,text,true,,538,336,200,200,https://compumuebles-sabana-api.cyk.com.co/api/auth/login,14458,0,0
1781509450290,14460,Ingreso Usuario,200,OK,Ingreso-usuarios-muebles 1-135,text,true,,538,336,200,200,https://compumuebles-sabana-api.cyk.com.co/api/auth/login,14460,0,0
1781509450281,14469,Ingreso Usuario,200,OK,Ingreso-usuarios-muebles 1-156,text,true,,538,336,200,200,https://compumuebles-sabana-api.cyk.com.co/api/auth/login,14469,0,0
1781509450283,14468,Ingreso Usuario,200,OK,Ingreso-usuarios-muebles 1-184,text,true,,538,336,200,200,https://compumuebles-sabana-api.cyk.com.co/api/auth/login,14468,0,0
1781509450292,14477,Ingreso Usuario,200,OK,Ingreso-usuarios-muebles 1-70,text,true,,538,336,200,200,https://compumuebles-sabana-api.cyk.com.co/api/auth/login,14477,0,0
1781509450355,14421,Ingreso Usuario,200,OK,Ingreso-usuarios-muebles 1-113,text,true,,538,336,200,200,https://compumuebles-sabana-api.cyk.com.co/api/auth/login,14421,0,0
1781509450355,14421,Ingreso Usuario,200,OK,Ingreso-usuarios-muebles 1-42,text,true,,538,336,200,200,https://compumuebles-sabana-api.cyk.com.co/api/auth/login,14421,0,0
1781509451170,14649,Ingreso Usuario,200,OK,Ingreso-usuarios-muebles 1-43,text,true,,538,336,200,200,https://compumuebles-sabana-api.cyk.com.co/api/auth/login,14649,0,0
1781509451179,14642,Ingreso Usuario,200,OK,Ingreso-usuarios-muebles 1-134,text,true,,538,336,200,200,https://compumuebles-sabana-api.cyk.com.co/api/auth/login,14642,0,0
1781509451184,14638,Ingreso Usuario,200,OK,Ingreso-usuarios-muebles 1-163,text,true,,538,336,200,200,https://compumuebles-sabana-api.cyk.com.co/api/auth/login,14638,0,0
1781509451207,14622,Ingreso Usuario,200,OK,Ingreso-usuarios-muebles 1-143,text,true,,538,336,200,200,https://compumuebles-sabana-api.cyk.com.co/api/auth/login,14622,0,0
1781509451202,14628,Ingreso Usuario,200,OK,Ingreso-usuarios-muebles 1-111,text,true,,538,336,200,200,https://compumuebles-sabana-api.cyk.com.co/api/auth/login,14628,0,0
1781509451199,14632,Ingreso Usuario,200,OK,Ingreso-usuarios-muebles 1-53,text,true,,538,336,200,200,https://compumuebles-sabana-api.cyk.com.co/api/auth/login,14632,0,0
1781509451188,14644,Ingreso Usuario,200,OK,Ingreso-usuarios-muebles 1-172,text,true,,538,336,200,200,https://compumuebles-sabana-api.cyk.com.co/api/auth/login,14644,0,0
1781509451214,14620,Ingreso Usuario,200,OK,Ingreso-usuarios-muebles 1-82,text,true,,538,336,200,200,https://compumuebles-sabana-api.cyk.com.co/api/auth/login,14620,0,0
1781509451221,14613,Ingreso Usuario,200,OK,Ingreso-usuarios-muebles 1-109,text,true,,538,336,200,200,https://compumuebles-sabana-api.cyk.com.co/api/auth/login,14613,0,0
1781509451226,14610,Ingreso Usuario,200,OK,Ingreso-usuarios-muebles 1-177,text,true,,538,336,200,200,https://compumuebles-sabana-api.cyk.com.co/api/auth/login,14610,0,0
1781509451224,14612,Ingreso Usuario,200,OK,Ingreso-usuarios-muebles 1-139,text,true,,538,336,200,200,https://compumuebles-sabana-api.cyk.com.co/api/auth/login,14612,0,0
1781509451236,14601,Ingreso Usuario,200,OK,Ingreso-usuarios-muebles 1-171,text,true,,538,336,200,200,https://compumuebles-sabana-api.cyk.com.co/api/auth/login,14601,0,0
1781509451227,14611,Ingreso Usuario,200,OK,Ingreso-usuarios-muebles 1-195,text,true,,538,336,200,200,https://compumuebles-sabana-api.cyk.com.co/api/auth/login,14611,0,0
1781509451232,14609,Ingreso Usuario,200,OK,Ingreso-usuarios-muebles 1-151,text,true,,538,336,200,200,https://compumuebles-sabana-api.cyk.com.co/api/auth/login,14609,0,0
1781509451230,14614,Ingreso Usuario,200,OK,Ingreso-usuarios-muebles 1-116,text,true,,538,336,200,200,https://compumuebles-sabana-api.cyk.com.co/api/auth/login,14614,0,0
1781509451230,14615,Ingreso Usuario,200,OK,Ingreso-usuarios-muebles 1-1,text,true,,538,336,200,200,https://compumuebles-sabana-api.cyk.com.co/api/auth/login,14615,0,0
1781509451238,14612,Ingreso Usuario,200,OK,Ingreso-usuarios-muebles 1-81,text,true,,538,336,200,200,https://compumuebles-sabana-api.cyk.com.co/api/auth/login,14612,0,0
1781509451233,14625,Ingreso Usuario,200,OK,Ingreso-usuarios-muebles 1-198,text,true,,538,336,200,200,https://compumuebles-sabana-api.cyk.com.co/api/auth/login,14625,0,0
1781509451251,14611,Ingreso Usuario,200,OK,Ingreso-usuarios-muebles 1-91,text,true,,538,336,200,200,https://compumuebles-sabana-api.cyk.com.co/api/auth/login,14611,0,0
1781509451248,14614,Ingreso Usuario,200,OK,Ingreso-usuarios-muebles 1-73,text,true,,538,336,200,200,https://compumuebles-sabana-api.cyk.com.co/api/auth/login,14614,0,0
1781509451250,14615,Ingreso Usuario,200,OK,Ingreso-usuarios-muebles 1-87,text,true,,538,336,200,200,https://compumuebles-sabana-api.cyk.com.co/api/auth/login,14615,0,0
1781509451243,14623,Ingreso Usuario,200,OK,Ingreso-usuarios-muebles 1-24,text,true,,538,336,200,200,https://compumuebles-sabana-api.cyk.com.co/api/auth/login,14623,0,0
1781509451248,14620,Ingreso Usuario,200,OK,Ingreso-usuarios-muebles 1-66,text,true,,538,336,200,200,https://compumuebles-sabana-api.cyk.com.co/api/auth/login,14620,0,0
1781509451252,14616,Ingreso Usuario,200,OK,Ingreso-usuarios-muebles 1-2,text,true,,538,336,200,200,https://compumuebles-sabana-api.cyk.com.co/api/auth/login,14616,0,0
1781509451248,14623,Ingreso Usuario,200,OK,Ingreso-usuarios-muebles 1-108,text,true,,538,336,200,200,https://compumuebles-sabana-api.cyk.com.co/api/auth/login,14623,0,0
1781509451249,14622,Ingreso Usuario,200,OK,Ingreso-usuarios-muebles 1-15,text,true,,538,336,200,200,https://compumuebles-sabana-api.cyk.com.co/api/auth/login,14622,0,0
1781509451259,14612,Ingreso Usuario,200,OK,Ingreso-usuarios-muebles 1-97,text,true,,538,336,200,200,https://compumuebles-sabana-api.cyk.com.co/api/auth/login,14612,0,0
1781509451275,14597,Ingreso Usuario,200,OK,Ingreso-usuarios-muebles 1-21,text,true,,538,336,200,200,https://compumuebles-sabana-api.cyk.com.co/api/auth/login,14597,0,0
1781509451265,14609,Ingreso Usuario,200,OK,Ingreso-usuarios-muebles 1-45,text,true,,538,336,200,200,https://compumuebles-sabana-api.cyk.com.co/api/auth/login,14609,0,0
1781509451274,14601,Ingreso Usuario,200,OK,Ingreso-usuarios-muebles 1-100,text,true,,538,336,200,200,https://compumuebles-sabana-api.cyk.com.co/api/auth/login,14601,0,0
1781509451274,14604,Ingreso Usuario,200,OK,Ingreso-usuarios-muebles 1-133,text,true,,538,336,200,200,https://compumuebles-sabana-api.cyk.com.co/api/auth/login,14604,0,0
1781509451278,14602,Ingreso Usuario,200,OK,Ingreso-usuarios-muebles 1-178,text,true,,538,336,200,200,https://compumuebles-sabana-api.cyk.com.co/api/auth/login,14602,0,0
1781509451278,14606,Ingreso Usuario,200,OK,Ingreso-usuarios-muebles 1-40,text,true,,538,336,200,200,https://compumuebles-sabana-api.cyk.com.co/api/auth/login,14606,0,0
1781509451374,14512,Ingreso Usuario,200,OK,Ingreso-usuarios-muebles 1-32,text,true,,538,336,200,200,https://compumuebles-sabana-api.cyk.com.co/api/auth/login,14512,0,0
1781509451374,14522,Ingreso Usuario,200,OK,Ingreso-usuarios-muebles 1-30,text,true,,538,336,200,200,https://compumuebles-sabana-api.cyk.com.co/api/auth/login,14522,0,0
1781509451294,14602,Ingreso Usuario,200,OK,Ingreso-usuarios-muebles 1-19,text,true,,538,336,200,200,https://compumuebles-sabana-api.cyk.com.co/api/auth/login,14602,0,0
1781509451375,14524,Ingreso Usuario,200,OK,Ingreso-usuarios-muebles 1-96,text,true,,538,336,200,200,https://compumuebles-sabana-api.cyk.com.co/api/auth/login,14524,0,0
1781509451374,14529,Ingreso Usuario,200,OK,Ingreso-usuarios-muebles 1-48,text,true,,538,336,200,200,https://compumuebles-sabana-api.cyk.com.co/api/auth/login,14529,0,0
1781509451374,14529,Ingreso Usuario,200,OK,Ingreso-usuarios-muebles 1-158,text,true,,538,336,200,200,https://compumuebles-sabana-api.cyk.com.co/api/auth/login,14529,0,0
1781509451375,14528,Ingreso Usuario,200,OK,Ingreso-usuarios-muebles 1-88,text,true,,538,336,200,200,https://compumuebles-sabana-api.cyk.com.co/api/auth/login,14528,0,0
1781509451374,14531,Ingreso Usuario,200,OK,Ingreso-usuarios-muebles 1-34,text,true,,538,336,200,200,https://compumuebles-sabana-api.cyk.com.co/api/auth/login,14531,0,0
1781509451374,14536,Ingreso Usuario,200,OK,Ingreso-usuarios-muebles 1-189,text,true,,538,336,200,200,https://compumuebles-sabana-api.cyk.com.co/api/auth/login,14536,0,0
1781509451375,14538,Ingreso Usuario,200,OK,Ingreso-usuarios-muebles 1-9,text,true,,538,336,200,200,https://compumuebles-sabana-api.cyk.com.co/api/auth/login,14538,0,0
1781509451375,14541,Ingreso Usuario,200,OK,Ingreso-usuarios-muebles 1-51,text,true,,538,336,200,200,https://compumuebles-sabana-api.cyk.com.co/api/auth/login,14541,0,0
1781509451375,14543,Ingreso Usuario,200,OK,Ingreso-usuarios-muebles 1-68,text,true,,538,336,200,200,https://compumuebles-sabana-api.cyk.com.co/api/auth/login,14543,0,0
1781509451375,14543,Ingreso Usuario,200,OK,Ingreso-usuarios-muebles 1-155,text,true,,538,336,200,200,https://compumuebles-sabana-api.cyk.com.co/api/auth/login,14543,0,0
1781509451375,14543,Ingreso Usuario,200,OK,Ingreso-usuarios-muebles 1-5,text,true,,538,336,200,200,https://compumuebles-sabana-api.cyk.com.co/api/auth/login,14543,0,0
1781509451172,14753,Ingreso Usuario,200,OK,Ingreso-usuarios-muebles 1-159,text,true,,538,336,200,200,https://compumuebles-sabana-api.cyk.com.co/api/auth/login,14753,0,0
1781509451182,14745,Ingreso Usuario,200,OK,Ingreso-usuarios-muebles 1-27,text,true,,538,336,200,200,https://compumuebles-sabana-api.cyk.com.co/api/auth/login,14745,0,0
1781509451205,14744,Ingreso Usuario,200,OK,Ingreso-usuarios-muebles 1-74,text,true,,538,336,200,200,https://compumuebles-sabana-api.cyk.com.co/api/auth/login,14744,0,0
1781509451187,14762,Ingreso Usuario,200,OK,Ingreso-usuarios-muebles 1-174,text,true,,538,336,200,200,https://compumuebles-sabana-api.cyk.com.co/api/auth/login,14762,0,0
1781509451196,14753,Ingreso Usuario,200,OK,Ingreso-usuarios-muebles 1-63,text,true,,538,336,200,200,https://compumuebles-sabana-api.cyk.com.co/api/auth/login,14753,0,0
1781509451190,14759,Ingreso Usuario,200,OK,Ingreso-usuarios-muebles 1-176,text,true,,538,336,200,200,https://compumuebles-sabana-api.cyk.com.co/api/auth/login,14759,0,0
1781509451214,14735,Ingreso Usuario,200,OK,Ingreso-usuarios-muebles 1-57,text,true,,538,336,200,200,https://compumuebles-sabana-api.cyk.com.co/api/auth/login,14735,0,0
1781509451212,14761,Ingreso Usuario,200,OK,Ingreso-usuarios-muebles 1-6,text,true,,538,336,200,200,https://compumuebles-sabana-api.cyk.com.co/api/auth/login,14761,0,0
1781509451375,14627,Ingreso Usuario,200,OK,Ingreso-usuarios-muebles 1-122,text,true,,538,336,200,200,https://compumuebles-sabana-api.cyk.com.co/api/auth/login,14627,0,0
1781509451375,14627,Ingreso Usuario,200,OK,Ingreso-usuarios-muebles 1-31,text,true,,538,336,200,200,https://compumuebles-sabana-api.cyk.com.co/api/auth/login,14627,0,0
1781509451217,14785,Ingreso Usuario,200,OK,Ingreso-usuarios-muebles 1-99,text,true,,538,336,200,200,https://compumuebles-sabana-api.cyk.com.co/api/auth/login,14785,0,0
1781509451181,14822,Ingreso Usuario,200,OK,Ingreso-usuarios-muebles 1-37,text,true,,538,336,200,200,https://compumuebles-sabana-api.cyk.com.co/api/auth/login,14822,0,0
1781509451375,14628,Ingreso Usuario,200,OK,Ingreso-usuarios-muebles 1-80,text,true,,538,336,200,200,https://compumuebles-sabana-api.cyk.com.co/api/auth/login,14628,0,0
1781509451189,14822,Ingreso Usuario,200,OK,Ingreso-usuarios-muebles 1-146,text,true,,538,336,200,200,https://compumuebles-sabana-api.cyk.com.co/api/auth/login,14822,0,0
1781509451184,14828,Ingreso Usuario,200,OK,Ingreso-usuarios-muebles 1-28,text,true,,538,336,200,200,https://compumuebles-sabana-api.cyk.com.co/api/auth/login,14828,0,0
1781509451196,14839,Ingreso Usuario,200,OK,Ingreso-usuarios-muebles 1-128,text,true,,538,336,200,200,https://compumuebles-sabana-api.cyk.com.co/api/auth/login,14839,0,0
1781509451211,14824,Ingreso Usuario,200,OK,Ingreso-usuarios-muebles 1-115,text,true,,538,336,200,200,https://compumuebles-sabana-api.cyk.com.co/api/auth/login,14824,0,0
1781509451196,14839,Ingreso Usuario,200,OK,Ingreso-usuarios-muebles 1-147,text,true,,538,336,200,200,https://compumuebles-sabana-api.cyk.com.co/api/auth/login,14839,0,0
1781509451210,14825,Ingreso Usuario,200,OK,Ingreso-usuarios-muebles 1-114,text,true,,538,336,200,200,https://compumuebles-sabana-api.cyk.com.co/api/auth/login,14825,0,0
1781509451375,14693,Ingreso Usuario,200,OK,Ingreso-usuarios-muebles 1-38,text,true,,538,336,200,200,https://compumuebles-sabana-api.cyk.com.co/api/auth/login,14693,0,0
1781509451375,14693,Ingreso Usuario,200,OK,Ingreso-usuarios-muebles 1-148,text,true,,538,336,200,200,https://compumuebles-sabana-api.cyk.com.co/api/auth/login,14693,0,0
1781509451375,14693,Ingreso Usuario,200,OK,Ingreso-usuarios-muebles 1-59,text,true,,538,336,200,200,https://compumuebles-sabana-api.cyk.com.co/api/auth/login,14693,0,0
1781509451221,14848,Ingreso Usuario,200,OK,Ingreso-usuarios-muebles 1-141,text,true,,538,336,200,200,https://compumuebles-sabana-api.cyk.com.co/api/auth/login,14848,0,0
1781509451375,14712,Ingreso Usuario,200,OK,Ingreso-usuarios-muebles 1-16,text,true,,538,336,200,200,https://compumuebles-sabana-api.cyk.com.co/api/auth/login,14712,0,0
1781509456849,14853,Ingreso Usuario,200,OK,Ingreso-usuarios-muebles 1-194,text,true,,538,336,200,200,https://compumuebles-sabana-api.cyk.com.co/api/auth/login,14853,0,0
1781509456850,14852,Ingreso Usuario,200,OK,Ingreso-usuarios-muebles 1-123,text,true,,538,336,200,200,https://compumuebles-sabana-api.cyk.com.co/api/auth/login,14852,0,0
1781509456852,14855,Ingreso Usuario,200,OK,Ingreso-usuarios-muebles 1-130,text,true,,538,336,200,200,https://compumuebles-sabana-api.cyk.com.co/api/auth/login,14855,0,0
1781509456852,14857,Ingreso Usuario,200,OK,Ingreso-usuarios-muebles 1-25,text,true,,538,336,200,200,https://compumuebles-sabana-api.cyk.com.co/api/auth/login,14857,0,0
1781509456857,14852,Ingreso Usuario,200,OK,Ingreso-usuarios-muebles 1-181,text,true,,538,336,200,200,https://compumuebles-sabana-api.cyk.com.co/api/auth/login,14852,0,0
1781509456858,14852,Ingreso Usuario,200,OK,Ingreso-usuarios-muebles 1-154,text,true,,538,336,200,200,https://compumuebles-sabana-api.cyk.com.co/api/auth/login,14852,0,0
1781509456870,14840,Ingreso Usuario,200,OK,Ingreso-usuarios-muebles 1-107,text,true,,538,336,200,200,https://compumuebles-sabana-api.cyk.com.co/api/auth/login,14840,0,0
1781509456868,14843,Ingreso Usuario,200,OK,Ingreso-usuarios-muebles 1-129,text,true,,538,336,200,200,https://compumuebles-sabana-api.cyk.com.co/api/auth/login,14843,0,0
1781509456861,14854,Ingreso Usuario,200,OK,Ingreso-usuarios-muebles 1-110,text,true,,538,336,200,200,https://compumuebles-sabana-api.cyk.com.co/api/auth/login,14854,0,0
1781509456858,14859,Ingreso Usuario,200,OK,Ingreso-usuarios-muebles 1-75,text,true,,538,336,200,200,https://compumuebles-sabana-api.cyk.com.co/api/auth/login,14859,0,0
1781509456859,14860,Ingreso Usuario,200,OK,Ingreso-usuarios-muebles 1-14,text,true,,538,336,200,200,https://compumuebles-sabana-api.cyk.com.co/api/auth/login,14860,0,0
1781509456878,14847,Ingreso Usuario,200,OK,Ingreso-usuarios-muebles 1-142,text,true,,538,336,200,200,https://compumuebles-sabana-api.cyk.com.co/api/auth/login,14847,0,0
1781509456877,14849,Ingreso Usuario,200,OK,Ingreso-usuarios-muebles 1-164,text,true,,538,336,200,200,https://compumuebles-sabana-api.cyk.com.co/api/auth/login,14849,0,0
1781509459534,14722,Ingreso Usuario,200,OK,Ingreso-usuarios-muebles 1-44,text,true,,538,336,200,200,https://compumuebles-sabana-api.cyk.com.co/api/auth/login,14722,0,0
1781509459541,14720,Ingreso Usuario,200,OK,Ingreso-usuarios-muebles 1-137,text,true,,538,336,200,200,https://compumuebles-sabana-api.cyk.com.co/api/auth/login,14720,0,0
1781509459538,14725,Ingreso Usuario,200,OK,Ingreso-usuarios-muebles 1-169,text,true,,538,336,200,200,https://compumuebles-sabana-api.cyk.com.co/api/auth/login,14725,0,0
1781509459540,14726,Ingreso Usuario,200,OK,Ingreso-usuarios-muebles 1-10,text,true,,538,336,200,200,https://compumuebles-sabana-api.cyk.com.co/api/auth/login,14726,0,0
1781509459559,14707,Ingreso Usuario,200,OK,Ingreso-usuarios-muebles 1-170,text,true,,538,336,200,200,https://compumuebles-sabana-api.cyk.com.co/api/auth/login,14707,0,0
1781509459549,14718,Ingreso Usuario,200,OK,Ingreso-usuarios-muebles 1-191,text,true,,538,336,200,200,https://compumuebles-sabana-api.cyk.com.co/api/auth/login,14718,0,0
1781509459556,14711,Ingreso Usuario,200,OK,Ingreso-usuarios-muebles 1-200,text,true,,538,336,200,200,https://compumuebles-sabana-api.cyk.com.co/api/auth/login,14711,0,0
1781509459545,14730,Ingreso Usuario,200,OK,Ingreso-usuarios-muebles 1-49,text,true,,538,336,200,200,https://compumuebles-sabana-api.cyk.com.co/api/auth/login,14730,0,0
1781509459556,14723,Ingreso Usuario,200,OK,Ingreso-usuarios-muebles 1-190,text,true,,538,336,200,200,https://compumuebles-sabana-api.cyk.com.co/api/auth/login,14723,0,0
1781509459574,14706,Ingreso Usuario,200,OK,Ingreso-usuarios-muebles 1-50,text,true,,538,336,200,200,https://compumuebles-sabana-api.cyk.com.co/api/auth/login,14706,0,0
1781509459582,14699,Ingreso Usuario,200,OK,Ingreso-usuarios-muebles 1-101,text,true,,538,336,200,200,https://compumuebles-sabana-api.cyk.com.co/api/auth/login,14699,0,0
1781509459587,14695,Ingreso Usuario,200,OK,Ingreso-usuarios-muebles 1-196,text,true,,538,336,200,200,https://compumuebles-sabana-api.cyk.com.co/api/auth/login,14695,0,0
1781509459575,14707,Ingreso Usuario,200,OK,Ingreso-usuarios-muebles 1-54,text,true,,538,336,200,200,https://compumuebles-sabana-api.cyk.com.co/api/auth/login,14707,0,0
1781509459576,14706,Ingreso Usuario,200,OK,Ingreso-usuarios-muebles 1-29,text,true,,538,336,200,200,https://compumuebles-sabana-api.cyk.com.co/api/auth/login,14706,0,0
1781509459591,14696,Ingreso Usuario,200,OK,Ingreso-usuarios-muebles 1-160,text,true,,538,336,200,200,https://compumuebles-sabana-api.cyk.com.co/api/auth/login,14696,0,0
1781509459591,14700,Ingreso Usuario,200,OK,Ingreso-usuarios-muebles 1-119,text,true,,538,336,200,200,https://compumuebles-sabana-api.cyk.com.co/api/auth/login,14700,0,0
1781509459590,14705,Ingreso Usuario,200,OK,Ingreso-usuarios-muebles 1-175,text,true,,538,336,200,200,https://compumuebles-sabana-api.cyk.com.co/api/auth/login,14705,0,0
1781509459605,14693,Ingreso Usuario,200,OK,Ingreso-usuarios-muebles 1-197,text,true,,538,336,200,200,https://compumuebles-sabana-api.cyk.com.co/api/auth/login,14693,0,0
1781509459608,14693,Ingreso Usuario,200,OK,Ingreso-usuarios-muebles 1-161,text,true,,538,336,200,200,https://compumuebles-sabana-api.cyk.com.co/api/auth/login,14693,0,0
1781509459614,14688,Ingreso Usuario,200,OK,Ingreso-usuarios-muebles 1-79,text,true,,538,336,200,200,https://compumuebles-sabana-api.cyk.com.co/api/auth/login,14688,0,0
1781509459639,14664,Ingreso Usuario,200,OK,Ingreso-usuarios-muebles 1-12,text,true,,538,336,200,200,https://compumuebles-sabana-api.cyk.com.co/api/auth/login,14664,0,0
1781509459645,14664,Ingreso Usuario,200,OK,Ingreso-usuarios-muebles 1-131,text,true,,538,336,200,200,https://compumuebles-sabana-api.cyk.com.co/api/auth/login,14664,0,0
1781509459642,14667,Ingreso Usuario,200,OK,Ingreso-usuarios-muebles 1-180,text,true,,538,336,200,200,https://compumuebles-sabana-api.cyk.com.co/api/auth/login,14667,0,0
1781509459646,14663,Ingreso Usuario,200,OK,Ingreso-usuarios-muebles 1-3,text,true,,538,336,200,200,https://compumuebles-sabana-api.cyk.com.co/api/auth/login,14663,0,0
1781509459639,14670,Ingreso Usuario,200,OK,Ingreso-usuarios-muebles 1-36,text,true,,538,336,200,200,https://compumuebles-sabana-api.cyk.com.co/api/auth/login,14670,0,0
1781509459651,14664,Ingreso Usuario,200,OK,Ingreso-usuarios-muebles 1-199,text,true,,538,336,200,200,https://compumuebles-sabana-api.cyk.com.co/api/auth/login,14664,0,0
1781509459666,14649,Ingreso Usuario,200,OK,Ingreso-usuarios-muebles 1-13,text,true,,538,336,200,200,https://compumuebles-sabana-api.cyk.com.co/api/auth/login,14649,0,0
1781509459663,14652,Ingreso Usuario,200,OK,Ingreso-usuarios-muebles 1-95,text,true,,538,336,200,200,https://compumuebles-sabana-api.cyk.com.co/api/auth/login,14652,0,0
1781509459689,14626,Ingreso Usuario,200,OK,Ingreso-usuarios-muebles 1-118,text,true,,538,336,200,200,https://compumuebles-sabana-api.cyk.com.co/api/auth/login,14626,0,0
1781509459679,14637,Ingreso Usuario,200,OK,Ingreso-usuarios-muebles 1-127,text,true,,538,336,200,200,https://compumuebles-sabana-api.cyk.com.co/api/auth/login,14637,0,0
1781509459691,14625,Ingreso Usuario,200,OK,Ingreso-usuarios-muebles 1-90,text,true,,538,336,200,200,https://compumuebles-sabana-api.cyk.com.co/api/auth/login,14625,0,0
1781509459672,14644,Ingreso Usuario,200,OK,Ingreso-usuarios-muebles 1-64,text,true,,538,336,200,200,https://compumuebles-sabana-api.cyk.com.co/api/auth/login,14644,0,0
1781509459695,14623,Ingreso Usuario,200,OK,Ingreso-usuarios-muebles 1-186,text,true,,538,336,200,200,https://compumuebles-sabana-api.cyk.com.co/api/auth/login,14623,0,0
1781509459707,14612,Ingreso Usuario,200,OK,Ingreso-usuarios-muebles 1-183,text,true,,538,336,200,200,https://compumuebles-sabana-api.cyk.com.co/api/auth/login,14612,0,0
1781509459711,14612,Ingreso Usuario,200,OK,Ingreso-usuarios-muebles 1-35,text,true,,538,336,200,200,https://compumuebles-sabana-api.cyk.com.co/api/auth/login,14612,0,0
1781509459781,14544,Ingreso Usuario,200,OK,Ingreso-usuarios-muebles 1-92,text,true,,538,336,200,200,https://compumuebles-sabana-api.cyk.com.co/api/auth/login,14544,0,0
1781509459800,14527,Ingreso Usuario,200,OK,Ingreso-usuarios-muebles 1-167,text,true,,538,336,200,200,https://compumuebles-sabana-api.cyk.com.co/api/auth/login,14527,0,0
1781509459808,14519,Ingreso Usuario,200,OK,Ingreso-usuarios-muebles 1-150,text,true,,538,336,200,200,https://compumuebles-sabana-api.cyk.com.co/api/auth/login,14519,0,0
1781509459541,14787,Ingreso Usuario,200,OK,Ingreso-usuarios-muebles 1-185,text,true,,538,336,200,200,https://compumuebles-sabana-api.cyk.com.co/api/auth/login,14787,0,0
1781509459544,14787,Ingreso Usuario,200,OK,Ingreso-usuarios-muebles 1-120,text,true,,538,336,200,200,https://compumuebles-sabana-api.cyk.com.co/api/auth/login,14787,0,0
1781509459562,14770,Ingreso Usuario,200,OK,Ingreso-usuarios-muebles 1-39,text,true,,538,336,200,200,https://compumuebles-sabana-api.cyk.com.co/api/auth/login,14770,0,0
1781509459546,14786,Ingreso Usuario,200,OK,Ingreso-usuarios-muebles 1-47,text,true,,538,336,200,200,https://compumuebles-sabana-api.cyk.com.co/api/auth/login,14786,0,0
1781509459569,14765,Ingreso Usuario,200,OK,Ingreso-usuarios-muebles 1-18,text,true,,538,336,200,200,https://compumuebles-sabana-api.cyk.com.co/api/auth/login,14765,0,0
1781509459552,14784,Ingreso Usuario,200,OK,Ingreso-usuarios-muebles 1-23,text,true,,538,336,200,200,https://compumuebles-sabana-api.cyk.com.co/api/auth/login,14784,0,0
1781509459558,14780,Ingreso Usuario,200,OK,Ingreso-usuarios-muebles 1-153,text,true,,538,336,200,200,https://compumuebles-sabana-api.cyk.com.co/api/auth/login,14780,0,0
1781509459577,14765,Ingreso Usuario,200,OK,Ingreso-usuarios-muebles 1-84,text,true,,538,336,200,200,https://compumuebles-sabana-api.cyk.com.co/api/auth/login,14765,0,0
1781509459571,14771,Ingreso Usuario,200,OK,Ingreso-usuarios-muebles 1-86,text,true,,538,336,200,200,https://compumuebles-sabana-api.cyk.com.co/api/auth/login,14771,0,0
1781509459577,14771,Ingreso Usuario,200,OK,Ingreso-usuarios-muebles 1-157,text,true,,538,336,200,200,https://compumuebles-sabana-api.cyk.com.co/api/auth/login,14771,0,0
1781509459584,14765,Ingreso Usuario,200,OK,Ingreso-usuarios-muebles 1-62,text,true,,538,336,200,200,https://compumuebles-sabana-api.cyk.com.co/api/auth/login,14765,0,0
1781509459580,14769,Ingreso Usuario,200,OK,Ingreso-usuarios-muebles 1-8,text,true,,538,336,200,200,https://compumuebles-sabana-api.cyk.com.co/api/auth/login,14769,0,0
1781509459594,14765,Ingreso Usuario,200,OK,Ingreso-usuarios-muebles 1-61,text,true,,538,336,200,200,https://compumuebles-sabana-api.cyk.com.co/api/auth/login,14765,0,0
1781509459600,14763,Ingreso Usuario,200,OK,Ingreso-usuarios-muebles 1-85,text,true,,538,336,200,200,https://compumuebles-sabana-api.cyk.com.co/api/auth/login,14763,0,0
1781509459609,14767,Ingreso Usuario,200,OK,Ingreso-usuarios-muebles 1-165,text,true,,538,336,200,200,https://compumuebles-sabana-api.cyk.com.co/api/auth/login,14766,0,0
1781509459603,14776,Ingreso Usuario,200,OK,Ingreso-usuarios-muebles 1-152,text,true,,538,336,200,200,https://compumuebles-sabana-api.cyk.com.co/api/auth/login,14776,0,0
1781509459596,14785,Ingreso Usuario,200,OK,Ingreso-usuarios-muebles 1-78,text,true,,538,336,200,200,https://compumuebles-sabana-api.cyk.com.co/api/auth/login,14785,0,0
1781509459607,14779,Ingreso Usuario,200,OK,Ingreso-usuarios-muebles 1-94,text,true,,538,336,200,200,https://compumuebles-sabana-api.cyk.com.co/api/auth/login,14779,0,0
1781509459638,14751,Ingreso Usuario,200,OK,Ingreso-usuarios-muebles 1-105,text,true,,538,336,200,200,https://compumuebles-sabana-api.cyk.com.co/api/auth/login,14751,0,0
1781509459636,14753,Ingreso Usuario,200,OK,Ingreso-usuarios-muebles 1-58,text,true,,538,336,200,200,https://compumuebles-sabana-api.cyk.com.co/api/auth/login,14753,0,0
1781509459645,14744,Ingreso Usuario,200,OK,Ingreso-usuarios-muebles 1-145,text,true,,538,336,200,200,https://compumuebles-sabana-api.cyk.com.co/api/auth/login,14744,0,0
1781509459642,14748,Ingreso Usuario,200,OK,Ingreso-usuarios-muebles 1-102,text,true,,538,336,200,200,https://compumuebles-sabana-api.cyk.com.co/api/auth/login,14748,0,0
1781509459641,14749,Ingreso Usuario,200,OK,Ingreso-usuarios-muebles 1-83,text,true,,538,336,200,200,https://compumuebles-sabana-api.cyk.com.co/api/auth/login,14749,0,0
1781509459646,14758,Ingreso Usuario,200,OK,Ingreso-usuarios-muebles 1-98,text,true,,538,336,200,200,https://compumuebles-sabana-api.cyk.com.co/api/auth/login,14758,0,0
1781509459675,14742,Ingreso Usuario,200,OK,Ingreso-usuarios-muebles 1-17,text,true,,538,336,200,200,https://compumuebles-sabana-api.cyk.com.co/api/auth/login,14742,0,0
1781509459662,14757,Ingreso Usuario,200,OK,Ingreso-usuarios-muebles 1-103,text,true,,538,336,200,200,https://compumuebles-sabana-api.cyk.com.co/api/auth/login,14757,0,0
1781509459648,14772,Ingreso Usuario,200,OK,Ingreso-usuarios-muebles 1-124,text,true,,538,336,200,200,https://compumuebles-sabana-api.cyk.com.co/api/auth/login,14772,0,0
1781509459676,14770,Ingreso Usuario,200,OK,Ingreso-usuarios-muebles 1-77,text,true,,538,336,200,200,https://compumuebles-sabana-api.cyk.com.co/api/auth/login,14770,0,0
1781509459676,14770,Ingreso Usuario,200,OK,Ingreso-usuarios-muebles 1-179,text,true,,538,336,200,200,https://compumuebles-sabana-api.cyk.com.co/api/auth/login,14770,0,0
1781509459691,14793,Ingreso Usuario,200,OK,Ingreso-usuarios-muebles 1-67,text,true,,538,336,200,200,https://compumuebles-sabana-api.cyk.com.co/api/auth/login,14793,0,0
1781509459709,14782,Ingreso Usuario,200,OK,Ingreso-usuarios-muebles 1-136,text,true,,538,336,200,200,https://compumuebles-sabana-api.cyk.com.co/api/auth/login,14782,0,0
1781509459711,14780,Ingreso Usuario,200,OK,Ingreso-usuarios-muebles 1-76,text,true,,538,336,200,200,https://compumuebles-sabana-api.cyk.com.co/api/auth/login,14780,0,0
1781509459778,14713,Ingreso Usuario,200,OK,Ingreso-usuarios-muebles 1-93,text,true,,538,336,200,200,https://compumuebles-sabana-api.cyk.com.co/api/auth/login,14713,0,0
1781509459758,14734,Ingreso Usuario,200,OK,Ingreso-usuarios-muebles 1-112,text,true,,538,336,200,200,https://compumuebles-sabana-api.cyk.com.co/api/auth/login,14734,0,0
1781509459788,14704,Ingreso Usuario,200,OK,Ingreso-usuarios-muebles 1-72,text,true,,538,336,200,200,https://compumuebles-sabana-api.cyk.com.co/api/auth/login,14704,0,0
1781509459692,14800,Ingreso Usuario,200,OK,Ingreso-usuarios-muebles 1-52,text,true,,538,336,200,200,https://compumuebles-sabana-api.cyk.com.co/api/auth/login,14800,0,0
1781509459803,14700,Ingreso Usuario,200,OK,Ingreso-usuarios-muebles 1-33,text,true,,538,336,200,200,https://compumuebles-sabana-api.cyk.com.co/api/auth/login,14700,0,0
1781509459798,14705,Ingreso Usuario,200,OK,Ingreso-usuarios-muebles 1-173,text,true,,538,336,200,200,https://compumuebles-sabana-api.cyk.com.co/api/auth/login,14705,0,0
1781509459749,14754,Ingreso Usuario,200,OK,Ingreso-usuarios-muebles 1-117,text,true,,538,336,200,200,https://compumuebles-sabana-api.cyk.com.co/api/auth/login,14754,0,0
1781509459806,14698,Ingreso Usuario,200,OK,Ingreso-usuarios-muebles 1-192,text,true,,538,336,200,200,https://compumuebles-sabana-api.cyk.com.co/api/auth/login,14698,0,0
1781509459815,14690,Ingreso Usuario,200,OK,Ingreso-usuarios-muebles 1-11,text,true,,538,336,200,200,https://compumuebles-sabana-api.cyk.com.co/api/auth/login,14690,0,0
1781509464641,15236,Ingreso Usuario,200,OK,Ingreso-usuarios-muebles 1-132,text,true,,538,336,200,200,https://compumuebles-sabana-api.cyk.com.co/api/auth/login,15236,0,0
1781509464675,15209,Ingreso Usuario,200,OK,Ingreso-usuarios-muebles 1-65,text,true,,538,336,200,200,https://compumuebles-sabana-api.cyk.com.co/api/auth/login,15209,0,0
1781509464645,15249,Ingreso Usuario,200,OK,Ingreso-usuarios-muebles 1-149,text,true,,538,336,200,200,https://compumuebles-sabana-api.cyk.com.co/api/auth/login,15249,0,0
1781509464658,15241,Ingreso Usuario,200,OK,Ingreso-usuarios-muebles 1-138,text,true,,538,336,200,200,https://compumuebles-sabana-api.cyk.com.co/api/auth/login,15241,0,0
1781509464661,15242,Ingreso Usuario,200,OK,Ingreso-usuarios-muebles 1-125,text,true,,538,336,200,200,https://compumuebles-sabana-api.cyk.com.co/api/auth/login,15242,0,0
1781509464674,15230,Ingreso Usuario,200,OK,Ingreso-usuarios-muebles 1-188,text,true,,538,336,200,200,https://compumuebles-sabana-api.cyk.com.co/api/auth/login,15230,0,0
1781509464679,15225,Ingreso Usuario,200,OK,Ingreso-usuarios-muebles 1-166,text,true,,538,336,200,200,https://compumuebles-sabana-api.cyk.com.co/api/auth/login,15225,0,0
1781509464675,15230,Ingreso Usuario,200,OK,Ingreso-usuarios-muebles 1-126,text,true,,538,336,200,200,https://compumuebles-sabana-api.cyk.com.co/api/auth/login,15230,0,0
1781509464691,15217,Ingreso Usuario,200,OK,Ingreso-usuarios-muebles 1-89,text,true,,538,336,200,200,https://compumuebles-sabana-api.cyk.com.co/api/auth/login,15217,0,0
1781509464684,15226,Ingreso Usuario,200,OK,Ingreso-usuarios-muebles 1-182,text,true,,538,336,200,200,https://compumuebles-sabana-api.cyk.com.co/api/auth/login,15226,0,0
1781509464688,15224,Ingreso Usuario,200,OK,Ingreso-usuarios-muebles 1-71,text,true,,538,336,200,200,https://compumuebles-sabana-api.cyk.com.co/api/auth/login,15224,0,0
1781509464711,15203,Ingreso Usuario,200,OK,Ingreso-usuarios-muebles 1-60,text,true,,538,336,200,200,https://compumuebles-sabana-api.cyk.com.co/api/auth/login,15203,0,0
1781509464693,15224,Ingreso Usuario,200,OK,Ingreso-usuarios-muebles 1-4,text,true,,538,336,200,200,https://compumuebles-sabana-api.cyk.com.co/api/auth/login,15224,0,0
1781509464704,15213,Ingreso Usuario,200,OK,Ingreso-usuarios-muebles 1-56,text,true,,538,336,200,200,https://compumuebles-sabana-api.cyk.com.co/api/auth/login,15213,0,0
1781509464699,15219,Ingreso Usuario,200,OK,Ingreso-usuarios-muebles 1-41,text,true,,538,336,200,200,https://compumuebles-sabana-api.cyk.com.co/api/auth/login,15219,0,0
1781509464715,15209,Ingreso Usuario,200,OK,Ingreso-usuarios-muebles 1-106,text,true,,538,336,200,200,https://compumuebles-sabana-api.cyk.com.co/api/auth/login,15209,0,0
1781509464704,15221,Ingreso Usuario,200,OK,Ingreso-usuarios-muebles 1-121,text,true,,538,336,200,200,https://compumuebles-sabana-api.cyk.com.co/api/auth/login,15221,0,0
1781509464724,15203,Ingreso Usuario,200,OK,Ingreso-usuarios-muebles 1-168,text,true,,538,336,200,200,https://compumuebles-sabana-api.cyk.com.co/api/auth/login,15203,0,0
1781509464702,15228,Ingreso Usuario,200,OK,Ingreso-usuarios-muebles 1-55,text,true,,538,336,200,200,https://compumuebles-sabana-api.cyk.com.co/api/auth/login,15228,0,0
1781509464720,15211,Ingreso Usuario,200,OK,Ingreso-usuarios-muebles 1-144,text,true,,538,336,200,200,https://compumuebles-sabana-api.cyk.com.co/api/auth/login,15211,0,0
1781509464732,15202,Ingreso Usuario,200,OK,Ingreso-usuarios-muebles 1-162,text,true,,538,336,200,200,https://compumuebles-sabana-api.cyk.com.co/api/auth/login,15202,0,0
1781509464735,15200,Ingreso Usuario,200,OK,Ingreso-usuarios-muebles 1-187,text,true,,538,336,200,200,https://compumuebles-sabana-api.cyk.com.co/api/auth/login,15200,0,0
1781509464738,15197,Ingreso Usuario,200,OK,Ingreso-usuarios-muebles 1-46,text,true,,538,336,200,200,https://compumuebles-sabana-api.cyk.com.co/api/auth/login,15197,0,0
1781509464736,15201,Ingreso Usuario,200,OK,Ingreso-usuarios-muebles 1-26,text,true,,538,336,200,200,https://compumuebles-sabana-api.cyk.com.co/api/auth/login,15201,0,0
1781509464735,15204,Ingreso Usuario,200,OK,Ingreso-usuarios-muebles 1-104,text,true,,538,336,200,200,https://compumuebles-sabana-api.cyk.com.co/api/auth/login,15204,0,0
1781509464738,15204,Ingreso Usuario,200,OK,Ingreso-usuarios-muebles 1-22,text,true,,538,336,200,200,https://compumuebles-sabana-api.cyk.com.co/api/auth/login,15204,0,0
1781509464750,15195,Ingreso Usuario,200,OK,Ingreso-usuarios-muebles 1-135,text,true,,538,336,200,200,https://compumuebles-sabana-api.cyk.com.co/api/auth/login,15195,0,0
1781509464746,15199,Ingreso Usuario,200,OK,Ingreso-usuarios-muebles 1-140,text,true,,538,336,200,200,https://compumuebles-sabana-api.cyk.com.co/api/auth/login,15199,0,0
1781509464750,15197,Ingreso Usuario,200,OK,Ingreso-usuarios-muebles 1-156,text,true,,538,336,200,200,https://compumuebles-sabana-api.cyk.com.co/api/auth/login,15197,0,0
1781509464739,15209,Ingreso Usuario,200,OK,Ingreso-usuarios-muebles 1-69,text,true,,538,336,200,200,https://compumuebles-sabana-api.cyk.com.co/api/auth/login,15209,0,0
1781509464751,15201,Ingreso Usuario,200,OK,Ingreso-usuarios-muebles 1-184,text,true,,538,336,200,200,https://compumuebles-sabana-api.cyk.com.co/api/auth/login,15201,0,0
1781509464769,15184,Ingreso Usuario,200,OK,Ingreso-usuarios-muebles 1-70,text,true,,538,336,200,200,https://compumuebles-sabana-api.cyk.com.co/api/auth/login,15184,0,0
1781509464776,15178,Ingreso Usuario,200,OK,Ingreso-usuarios-muebles 1-113,text,true,,538,336,200,200,https://compumuebles-sabana-api.cyk.com.co/api/auth/login,15178,0,0
1781509464776,15180,Ingreso Usuario,200,OK,Ingreso-usuarios-muebles 1-42,text,true,,538,336,200,200,https://compumuebles-sabana-api.cyk.com.co/api/auth/login,15180,0,0
1781509464655,15304,Ingreso Usuario,200,OK,Ingreso-usuarios-muebles 1-193,text,true,,538,336,200,200,https://compumuebles-sabana-api.cyk.com.co/api/auth/login,15304,0,258
1781509464674,15285,Ingreso Usuario,200,OK,Ingreso-usuarios-muebles 1-7,text,true,,538,336,200,200,https://compumuebles-sabana-api.cyk.com.co/api/auth/login,15285,0,240
1781509464651,15313,Ingreso Usuario,200,OK,Ingreso-usuarios-muebles 1-20,text,true,,538,336,200,200,https://compumuebles-sabana-api.cyk.com.co/api/auth/login,15313,0,258
1781509465834,14967,Ingreso Usuario,200,OK,Ingreso-usuarios-muebles 1-82,text,true,,538,336,200,200,https://compumuebles-sabana-api.cyk.com.co/api/auth/login,14967,0,0
1781509465831,14971,Ingreso Usuario,200,OK,Ingreso-usuarios-muebles 1-53,text,true,,538,336,200,200,https://compumuebles-sabana-api.cyk.com.co/api/auth/login,14971,0,0
1781509465866,14941,Ingreso Usuario,200,OK,Ingreso-usuarios-muebles 1-24,text,true,,538,336,200,200,https://compumuebles-sabana-api.cyk.com.co/api/auth/login,14941,0,0
1781509465875,14936,Ingreso Usuario,200,OK,Ingreso-usuarios-muebles 1-100,text,true,,538,336,200,200,https://compumuebles-sabana-api.cyk.com.co/api/auth/login,14936,0,0
1781509465903,14910,Ingreso Usuario,200,OK,Ingreso-usuarios-muebles 1-158,text,true,,538,336,200,200,https://compumuebles-sabana-api.cyk.com.co/api/auth/login,14910,0,0
1781509465918,14895,Ingreso Usuario,200,OK,Ingreso-usuarios-muebles 1-68,text,true,,538,336,200,200,https://compumuebles-sabana-api.cyk.com.co/api/auth/login,14895,0,0
1781509465886,14930,Ingreso Usuario,200,OK,Ingreso-usuarios-muebles 1-32,text,true,,538,336,200,200,https://compumuebles-sabana-api.cyk.com.co/api/auth/login,14930,0,0
1781509465949,14867,Ingreso Usuario,200,OK,Ingreso-usuarios-muebles 1-63,text,true,,538,336,200,200,https://compumuebles-sabana-api.cyk.com.co/api/auth/login,14867,0,0
1781509465949,14869,Ingreso Usuario,200,OK,Ingreso-usuarios-muebles 1-176,text,true,,538,336,200,200,https://compumuebles-sabana-api.cyk.com.co/api/auth/login,14869,0,0
1781509465896,14926,Ingreso Usuario,200,OK,Ingreso-usuarios-muebles 1-30,text,true,,538,336,200,200,https://compumuebles-sabana-api.cyk.com.co/api/auth/login,14926,0,303
1781509466002,14820,Ingreso Usuario,200,OK,Ingreso-usuarios-muebles 1-31,text,true,,538,336,200,200,https://compumuebles-sabana-api.cyk.com.co/api/auth/login,14820,0,224
1781509466069,14760,Ingreso Usuario,200,OK,Ingreso-usuarios-muebles 1-38,text,true,,538,336,200,200,https://compumuebles-sabana-api.cyk.com.co/api/auth/login,14759,0,189
1781509465822,15010,Ingreso Usuario,200,OK,Ingreso-usuarios-muebles 1-163,text,true,,538,336,200,200,https://compumuebles-sabana-api.cyk.com.co/api/auth/login,15010,0,0
1781509465832,15001,Ingreso Usuario,200,OK,Ingreso-usuarios-muebles 1-172,text,true,,538,336,200,200,https://compumuebles-sabana-api.cyk.com.co/api/auth/login,15001,0,0
1781509465829,15004,Ingreso Usuario,200,OK,Ingreso-usuarios-muebles 1-143,text,true,,538,336,200,200,https://compumuebles-sabana-api.cyk.com.co/api/auth/login,15004,0,0
1781509465865,14971,Ingreso Usuario,200,OK,Ingreso-usuarios-muebles 1-87,text,true,,538,336,200,200,https://compumuebles-sabana-api.cyk.com.co/api/auth/login,14971,0,0
1781509465913,14938,Ingreso Usuario,200,OK,Ingreso-usuarios-muebles 1-9,text,true,,538,336,200,200,https://compumuebles-sabana-api.cyk.com.co/api/auth/login,14938,0,0
1781509465974,14877,Ingreso Usuario,200,OK,Ingreso-usuarios-muebles 1-6,text,true,,538,336,200,200,https://compumuebles-sabana-api.cyk.com.co/api/auth/login,14877,0,0
1781509465903,14948,Ingreso Usuario,200,OK,Ingreso-usuarios-muebles 1-88,text,true,,538,336,200,200,https://compumuebles-sabana-api.cyk.com.co/api/auth/login,14948,0,0
1781509465918,14933,Ingreso Usuario,200,OK,Ingreso-usuarios-muebles 1-155,text,true,,538,336,200,200,https://compumuebles-sabana-api.cyk.com.co/api/auth/login,14933,0,0
1781509465878,14973,Ingreso Usuario,200,OK,Ingreso-usuarios-muebles 1-133,text,true,,538,336,200,200,https://compumuebles-sabana-api.cyk.com.co/api/auth/login,14973,0,0
1781509466035,14830,Ingreso Usuario,200,OK,Ingreso-usuarios-muebles 1-128,text,true,,538,336,200,200,https://compumuebles-sabana-api.cyk.com.co/api/auth/login,14830,0,0
1781509466002,14863,Ingreso Usuario,200,OK,Ingreso-usuarios-muebles 1-99,text,true,,538,336,200,200,https://compumuebles-sabana-api.cyk.com.co/api/auth/login,14863,0,0
1781509466011,14854,Ingreso Usuario,200,OK,Ingreso-usuarios-muebles 1-146,text,true,,538,336,200,200,https://compumuebles-sabana-api.cyk.com.co/api/auth/login,14854,0,0
1781509466002,14863,Ingreso Usuario,200,OK,Ingreso-usuarios-muebles 1-122,text,true,,538,336,200,200,https://compumuebles-sabana-api.cyk.com.co/api/auth/login,14863,0,0
1781509466035,14845,Ingreso Usuario,200,OK,Ingreso-usuarios-muebles 1-115,text,true,,538,336,200,200,https://compumuebles-sabana-api.cyk.com.co/api/auth/login,14845,0,0
1781509466035,14860,Ingreso Usuario,200,OK,Ingreso-usuarios-muebles 1-147,text,true,,538,336,200,200,https://compumuebles-sabana-api.cyk.com.co/api/auth/login,14860,0,0
1781509465821,15074,Ingreso Usuario,200,OK,Ingreso-usuarios-muebles 1-134,text,true,,538,336,200,200,https://compumuebles-sabana-api.cyk.com.co/api/auth/login,15074,0,246
1781509465836,15059,Ingreso Usuario,200,OK,Ingreso-usuarios-muebles 1-139,text,true,,538,336,200,200,https://compumuebles-sabana-api.cyk.com.co/api/auth/login,15059,0,232
1781509465836,15059,Ingreso Usuario,200,OK,Ingreso-usuarios-muebles 1-177,text,true,,538,336,200,200,https://compumuebles-sabana-api.cyk.com.co/api/auth/login,15059,0,230
1781509466035,14860,Ingreso Usuario,200,OK,Ingreso-usuarios-muebles 1-114,text,true,,538,336,200,200,https://compumuebles-sabana-api.cyk.com.co/api/auth/login,14860,0,0
1781509465819,15076,Ingreso Usuario,200,OK,Ingreso-usuarios-muebles 1-43,text,true,,538,336,200,200,https://compumuebles-sabana-api.cyk.com.co/api/auth/login,15076,0,248
1781509465838,15057,Ingreso Usuario,200,OK,Ingreso-usuarios-muebles 1-195,text,true,,538,336,200,200,https://compumuebles-sabana-api.cyk.com.co/api/auth/login,15057,0,230
1781509466069,14840,Ingreso Usuario,200,OK,Ingreso-usuarios-muebles 1-59,text,true,,538,336,200,200,https://compumuebles-sabana-api.cyk.com.co/api/auth/login,14840,0,0
1781509466069,14840,Ingreso Usuario,200,OK,Ingreso-usuarios-muebles 1-148,text,true,,538,336,200,200,https://compumuebles-sabana-api.cyk.com.co/api/auth/login,14840,0,0
1781509465837,15072,Ingreso Usuario,200,OK,Ingreso-usuarios-muebles 1-171,text,true,,538,336,200,200,https://compumuebles-sabana-api.cyk.com.co/api/auth/login,15072,0,235
1781509466069,14840,Ingreso Usuario,200,OK,Ingreso-usuarios-muebles 1-141,text,true,,538,336,200,200,https://compumuebles-sabana-api.cyk.com.co/api/auth/login,14840,0,0
1781509465845,15069,Ingreso Usuario,200,OK,Ingreso-usuarios-muebles 1-116,text,true,,538,336,200,200,https://compumuebles-sabana-api.cyk.com.co/api/auth/login,15069,0,275
1781509465835,15088,Ingreso Usuario,200,OK,Ingreso-usuarios-muebles 1-109,text,true,,538,336,200,200,https://compumuebles-sabana-api.cyk.com.co/api/auth/login,15088,0,237
1781509465868,15057,Ingreso Usuario,200,OK,Ingreso-usuarios-muebles 1-2,text,true,,538,336,200,200,https://compumuebles-sabana-api.cyk.com.co/api/auth/login,15057,0,266
1781509465862,15065,Ingreso Usuario,200,OK,Ingreso-usuarios-muebles 1-73,text,true,,538,336,200,200,https://compumuebles-sabana-api.cyk.com.co/api/auth/login,15065,0,280
1781509465850,15081,Ingreso Usuario,200,OK,Ingreso-usuarios-muebles 1-81,text,true,,538,336,200,200,https://compumuebles-sabana-api.cyk.com.co/api/auth/login,15081,0,284
1781509465862,15070,Ingreso Usuario,200,OK,Ingreso-usuarios-muebles 1-91,text,true,,538,336,200,200,https://compumuebles-sabana-api.cyk.com.co/api/auth/login,15070,0,272
1781509465871,15068,Ingreso Usuario,200,OK,Ingreso-usuarios-muebles 1-15,text,true,,538,336,200,200,https://compumuebles-sabana-api.cyk.com.co/api/auth/login,15068,0,271
1781509465858,15083,Ingreso Usuario,200,OK,Ingreso-usuarios-muebles 1-198,text,true,,538,336,200,200,https://compumuebles-sabana-api.cyk.com.co/api/auth/login,15083,0,284
1781509465874,15069,Ingreso Usuario,200,OK,Ingreso-usuarios-muebles 1-45,text,true,,538,336,200,200,https://compumuebles-sabana-api.cyk.com.co/api/auth/login,15069,0,268
1781509465872,15071,Ingreso Usuario,200,OK,Ingreso-usuarios-muebles 1-21,text,true,,538,336,200,200,https://compumuebles-sabana-api.cyk.com.co/api/auth/login,15071,0,263
1781509465846,15098,Ingreso Usuario,200,OK,Ingreso-usuarios-muebles 1-1,text,true,,538,336,200,200,https://compumuebles-sabana-api.cyk.com.co/api/auth/login,15098,0,288
1781509465899,15046,Ingreso Usuario,200,OK,Ingreso-usuarios-muebles 1-96,text,true,,538,336,200,200,https://compumuebles-sabana-api.cyk.com.co/api/auth/login,15046,0,266
1781509465880,15066,Ingreso Usuario,200,OK,Ingreso-usuarios-muebles 1-178,text,true,,538,336,200,200,https://compumuebles-sabana-api.cyk.com.co/api/auth/login,15066,0,266
1781509465884,15062,Ingreso Usuario,200,OK,Ingreso-usuarios-muebles 1-40,text,true,,538,336,200,200,https://compumuebles-sabana-api.cyk.com.co/api/auth/login,15062,0,279
1781509465896,15052,Ingreso Usuario,200,OK,Ingreso-usuarios-muebles 1-19,text,true,,538,336,200,200,https://compumuebles-sabana-api.cyk.com.co/api/auth/login,15052,0,298
1781509465872,15078,Ingreso Usuario,200,OK,Ingreso-usuarios-muebles 1-97,text,true,,538,336,200,200,https://compumuebles-sabana-api.cyk.com.co/api/auth/login,15078,0,292
1781509465918,15037,Ingreso Usuario,200,OK,Ingreso-usuarios-muebles 1-5,text,true,,538,336,200,200,https://compumuebles-sabana-api.cyk.com.co/api/auth/login,15037,0,281
1781509465949,15008,Ingreso Usuario,200,OK,Ingreso-usuarios-muebles 1-57,text,true,,538,336,200,200,https://compumuebles-sabana-api.cyk.com.co/api/auth/login,15008,0,268
1781509466003,14957,Ingreso Usuario,200,OK,Ingreso-usuarios-muebles 1-37,text,true,,538,336,200,200,https://compumuebles-sabana-api.cyk.com.co/api/auth/login,14957,0,238
1781509465905,15055,Ingreso Usuario,200,OK,Ingreso-usuarios-muebles 1-34,text,true,,538,336,200,200,https://compumuebles-sabana-api.cyk.com.co/api/auth/login,15055,0,293
1781509465916,15045,Ingreso Usuario,200,OK,Ingreso-usuarios-muebles 1-51,text,true,,538,336,200,200,https://compumuebles-sabana-api.cyk.com.co/api/auth/login,15045,0,283
1781509466012,14952,Ingreso Usuario,200,OK,Ingreso-usuarios-muebles 1-28,text,true,,538,336,200,200,https://compumuebles-sabana-api.cyk.com.co/api/auth/login,14952,0,245
1781509465830,15136,Ingreso Usuario,200,OK,Ingreso-usuarios-muebles 1-111,text,true,,538,336,200,200,https://compumuebles-sabana-api.cyk.com.co/api/auth/login,15136,0,0
1781509465841,15134,Ingreso Usuario,200,OK,Ingreso-usuarios-muebles 1-151,text,true,,538,336,200,200,https://compumuebles-sabana-api.cyk.com.co/api/auth/login,15134,0,0
1781509465871,15112,Ingreso Usuario,200,OK,Ingreso-usuarios-muebles 1-108,text,true,,538,336,200,200,https://compumuebles-sabana-api.cyk.com.co/api/auth/login,15112,0,0
1781509465868,15115,Ingreso Usuario,200,OK,Ingreso-usuarios-muebles 1-66,text,true,,538,336,200,200,https://compumuebles-sabana-api.cyk.com.co/api/auth/login,15115,0,0
1781509465903,15082,Ingreso Usuario,200,OK,Ingreso-usuarios-muebles 1-48,text,true,,538,336,200,200,https://compumuebles-sabana-api.cyk.com.co/api/auth/login,15082,0,0
1781509465910,15083,Ingreso Usuario,200,OK,Ingreso-usuarios-muebles 1-189,text,true,,538,336,200,200,https://compumuebles-sabana-api.cyk.com.co/api/auth/login,15083,0,0
1781509465928,15067,Ingreso Usuario,200,OK,Ingreso-usuarios-muebles 1-27,text,true,,538,336,200,200,https://compumuebles-sabana-api.cyk.com.co/api/auth/login,15067,0,0
1781509465949,15052,Ingreso Usuario,200,OK,Ingreso-usuarios-muebles 1-74,text,true,,538,336,200,200,https://compumuebles-sabana-api.cyk.com.co/api/auth/login,15052,0,0
1781509465949,15053,Ingreso Usuario,200,OK,Ingreso-usuarios-muebles 1-174,text,true,,538,336,200,200,https://compumuebles-sabana-api.cyk.com.co/api/auth/login,15053,0,267
1781509465925,15087,Ingreso Usuario,200,OK,Ingreso-usuarios-muebles 1-159,text,true,,538,336,200,200,https://compumuebles-sabana-api.cyk.com.co/api/auth/login,15087,0,289
1781509466003,15019,Ingreso Usuario,200,OK,Ingreso-usuarios-muebles 1-80,text,true,,538,336,200,200,https://compumuebles-sabana-api.cyk.com.co/api/auth/login,15019,0,247
1781509466140,14882,Ingreso Usuario,200,OK,Ingreso-usuarios-muebles 1-16,text,true,,538,336,200,200,https://compumuebles-sabana-api.cyk.com.co/api/auth/login,14882,0,154
1781509471725,14949,Ingreso Usuario,200,OK,Ingreso-usuarios-muebles 1-142,text,true,,538,336,200,200,https://compumuebles-sabana-api.cyk.com.co/api/auth/login,14949,0,0
1781509471708,14970,Ingreso Usuario,200,OK,Ingreso-usuarios-muebles 1-181,text,true,,538,336,200,200,https://compumuebles-sabana-api.cyk.com.co/api/auth/login,14970,0,164
1781509471708,14971,Ingreso Usuario,200,OK,Ingreso-usuarios-muebles 1-25,text,true,,538,336,200,200,https://compumuebles-sabana-api.cyk.com.co/api/auth/login,14970,0,157
1781509471701,14978,Ingreso Usuario,200,OK,Ingreso-usuarios-muebles 1-123,text,true,,538,336,200,200,https://compumuebles-sabana-api.cyk.com.co/api/auth/login,14978,0,165
1781509471701,14979,Ingreso Usuario,200,OK,Ingreso-usuarios-muebles 1-194,text,true,,538,336,200,200,https://compumuebles-sabana-api.cyk.com.co/api/auth/login,14979,0,168
1781509471716,14967,Ingreso Usuario,200,OK,Ingreso-usuarios-muebles 1-75,text,true,,538,336,200,200,https://compumuebles-sabana-api.cyk.com.co/api/auth/login,14967,0,157
1781509471706,14981,Ingreso Usuario,200,OK,Ingreso-usuarios-muebles 1-130,text,true,,538,336,200,200,https://compumuebles-sabana-api.cyk.com.co/api/auth/login,14981,0,166
1781509471715,14973,Ingreso Usuario,200,OK,Ingreso-usuarios-muebles 1-110,text,true,,538,336,200,200,https://compumuebles-sabana-api.cyk.com.co/api/auth/login,14973,0,159
1781509471725,14965,Ingreso Usuario,200,OK,Ingreso-usuarios-muebles 1-164,text,true,,538,336,200,200,https://compumuebles-sabana-api.cyk.com.co/api/auth/login,14965,0,162
1781509471710,14980,Ingreso Usuario,200,OK,Ingreso-usuarios-muebles 1-129,text,true,,538,336,200,200,https://compumuebles-sabana-api.cyk.com.co/api/auth/login,14980,0,167
1781509471709,14983,Ingreso Usuario,200,OK,Ingreso-usuarios-muebles 1-107,text,true,,538,336,200,200,https://compumuebles-sabana-api.cyk.com.co/api/auth/login,14983,0,165
1781509471718,14978,Ingreso Usuario,200,OK,Ingreso-usuarios-muebles 1-14,text,true,,538,336,200,200,https://compumuebles-sabana-api.cyk.com.co/api/auth/login,14978,0,161
1781509474260,15104,Ingreso Usuario,200,OK,Ingreso-usuarios-muebles 1-137,text,true,,538,336,200,200,https://compumuebles-sabana-api.cyk.com.co/api/auth/login,15104,0,0
1781509474255,15111,Ingreso Usuario,200,OK,Ingreso-usuarios-muebles 1-44,text,true,,538,336,200,200,https://compumuebles-sabana-api.cyk.com.co/api/auth/login,15111,0,0
1781509474265,15103,Ingreso Usuario,200,OK,Ingreso-usuarios-muebles 1-170,text,true,,538,336,200,200,https://compumuebles-sabana-api.cyk.com.co/api/auth/login,15103,0,0
1781509474274,15097,Ingreso Usuario,200,OK,Ingreso-usuarios-muebles 1-49,text,true,,538,336,200,200,https://compumuebles-sabana-api.cyk.com.co/api/auth/login,15097,0,0
1781509474281,15093,Ingreso Usuario,200,OK,Ingreso-usuarios-muebles 1-196,text,true,,538,336,200,200,https://compumuebles-sabana-api.cyk.com.co/api/auth/login,15093,0,0
1781509474281,15097,Ingreso Usuario,200,OK,Ingreso-usuarios-muebles 1-54,text,true,,538,336,200,200,https://compumuebles-sabana-api.cyk.com.co/api/auth/login,15097,0,0
1781509474281,15099,Ingreso Usuario,200,OK,Ingreso-usuarios-muebles 1-29,text,true,,538,336,200,200,https://compumuebles-sabana-api.cyk.com.co/api/auth/login,15099,0,0
1781509474308,15077,Ingreso Usuario,200,OK,Ingreso-usuarios-muebles 1-131,text,true,,538,336,200,200,https://compumuebles-sabana-api.cyk.com.co/api/auth/login,15077,0,0
1781509474290,15098,Ingreso Usuario,200,OK,Ingreso-usuarios-muebles 1-119,text,true,,538,336,200,200,https://compumuebles-sabana-api.cyk.com.co/api/auth/login,15098,0,0
1781509474300,15092,Ingreso Usuario,200,OK,Ingreso-usuarios-muebles 1-161,text,true,,538,336,200,200,https://compumuebles-sabana-api.cyk.com.co/api/auth/login,15092,0,0
1781509474308,15088,Ingreso Usuario,200,OK,Ingreso-usuarios-muebles 1-3,text,true,,538,336,200,200,https://compumuebles-sabana-api.cyk.com.co/api/auth/login,15088,0,0
1781509474314,15086,Ingreso Usuario,200,OK,Ingreso-usuarios-muebles 1-13,text,true,,538,336,200,200,https://compumuebles-sabana-api.cyk.com.co/api/auth/login,15086,0,0
1781509474314,15093,Ingreso Usuario,200,OK,Ingreso-usuarios-muebles 1-118,text,true,,538,336,200,200,https://compumuebles-sabana-api.cyk.com.co/api/auth/login,15093,0,0
1781509474314,15093,Ingreso Usuario,200,OK,Ingreso-usuarios-muebles 1-199,text,true,,538,336,200,200,https://compumuebles-sabana-api.cyk.com.co/api/auth/login,15093,0,0
1781509474322,15088,Ingreso Usuario,200,OK,Ingreso-usuarios-muebles 1-35,text,true,,538,336,200,200,https://compumuebles-sabana-api.cyk.com.co/api/auth/login,15088,0,0
1781509474314,15098,Ingreso Usuario,200,OK,Ingreso-usuarios-muebles 1-95,text,true,,538,336,200,200,https://compumuebles-sabana-api.cyk.com.co/api/auth/login,15098,0,0
1781509474324,15090,Ingreso Usuario,200,OK,Ingreso-usuarios-muebles 1-92,text,true,,538,336,200,200,https://compumuebles-sabana-api.cyk.com.co/api/auth/login,15090,0,0
1781509474331,15091,Ingreso Usuario,200,OK,Ingreso-usuarios-muebles 1-39,text,true,,538,336,200,200,https://compumuebles-sabana-api.cyk.com.co/api/auth/login,15091,0,0
1781509474327,15095,Ingreso Usuario,200,OK,Ingreso-usuarios-muebles 1-185,text,true,,538,336,200,200,https://compumuebles-sabana-api.cyk.com.co/api/auth/login,15095,0,0
1781509474341,15083,Ingreso Usuario,200,OK,Ingreso-usuarios-muebles 1-86,text,true,,538,336,200,200,https://compumuebles-sabana-api.cyk.com.co/api/auth/login,15083,0,0
1781509474347,15080,Ingreso Usuario,200,OK,Ingreso-usuarios-muebles 1-157,text,true,,538,336,200,200,https://compumuebles-sabana-api.cyk.com.co/api/auth/login,15080,0,0
1781509474348,15081,Ingreso Usuario,200,OK,Ingreso-usuarios-muebles 1-62,text,true,,538,336,200,200,https://compumuebles-sabana-api.cyk.com.co/api/auth/login,15081,0,0
1781509474358,15074,Ingreso Usuario,200,OK,Ingreso-usuarios-muebles 1-61,text,true,,538,336,200,200,https://compumuebles-sabana-api.cyk.com.co/api/auth/login,15074,0,0
1781509474378,15058,Ingreso Usuario,200,OK,Ingreso-usuarios-muebles 1-152,text,true,,538,336,200,200,https://compumuebles-sabana-api.cyk.com.co/api/auth/login,15058,0,0
1781509474388,15051,Ingreso Usuario,200,OK,Ingreso-usuarios-muebles 1-105,text,true,,538,336,200,200,https://compumuebles-sabana-api.cyk.com.co/api/auth/login,15051,0,0
1781509474380,15064,Ingreso Usuario,200,OK,Ingreso-usuarios-muebles 1-78,text,true,,538,336,200,200,https://compumuebles-sabana-api.cyk.com.co/api/auth/login,15064,0,0
1781509474388,15060,Ingreso Usuario,200,OK,Ingreso-usuarios-muebles 1-58,text,true,,538,336,200,200,https://compumuebles-sabana-api.cyk.com.co/api/auth/login,15060,0,0
1781509474419,15035,Ingreso Usuario,200,OK,Ingreso-usuarios-muebles 1-124,text,true,,538,336,200,200,https://compumuebles-sabana-api.cyk.com.co/api/auth/login,15035,0,0
1781509474265,15192,Ingreso Usuario,200,OK,Ingreso-usuarios-muebles 1-10,text,true,,538,336,200,200,https://compumuebles-sabana-api.cyk.com.co/api/auth/login,15192,0,172
1781509474445,15013,Ingreso Usuario,200,OK,Ingreso-usuarios-muebles 1-77,text,true,,538,336,200,200,https://compumuebles-sabana-api.cyk.com.co/api/auth/login,15013,0,0
1781509474302,15156,Ingreso Usuario,200,OK,Ingreso-usuarios-muebles 1-12,text,true,,538,336,200,200,https://compumuebles-sabana-api.cyk.com.co/api/auth/login,15156,0,154
1781509474502,14957,Ingreso Usuario,200,OK,Ingreso-usuarios-muebles 1-117,text,true,,538,336,200,200,https://compumuebles-sabana-api.cyk.com.co/api/auth/login,14957,0,0
1781509474483,14979,Ingreso Usuario,200,OK,Ingreso-usuarios-muebles 1-67,text,true,,538,336,200,200,https://compumuebles-sabana-api.cyk.com.co/api/auth/login,14979,0,0
1781509474491,14975,Ingreso Usuario,200,OK,Ingreso-usuarios-muebles 1-52,text,true,,538,336,200,200,https://compumuebles-sabana-api.cyk.com.co/api/auth/login,14975,0,0
1781509474504,14964,Ingreso Usuario,200,OK,Ingreso-usuarios-muebles 1-11,text,true,,538,336,200,200,https://compumuebles-sabana-api.cyk.com.co/api/auth/login,14964,0,0
1781509474502,14969,Ingreso Usuario,200,OK,Ingreso-usuarios-muebles 1-173,text,true,,538,336,200,200,https://compumuebles-sabana-api.cyk.com.co/api/auth/login,14969,0,0
1781509474333,15139,Ingreso Usuario,200,OK,Ingreso-usuarios-muebles 1-18,text,true,,538,336,200,200,https://compumuebles-sabana-api.cyk.com.co/api/auth/login,15139,0,178
1781509474416,15058,Ingreso Usuario,200,OK,Ingreso-usuarios-muebles 1-17,text,true,,538,336,200,200,https://compumuebles-sabana-api.cyk.com.co/api/auth/login,15058,0,227
1781509474266,15214,Ingreso Usuario,200,OK,Ingreso-usuarios-muebles 1-200,text,true,,538,336,200,200,https://compumuebles-sabana-api.cyk.com.co/api/auth/login,15214,0,0
1781509474266,15217,Ingreso Usuario,200,OK,Ingreso-usuarios-muebles 1-191,text,true,,538,336,200,200,https://compumuebles-sabana-api.cyk.com.co/api/auth/login,15217,0,0
1781509474278,15209,Ingreso Usuario,200,OK,Ingreso-usuarios-muebles 1-190,text,true,,538,336,200,200,https://compumuebles-sabana-api.cyk.com.co/api/auth/login,15209,0,0
1781509474279,15208,Ingreso Usuario,200,OK,Ingreso-usuarios-muebles 1-50,text,true,,538,336,200,200,https://compumuebles-sabana-api.cyk.com.co/api/auth/login,15208,0,0
1781509474280,15213,Ingreso Usuario,200,OK,Ingreso-usuarios-muebles 1-101,text,true,,538,336,200,200,https://compumuebles-sabana-api.cyk.com.co/api/auth/login,15213,0,0
1781509474286,15217,Ingreso Usuario,200,OK,Ingreso-usuarios-muebles 1-160,text,true,,538,336,200,200,https://compumuebles-sabana-api.cyk.com.co/api/auth/login,15217,0,0
1781509474294,15213,Ingreso Usuario,200,OK,Ingreso-usuarios-muebles 1-175,text,true,,538,336,200,200,https://compumuebles-sabana-api.cyk.com.co/api/auth/login,15213,0,0
1781509474301,15208,Ingreso Usuario,200,OK,Ingreso-usuarios-muebles 1-79,text,true,,538,336,200,200,https://compumuebles-sabana-api.cyk.com.co/api/auth/login,15208,0,0
1781509474308,15205,Ingreso Usuario,200,OK,Ingreso-usuarios-muebles 1-180,text,true,,538,336,200,200,https://compumuebles-sabana-api.cyk.com.co/api/auth/login,15205,0,0
1781509474308,15205,Ingreso Usuario,200,OK,Ingreso-usuarios-muebles 1-36,text,true,,538,336,200,200,https://compumuebles-sabana-api.cyk.com.co/api/auth/login,15205,0,0
1781509474317,15198,Ingreso Usuario,200,OK,Ingreso-usuarios-muebles 1-186,text,true,,538,336,200,200,https://compumuebles-sabana-api.cyk.com.co/api/auth/login,15198,0,0
1781509474315,15202,Ingreso Usuario,200,OK,Ingreso-usuarios-muebles 1-64,text,true,,538,336,200,200,https://compumuebles-sabana-api.cyk.com.co/api/auth/login,15202,0,0
1781509474315,15205,Ingreso Usuario,200,OK,Ingreso-usuarios-muebles 1-127,text,true,,538,336,200,200,https://compumuebles-sabana-api.cyk.com.co/api/auth/login,15205,0,0
1781509474318,15206,Ingreso Usuario,200,OK,Ingreso-usuarios-muebles 1-183,text,true,,538,336,200,200,https://compumuebles-sabana-api.cyk.com.co/api/auth/login,15206,0,0
1781509474331,15216,Ingreso Usuario,200,OK,Ingreso-usuarios-muebles 1-47,text,true,,538,336,200,200,https://compumuebles-sabana-api.cyk.com.co/api/auth/login,15216,0,0
1781509474330,15217,Ingreso Usuario,200,OK,Ingreso-usuarios-muebles 1-120,text,true,,538,336,200,200,https://compumuebles-sabana-api.cyk.com.co/api/auth/login,15217,0,0
1781509474326,15222,Ingreso Usuario,200,OK,Ingreso-usuarios-muebles 1-150,text,true,,538,336,200,200,https://compumuebles-sabana-api.cyk.com.co/api/auth/login,15222,0,0
1781509474337,15211,Ingreso Usuario,200,OK,Ingreso-usuarios-muebles 1-153,text,true,,538,336,200,200,https://compumuebles-sabana-api.cyk.com.co/api/auth/login,15211,0,0
1781509474363,15185,Ingreso Usuario,200,OK,Ingreso-usuarios-muebles 1-85,text,true,,538,336,200,200,https://compumuebles-sabana-api.cyk.com.co/api/auth/login,15185,0,0
1781509474385,15163,Ingreso Usuario,200,OK,Ingreso-usuarios-muebles 1-94,text,true,,538,336,200,200,https://compumuebles-sabana-api.cyk.com.co/api/auth/login,15163,0,0
1781509474335,15213,Ingreso Usuario,200,OK,Ingreso-usuarios-muebles 1-23,text,true,,538,336,200,200,https://compumuebles-sabana-api.cyk.com.co/api/auth/login,15213,0,0
1781509474375,15174,Ingreso Usuario,200,OK,Ingreso-usuarios-muebles 1-165,text,true,,538,336,200,200,https://compumuebles-sabana-api.cyk.com.co/api/auth/login,15174,0,0
1781509474326,15225,Ingreso Usuario,200,OK,Ingreso-usuarios-muebles 1-167,text,true,,538,336,200,200,https://compumuebles-sabana-api.cyk.com.co/api/auth/login,15225,0,0
1781509474403,15167,Ingreso Usuario,200,OK,Ingreso-usuarios-muebles 1-98,text,true,,538,336,200,200,https://compumuebles-sabana-api.cyk.com.co/api/auth/login,15167,0,0
1781509474389,15181,Ingreso Usuario,200,OK,Ingreso-usuarios-muebles 1-83,text,true,,538,336,200,200,https://compumuebles-sabana-api.cyk.com.co/api/auth/login,15181,0,0
1781509474419,15151,Ingreso Usuario,200,OK,Ingreso-usuarios-muebles 1-103,text,true,,538,336,200,200,https://compumuebles-sabana-api.cyk.com.co/api/auth/login,15151,0,0
1781509474389,15181,Ingreso Usuario,200,OK,Ingreso-usuarios-muebles 1-102,text,true,,538,336,200,200,https://compumuebles-sabana-api.cyk.com.co/api/auth/login,15181,0,0
1781509474341,15230,Ingreso Usuario,200,OK,Ingreso-usuarios-muebles 1-84,text,true,,538,336,200,200,https://compumuebles-sabana-api.cyk.com.co/api/auth/login,15230,0,170
1781509474315,15256,Ingreso Usuario,200,OK,Ingreso-usuarios-muebles 1-90,text,true,,538,336,200,200,https://compumuebles-sabana-api.cyk.com.co/api/auth/login,15256,0,192
1781509474445,15126,Ingreso Usuario,200,OK,Ingreso-usuarios-muebles 1-179,text,true,,538,336,200,200,https://compumuebles-sabana-api.cyk.com.co/api/auth/login,15126,0,0
1781509474263,15308,Ingreso Usuario,200,OK,Ingreso-usuarios-muebles 1-169,text,true,,538,336,200,200,https://compumuebles-sabana-api.cyk.com.co/api/auth/login,15308,0,174
1781509474297,15279,Ingreso Usuario,200,OK,Ingreso-usuarios-muebles 1-197,text,true,,538,336,200,200,https://compumuebles-sabana-api.cyk.com.co/api/auth/login,15279,0,159
1781509474490,15088,Ingreso Usuario,200,OK,Ingreso-usuarios-muebles 1-136,text,true,,538,336,200,200,https://compumuebles-sabana-api.cyk.com.co/api/auth/login,15088,0,0
1781509474491,15091,Ingreso Usuario,200,OK,Ingreso-usuarios-muebles 1-72,text,true,,538,336,200,200,https://compumuebles-sabana-api.cyk.com.co/api/auth/login,15091,0,0
1781509474491,15091,Ingreso Usuario,200,OK,Ingreso-usuarios-muebles 1-112,text,true,,538,336,200,200,https://compumuebles-sabana-api.cyk.com.co/api/auth/login,15091,0,0
1781509474502,15080,Ingreso Usuario,200,OK,Ingreso-usuarios-muebles 1-33,text,true,,538,336,200,200,https://compumuebles-sabana-api.cyk.com.co/api/auth/login,15080,0,0
1781509474503,15080,Ingreso Usuario,200,OK,Ingreso-usuarios-muebles 1-192,text,true,,538,336,200,200,https://compumuebles-sabana-api.cyk.com.co/api/auth/login,15080,0,0
1781509474348,15235,Ingreso Usuario,200,OK,Ingreso-usuarios-muebles 1-8,text,true,,538,336,200,200,https://compumuebles-sabana-api.cyk.com.co/api/auth/login,15235,0,165
1781509474491,15092,Ingreso Usuario,200,OK,Ingreso-usuarios-muebles 1-93,text,true,,538,336,200,200,https://compumuebles-sabana-api.cyk.com.co/api/auth/login,15092,0,0
1781509474389,15197,Ingreso Usuario,200,OK,Ingreso-usuarios-muebles 1-145,text,true,,538,336,200,200,https://compumuebles-sabana-api.cyk.com.co/api/auth/login,15197,0,157
1781509479876,14699,Ingreso Usuario,200,OK,Ingreso-usuarios-muebles 1-132,text,true,,538,336,200,200,https://compumuebles-sabana-api.cyk.com.co/api/auth/login,14699,0,159
1781509474490,20086,Ingreso Usuario,200,OK,Ingreso-usuarios-muebles 1-76,text,true,,538,336,200,200,https://compumuebles-sabana-api.cyk.com.co/api/auth/login,20086,0,180
1781509479963,14614,Ingreso Usuario,200,OK,Ingreso-usuarios-muebles 1-20,text,true,,538,336,200,200,https://compumuebles-sabana-api.cyk.com.co/api/auth/login,14614,0,0
1781509479958,14623,Ingreso Usuario,200,OK,Ingreso-usuarios-muebles 1-7,text,true,,538,336,200,200,https://compumuebles-sabana-api.cyk.com.co/api/auth/login,14623,0,0
1781509479958,14627,Ingreso Usuario,200,OK,Ingreso-usuarios-muebles 1-193,text,true,,538,336,200,200,https://compumuebles-sabana-api.cyk.com.co/api/auth/login,14627,0,0
1781509479884,14704,Ingreso Usuario,200,OK,Ingreso-usuarios-muebles 1-65,text,true,,538,336,200,200,https://compumuebles-sabana-api.cyk.com.co/api/auth/login,14704,0,161
1781509479893,14698,Ingreso Usuario,200,OK,Ingreso-usuarios-muebles 1-149,text,true,,538,336,200,200,https://compumuebles-sabana-api.cyk.com.co/api/auth/login,14698,0,163
1781509479917,14676,Ingreso Usuario,200,OK,Ingreso-usuarios-muebles 1-41,text,true,,538,336,200,200,https://compumuebles-sabana-api.cyk.com.co/api/auth/login,14676,0,175
1781509479909,14692,Ingreso Usuario,200,OK,Ingreso-usuarios-muebles 1-182,text,true,,538,336,200,200,https://compumuebles-sabana-api.cyk.com.co/api/auth/login,14692,0,177
1781509479916,14686,Ingreso Usuario,200,OK,Ingreso-usuarios-muebles 1-4,text,true,,538,336,200,200,https://compumuebles-sabana-api.cyk.com.co/api/auth/login,14686,0,169
1781509479904,14701,Ingreso Usuario,200,OK,Ingreso-usuarios-muebles 1-188,text,true,,538,336,200,200,https://compumuebles-sabana-api.cyk.com.co/api/auth/login,14701,0,182
1781509479916,14690,Ingreso Usuario,200,OK,Ingreso-usuarios-muebles 1-56,text,true,,538,336,200,200,https://compumuebles-sabana-api.cyk.com.co/api/auth/login,14690,0,170
1781509479905,14703,Ingreso Usuario,200,OK,Ingreso-usuarios-muebles 1-126,text,true,,538,336,200,200,https://compumuebles-sabana-api.cyk.com.co/api/auth/login,14703,0,179
1781509479902,14722,Ingreso Usuario,200,OK,Ingreso-usuarios-muebles 1-125,text,true,,538,336,200,200,https://compumuebles-sabana-api.cyk.com.co/api/auth/login,14722,0,182
1781509479904,14721,Ingreso Usuario,200,OK,Ingreso-usuarios-muebles 1-166,text,true,,538,336,200,200,https://compumuebles-sabana-api.cyk.com.co/api/auth/login,14721,0,181
1781509479898,14728,Ingreso Usuario,200,OK,Ingreso-usuarios-muebles 1-138,text,true,,538,336,200,200,https://compumuebles-sabana-api.cyk.com.co/api/auth/login,14728,0,188
1781509479913,14716,Ingreso Usuario,200,OK,Ingreso-usuarios-muebles 1-60,text,true,,538,336,200,200,https://compumuebles-sabana-api.cyk.com.co/api/auth/login,14716,0,176
1781509479911,14720,Ingreso Usuario,200,OK,Ingreso-usuarios-muebles 1-71,text,true,,538,336,200,200,https://compumuebles-sabana-api.cyk.com.co/api/auth/login,14720,0,175
1781509479929,14702,Ingreso Usuario,200,OK,Ingreso-usuarios-muebles 1-55,text,true,,538,336,200,200,https://compumuebles-sabana-api.cyk.com.co/api/auth/login,14702,0,166
1781509479930,14703,Ingreso Usuario,200,OK,Ingreso-usuarios-muebles 1-144,text,true,,538,336,200,200,https://compumuebles-sabana-api.cyk.com.co/api/auth/login,14703,0,168
1781509479907,14728,Ingreso Usuario,200,OK,Ingreso-usuarios-muebles 1-89,text,true,,538,336,200,200,https://compumuebles-sabana-api.cyk.com.co/api/auth/login,14728,0,179
1781509479926,14710,Ingreso Usuario,200,OK,Ingreso-usuarios-muebles 1-168,text,true,,538,336,200,200,https://compumuebles-sabana-api.cyk.com.co/api/auth/login,14710,0,167
1781509479936,14701,Ingreso Usuario,200,OK,Ingreso-usuarios-muebles 1-26,text,true,,538,336,200,200,https://compumuebles-sabana-api.cyk.com.co/api/auth/login,14701,0,167
1781509479923,14718,Ingreso Usuario,200,OK,Ingreso-usuarios-muebles 1-106,text,true,,538,336,200,200,https://compumuebles-sabana-api.cyk.com.co/api/auth/login,14718,0,170
1781509479933,14710,Ingreso Usuario,200,OK,Ingreso-usuarios-muebles 1-162,text,true,,538,336,200,200,https://compumuebles-sabana-api.cyk.com.co/api/auth/login,14710,0,169
1781509479934,14711,Ingreso Usuario,200,OK,Ingreso-usuarios-muebles 1-46,text,true,,538,336,200,200,https://compumuebles-sabana-api.cyk.com.co/api/auth/login,14711,0,167
1781509479941,14711,Ingreso Usuario,200,OK,Ingreso-usuarios-muebles 1-22,text,true,,538,336,200,200,https://compumuebles-sabana-api.cyk.com.co/api/auth/login,14711,0,168
1781509479924,14732,Ingreso Usuario,200,OK,Ingreso-usuarios-muebles 1-121,text,true,,538,336,200,200,https://compumuebles-sabana-api.cyk.com.co/api/auth/login,14732,0,176
1781509479952,14708,Ingreso Usuario,200,OK,Ingreso-usuarios-muebles 1-70,text,true,,538,336,200,200,https://compumuebles-sabana-api.cyk.com.co/api/auth/login,14708,0,164
1781509479944,14718,Ingreso Usuario,200,OK,Ingreso-usuarios-muebles 1-135,text,true,,538,336,200,200,https://compumuebles-sabana-api.cyk.com.co/api/auth/login,14718,0,166
1781509479946,14716,Ingreso Usuario,200,OK,Ingreso-usuarios-muebles 1-156,text,true,,538,336,200,200,https://compumuebles-sabana-api.cyk.com.co/api/auth/login,14716,0,170
1781509479944,14725,Ingreso Usuario,200,OK,Ingreso-usuarios-muebles 1-140,text,true,,538,336,200,200,https://compumuebles-sabana-api.cyk.com.co/api/auth/login,14725,0,171
1781509479953,14717,Ingreso Usuario,200,OK,Ingreso-usuarios-muebles 1-113,text,true,,538,336,200,200,https://compumuebles-sabana-api.cyk.com.co/api/auth/login,14717,0,165
1781509479934,14740,Ingreso Usuario,200,OK,Ingreso-usuarios-muebles 1-187,text,true,,538,336,200,200,https://compumuebles-sabana-api.cyk.com.co/api/auth/login,14740,0,171
1781509479947,14731,Ingreso Usuario,200,OK,Ingreso-usuarios-muebles 1-69,text,true,,538,336,200,200,https://compumuebles-sabana-api.cyk.com.co/api/auth/login,14731,0,165
1781509479951,14731,Ingreso Usuario,200,OK,Ingreso-usuarios-muebles 1-184,text,true,,538,336,200,200,https://compumuebles-sabana-api.cyk.com.co/api/auth/login,14731,0,165
1781509479938,14746,Ingreso Usuario,200,OK,Ingreso-usuarios-muebles 1-104,text,true,,538,336,200,200,https://compumuebles-sabana-api.cyk.com.co/api/auth/login,14746,0,173
1781509479955,14736,Ingreso Usuario,200,OK,Ingreso-usuarios-muebles 1-42,text,true,,538,336,200,200,https://compumuebles-sabana-api.cyk.com.co/api/auth/login,14736,0,162
1781509480821,14685,Ingreso Usuario,200,OK,Ingreso-usuarios-muebles 1-30,text,true,,538,336,200,200,https://compumuebles-sabana-api.cyk.com.co/api/auth/login,14685,0,0
1781509480828,14680,Ingreso Usuario,200,OK,Ingreso-usuarios-muebles 1-38,text,true,,538,336,200,200,https://compumuebles-sabana-api.cyk.com.co/api/auth/login,14680,0,0
1781509480894,14615,Ingreso Usuario,200,OK,Ingreso-usuarios-muebles 1-134,text,true,,538,336,200,200,https://compumuebles-sabana-api.cyk.com.co/api/auth/login,14615,0,0
1781509480909,14603,Ingreso Usuario,200,OK,Ingreso-usuarios-muebles 1-171,text,true,,538,336,200,200,https://compumuebles-sabana-api.cyk.com.co/api/auth/login,14603,0,0
1781509480927,14587,Ingreso Usuario,200,OK,Ingreso-usuarios-muebles 1-73,text,true,,538,336,200,200,https://compumuebles-sabana-api.cyk.com.co/api/auth/login,14587,0,0
1781509480930,14586,Ingreso Usuario,200,OK,Ingreso-usuarios-muebles 1-81,text,true,,538,336,200,200,https://compumuebles-sabana-api.cyk.com.co/api/auth/login,14586,0,0
1781509480943,14575,Ingreso Usuario,200,OK,Ingreso-usuarios-muebles 1-1,text,true,,538,336,200,200,https://compumuebles-sabana-api.cyk.com.co/api/auth/login,14575,0,0
1781509480944,14576,Ingreso Usuario,200,OK,Ingreso-usuarios-muebles 1-96,text,true,,538,336,200,200,https://compumuebles-sabana-api.cyk.com.co/api/auth/login,14576,0,0
1781509480955,14567,Ingreso Usuario,200,OK,Ingreso-usuarios-muebles 1-5,text,true,,538,336,200,200,https://compumuebles-sabana-api.cyk.com.co/api/auth/login,14567,0,0
1781509480960,14566,Ingreso Usuario,200,OK,Ingreso-usuarios-muebles 1-51,text,true,,538,336,200,200,https://compumuebles-sabana-api.cyk.com.co/api/auth/login,14566,0,0
1781509480959,14569,Ingreso Usuario,200,OK,Ingreso-usuarios-muebles 1-34,text,true,,538,336,200,200,https://compumuebles-sabana-api.cyk.com.co/api/auth/login,14569,0,0
1781509480800,14729,Ingreso Usuario,200,OK,Ingreso-usuarios-muebles 1-82,text,true,,538,336,200,200,https://compumuebles-sabana-api.cyk.com.co/api/auth/login,14729,0,164
1781509480963,14566,Ingreso Usuario,200,OK,Ingreso-usuarios-muebles 1-28,text,true,,538,336,200,200,https://compumuebles-sabana-api.cyk.com.co/api/auth/login,14566,0,0
1781509480949,14586,Ingreso Usuario,200,OK,Ingreso-usuarios-muebles 1-97,text,true,,538,336,200,200,https://compumuebles-sabana-api.cyk.com.co/api/auth/login,14586,0,0
1781509480959,14583,Ingreso Usuario,200,OK,Ingreso-usuarios-muebles 1-37,text,true,,538,336,200,200,https://compumuebles-sabana-api.cyk.com.co/api/auth/login,14583,0,0
1781509480815,14729,Ingreso Usuario,200,OK,Ingreso-usuarios-muebles 1-32,text,true,,538,336,200,200,https://compumuebles-sabana-api.cyk.com.co/api/auth/login,14729,0,179
1781509480801,14746,Ingreso Usuario,200,OK,Ingreso-usuarios-muebles 1-53,text,true,,538,336,200,200,https://compumuebles-sabana-api.cyk.com.co/api/auth/login,14746,0,164
1781509480812,14736,Ingreso Usuario,200,OK,Ingreso-usuarios-muebles 1-158,text,true,,538,336,200,200,https://compumuebles-sabana-api.cyk.com.co/api/auth/login,14736,0,189
1781509481001,14555,Ingreso Usuario,200,OK,Ingreso-usuarios-muebles 1-174,text,true,,538,336,200,200,https://compumuebles-sabana-api.cyk.com.co/api/auth/login,14555,0,0
1781509480810,14748,Ingreso Usuario,200,OK,Ingreso-usuarios-muebles 1-100,text,true,,538,336,200,200,https://compumuebles-sabana-api.cyk.com.co/api/auth/login,14748,0,189
1781509480817,14748,Ingreso Usuario,200,OK,Ingreso-usuarios-muebles 1-176,text,true,,538,336,200,200,https://compumuebles-sabana-api.cyk.com.co/api/auth/login,14748,0,190
1781509480806,14763,Ingreso Usuario,200,OK,Ingreso-usuarios-muebles 1-24,text,true,,538,336,200,200,https://compumuebles-sabana-api.cyk.com.co/api/auth/login,14763,0,201
1781509480812,14757,Ingreso Usuario,200,OK,Ingreso-usuarios-muebles 1-68,text,true,,538,336,200,200,https://compumuebles-sabana-api.cyk.com.co/api/auth/login,14757,0,192
1781509480832,14738,Ingreso Usuario,200,OK,Ingreso-usuarios-muebles 1-163,text,true,,538,336,200,200,https://compumuebles-sabana-api.cyk.com.co/api/auth/login,14738,0,176
1781509480815,14757,Ingreso Usuario,200,OK,Ingreso-usuarios-muebles 1-63,text,true,,538,336,200,200,https://compumuebles-sabana-api.cyk.com.co/api/auth/login,14757,0,189
1781509481021,14552,Ingreso Usuario,200,OK,Ingreso-usuarios-muebles 1-80,text,true,,538,336,200,200,https://compumuebles-sabana-api.cyk.com.co/api/auth/login,14552,0,0
1781509481011,14565,Ingreso Usuario,200,OK,Ingreso-usuarios-muebles 1-159,text,true,,538,336,200,200,https://compumuebles-sabana-api.cyk.com.co/api/auth/login,14565,0,0
1781509481021,14558,Ingreso Usuario,200,OK,Ingreso-usuarios-muebles 1-16,text,true,,538,336,200,200,https://compumuebles-sabana-api.cyk.com.co/api/auth/login,14558,0,0
1781509480894,14686,Ingreso Usuario,200,OK,Ingreso-usuarios-muebles 1-146,text,true,,538,336,200,200,https://compumuebles-sabana-api.cyk.com.co/api/auth/login,14686,0,178
1781509480894,14689,Ingreso Usuario,200,OK,Ingreso-usuarios-muebles 1-87,text,true,,538,336,200,200,https://compumuebles-sabana-api.cyk.com.co/api/auth/login,14689,0,181
1781509480894,14703,Ingreso Usuario,200,OK,Ingreso-usuarios-muebles 1-88,text,true,,538,336,200,200,https://compumuebles-sabana-api.cyk.com.co/api/auth/login,14703,0,183
1781509480894,14703,Ingreso Usuario,200,OK,Ingreso-usuarios-muebles 1-6,text,true,,538,336,200,200,https://compumuebles-sabana-api.cyk.com.co/api/auth/login,14703,0,187
1781509480894,14704,Ingreso Usuario,200,OK,Ingreso-usuarios-muebles 1-147,text,true,,538,336,200,200,https://compumuebles-sabana-api.cyk.com.co/api/auth/login,14704,0,186
1781509480894,14708,Ingreso Usuario,200,OK,Ingreso-usuarios-muebles 1-115,text,true,,538,336,200,200,https://compumuebles-sabana-api.cyk.com.co/api/auth/login,14708,0,187
1781509480894,14734,Ingreso Usuario,200,OK,Ingreso-usuarios-muebles 1-99,text,true,,538,336,200,200,https://compumuebles-sabana-api.cyk.com.co/api/auth/login,14734,0,186
1781509480894,14737,Ingreso Usuario,200,OK,Ingreso-usuarios-muebles 1-122,text,true,,538,336,200,200,https://compumuebles-sabana-api.cyk.com.co/api/auth/login,14737,0,182
1781509480894,14739,Ingreso Usuario,200,OK,Ingreso-usuarios-muebles 1-143,text,true,,538,336,200,200,https://compumuebles-sabana-api.cyk.com.co/api/auth/login,14739,0,189
1781509480894,14739,Ingreso Usuario,200,OK,Ingreso-usuarios-muebles 1-9,text,true,,538,336,200,200,https://compumuebles-sabana-api.cyk.com.co/api/auth/login,14739,0,190
1781509480894,14749,Ingreso Usuario,200,OK,Ingreso-usuarios-muebles 1-114,text,true,,538,336,200,200,https://compumuebles-sabana-api.cyk.com.co/api/auth/login,14749,0,191
1781509480894,14753,Ingreso Usuario,200,OK,Ingreso-usuarios-muebles 1-128,text,true,,538,336,200,200,https://compumuebles-sabana-api.cyk.com.co/api/auth/login,14753,0,193
1781509480894,14761,Ingreso Usuario,200,OK,Ingreso-usuarios-muebles 1-155,text,true,,538,336,200,200,https://compumuebles-sabana-api.cyk.com.co/api/auth/login,14761,0,195
1781509480894,14769,Ingreso Usuario,200,OK,Ingreso-usuarios-muebles 1-172,text,true,,538,336,200,200,https://compumuebles-sabana-api.cyk.com.co/api/auth/login,14769,0,193
1781509480909,14756,Ingreso Usuario,200,OK,Ingreso-usuarios-muebles 1-141,text,true,,538,336,200,200,https://compumuebles-sabana-api.cyk.com.co/api/auth/login,14756,0,192
1781509480908,14764,Ingreso Usuario,200,OK,Ingreso-usuarios-muebles 1-59,text,true,,538,336,200,200,https://compumuebles-sabana-api.cyk.com.co/api/auth/login,14764,0,194
1781509480982,14692,Ingreso Usuario,200,OK,Ingreso-usuarios-muebles 1-66,text,true,,538,336,200,200,https://compumuebles-sabana-api.cyk.com.co/api/auth/login,14692,0,157
1781509480984,14690,Ingreso Usuario,200,OK,Ingreso-usuarios-muebles 1-48,text,true,,538,336,200,200,https://compumuebles-sabana-api.cyk.com.co/api/auth/login,14690,0,163
1781509480994,14685,Ingreso Usuario,200,OK,Ingreso-usuarios-muebles 1-27,text,true,,538,336,200,200,https://compumuebles-sabana-api.cyk.com.co/api/auth/login,14685,0,164
1781509480821,14858,Ingreso Usuario,200,OK,Ingreso-usuarios-muebles 1-31,text,true,,538,336,200,200,https://compumuebles-sabana-api.cyk.com.co/api/auth/login,14858,0,0
1781509480894,14787,Ingreso Usuario,200,OK,Ingreso-usuarios-muebles 1-43,text,true,,538,336,200,200,https://compumuebles-sabana-api.cyk.com.co/api/auth/login,14787,0,0
1781509480894,14791,Ingreso Usuario,200,OK,Ingreso-usuarios-muebles 1-139,text,true,,538,336,200,200,https://compumuebles-sabana-api.cyk.com.co/api/auth/login,14791,0,0
1781509480922,14766,Ingreso Usuario,200,OK,Ingreso-usuarios-muebles 1-109,text,true,,538,336,200,200,https://compumuebles-sabana-api.cyk.com.co/api/auth/login,14766,0,0
1781509480938,14752,Ingreso Usuario,200,OK,Ingreso-usuarios-muebles 1-15,text,true,,538,336,200,200,https://compumuebles-sabana-api.cyk.com.co/api/auth/login,14752,0,0
1781509480942,14751,Ingreso Usuario,200,OK,Ingreso-usuarios-muebles 1-21,text,true,,538,336,200,200,https://compumuebles-sabana-api.cyk.com.co/api/auth/login,14751,0,0
1781509480945,14750,Ingreso Usuario,200,OK,Ingreso-usuarios-muebles 1-178,text,true,,538,336,200,200,https://compumuebles-sabana-api.cyk.com.co/api/auth/login,14750,0,0
1781509480940,14755,Ingreso Usuario,200,OK,Ingreso-usuarios-muebles 1-198,text,true,,538,336,200,200,https://compumuebles-sabana-api.cyk.com.co/api/auth/login,14755,0,0
1781509480956,14740,Ingreso Usuario,200,OK,Ingreso-usuarios-muebles 1-57,text,true,,538,336,200,200,https://compumuebles-sabana-api.cyk.com.co/api/auth/login,14740,0,0
1781509480908,14790,Ingreso Usuario,200,OK,Ingreso-usuarios-muebles 1-148,text,true,,538,336,200,200,https://compumuebles-sabana-api.cyk.com.co/api/auth/login,14790,0,182
1781509480982,14717,Ingreso Usuario,200,OK,Ingreso-usuarios-muebles 1-108,text,true,,538,336,200,200,https://compumuebles-sabana-api.cyk.com.co/api/auth/login,14717,0,157
1781509480992,14708,Ingreso Usuario,200,OK,Ingreso-usuarios-muebles 1-189,text,true,,538,336,200,200,https://compumuebles-sabana-api.cyk.com.co/api/auth/login,14708,0,159
1781509480894,14808,Ingreso Usuario,200,OK,Ingreso-usuarios-muebles 1-195,text,true,,538,336,200,200,https://compumuebles-sabana-api.cyk.com.co/api/auth/login,14808,0,0
1781509480894,14812,Ingreso Usuario,200,OK,Ingreso-usuarios-muebles 1-177,text,true,,538,336,200,200,https://compumuebles-sabana-api.cyk.com.co/api/auth/login,14812,0,0
1781509480924,14783,Ingreso Usuario,200,OK,Ingreso-usuarios-muebles 1-2,text,true,,538,336,200,200,https://compumuebles-sabana-api.cyk.com.co/api/auth/login,14783,0,0
1781509480913,14796,Ingreso Usuario,200,OK,Ingreso-usuarios-muebles 1-116,text,true,,538,336,200,200,https://compumuebles-sabana-api.cyk.com.co/api/auth/login,14796,0,0
1781509480942,14769,Ingreso Usuario,200,OK,Ingreso-usuarios-muebles 1-45,text,true,,538,336,200,200,https://compumuebles-sabana-api.cyk.com.co/api/auth/login,14769,0,0
1781509480931,14780,Ingreso Usuario,200,OK,Ingreso-usuarios-muebles 1-91,text,true,,538,336,200,200,https://compumuebles-sabana-api.cyk.com.co/api/auth/login,14780,0,0
1781509480945,14768,Ingreso Usuario,200,OK,Ingreso-usuarios-muebles 1-40,text,true,,538,336,200,200,https://compumuebles-sabana-api.cyk.com.co/api/auth/login,14768,0,0
1781509480947,14771,Ingreso Usuario,200,OK,Ingreso-usuarios-muebles 1-19,text,true,,538,336,200,200,https://compumuebles-sabana-api.cyk.com.co/api/auth/login,14771,0,0
1781509480894,14826,Ingreso Usuario,200,OK,Ingreso-usuarios-muebles 1-133,text,true,,538,336,200,200,https://compumuebles-sabana-api.cyk.com.co/api/auth/login,14826,0,208
1781509480974,14748,Ingreso Usuario,200,OK,Ingreso-usuarios-muebles 1-151,text,true,,538,336,200,200,https://compumuebles-sabana-api.cyk.com.co/api/auth/login,14748,0,172
1781509480965,14758,Ingreso Usuario,200,OK,Ingreso-usuarios-muebles 1-111,text,true,,538,336,200,200,https://compumuebles-sabana-api.cyk.com.co/api/auth/login,14758,0,158
1781509486680,14875,Ingreso Usuario,200,OK,Ingreso-usuarios-muebles 1-25,text,true,,538,336,200,200,https://compumuebles-sabana-api.cyk.com.co/api/auth/login,14874,0,0
1781509481000,20553,Ingreso Usuario,200,OK,Ingreso-usuarios-muebles 1-74,text,true,,538,336,200,200,https://compumuebles-sabana-api.cyk.com.co/api/auth/login,20553,0,172
1781509486679,14877,Ingreso Usuario,200,OK,Ingreso-usuarios-muebles 1-181,text,true,,538,336,200,200,https://compumuebles-sabana-api.cyk.com.co/api/auth/login,14877,0,0
1781509486680,14880,Ingreso Usuario,200,OK,Ingreso-usuarios-muebles 1-123,text,true,,538,336,200,200,https://compumuebles-sabana-api.cyk.com.co/api/auth/login,14880,0,0
1781509486681,14882,Ingreso Usuario,200,OK,Ingreso-usuarios-muebles 1-194,text,true,,538,336,200,200,https://compumuebles-sabana-api.cyk.com.co/api/auth/login,14882,0,0
1781509486688,14876,Ingreso Usuario,200,OK,Ingreso-usuarios-muebles 1-130,text,true,,538,336,200,200,https://compumuebles-sabana-api.cyk.com.co/api/auth/login,14876,0,0
1781509486684,14882,Ingreso Usuario,200,OK,Ingreso-usuarios-muebles 1-75,text,true,,538,336,200,200,https://compumuebles-sabana-api.cyk.com.co/api/auth/login,14882,0,0
1781509486691,14879,Ingreso Usuario,200,OK,Ingreso-usuarios-muebles 1-164,text,true,,538,336,200,200,https://compumuebles-sabana-api.cyk.com.co/api/auth/login,14879,0,0
1781509486689,14884,Ingreso Usuario,200,OK,Ingreso-usuarios-muebles 1-110,text,true,,538,336,200,200,https://compumuebles-sabana-api.cyk.com.co/api/auth/login,14884,0,0
1781509486693,14884,Ingreso Usuario,200,OK,Ingreso-usuarios-muebles 1-107,text,true,,538,336,200,200,https://compumuebles-sabana-api.cyk.com.co/api/auth/login,14884,0,0
1781509486691,14891,Ingreso Usuario,200,OK,Ingreso-usuarios-muebles 1-129,text,true,,538,336,200,200,https://compumuebles-sabana-api.cyk.com.co/api/auth/login,14891,0,0
1781509486697,14885,Ingreso Usuario,200,OK,Ingreso-usuarios-muebles 1-14,text,true,,538,336,200,200,https://compumuebles-sabana-api.cyk.com.co/api/auth/login,14885,0,0
1781509486675,14909,Ingreso Usuario,200,OK,Ingreso-usuarios-muebles 1-142,text,true,,538,336,200,200,https://compumuebles-sabana-api.cyk.com.co/api/auth/login,14909,0,161
1781509489460,13816,Ingreso Usuario,Non HTTP response code: java.net.SocketException,Non HTTP response message: Socket closed,Ingreso-usuarios-muebles 1-117,text,false,,2980,0,200,200,https://compumuebles-sabana-api.cyk.com.co/api/auth/login,0,0,194
1781509494625,8652,Ingreso Usuario,Non HTTP response code: java.net.SocketException,Non HTTP response message: Socket closed,Ingreso-usuarios-muebles 1-166,text,false,,2980,0,200,200,https://compumuebles-sabana-api.cyk.com.co/api/auth/login,0,0,0
1781509494631,8647,Ingreso Usuario,Non HTTP response code: java.net.SocketException,Non HTTP response message: Socket closed,Ingreso-usuarios-muebles 1-71,text,false,,2980,0,198,198,https://compumuebles-sabana-api.cyk.com.co/api/auth/login,0,0,0
1781509489459,13822,Ingreso Usuario,Non HTTP response code: java.net.SocketException,Non HTTP response message: Socket closed,Ingreso-usuarios-muebles 1-77,text,false,,2980,0,197,197,https://compumuebles-sabana-api.cyk.com.co/api/auth/login,0,0,184
1781509495544,7737,Ingreso Usuario,Non HTTP response code: java.net.SocketException,Non HTTP response message: Socket closed,Ingreso-usuarios-muebles 1-32,text,false,,2980,0,196,196,https://compumuebles-sabana-api.cyk.com.co/api/auth/login,0,0,0
1781509494629,8654,Ingreso Usuario,Non HTTP response code: java.net.SocketException,Non HTTP response message: Socket closed,Ingreso-usuarios-muebles 1-60,text,false,,2980,0,195,195,https://compumuebles-sabana-api.cyk.com.co/api/auth/login,0,0,0
1781509501576,1708,Ingreso Usuario,Non HTTP response code: java.net.SocketException,Non HTTP response message: Socket closed,Ingreso-usuarios-muebles 1-107,text,false,,2980,0,194,194,https://compumuebles-sabana-api.cyk.com.co/api/auth/login,0,0,0
1781509489571,13716,Ingreso Usuario,Non HTTP response code: java.net.SocketException,Non HTTP response message: Socket closed,Ingreso-usuarios-muebles 1-83,text,false,,2980,0,193,193,https://compumuebles-sabana-api.cyk.com.co/api/auth/login,0,0,191
1781509501554,1733,Ingreso Usuario,Non HTTP response code: java.net.SocketException,Non HTTP response message: Socket closed,Ingreso-usuarios-muebles 1-25,text,false,,2980,0,192,192,https://compumuebles-sabana-api.cyk.com.co/api/auth/login,0,0,0
1781509494588,8700,Ingreso Usuario,Non HTTP response code: java.net.SocketException,Non HTTP response message: Socket closed,Ingreso-usuarios-muebles 1-65,text,false,,2980,0,191,191,https://compumuebles-sabana-api.cyk.com.co/api/auth/login,0,0,0
1781509495509,7780,Ingreso Usuario,Non HTTP response code: java.net.SocketException,Non HTTP response message: Socket closed,Ingreso-usuarios-muebles 1-134,text,false,,2980,0,190,190,https://compumuebles-sabana-api.cyk.com.co/api/auth/login,0,0,0
1781509501572,1719,Ingreso Usuario,Non HTTP response code: java.net.SocketException,Non HTTP response message: Socket closed,Ingreso-usuarios-muebles 1-110,text,false,,2980,0,189,189,https://compumuebles-sabana-api.cyk.com.co/api/auth/login,0,0,0
1781509489584,13709,Ingreso Usuario,Non HTTP response code: java.net.SocketException,Non HTTP response message: Socket closed,Ingreso-usuarios-muebles 1-8,text,false,,2980,0,188,188,https://compumuebles-sabana-api.cyk.com.co/api/auth/login,0,0,0
1781509489369,13926,Ingreso Usuario,Non HTTP response code: java.net.SocketException,Non HTTP response message: Socket closed,Ingreso-usuarios-muebles 1-170,text,false,,2980,0,187,187,https://compumuebles-sabana-api.cyk.com.co/api/auth/login,0,0,160
1781509495506,7790,Ingreso Usuario,Non HTTP response code: java.net.SocketException,Non HTTP response message: Socket closed,Ingreso-usuarios-muebles 1-30,text,false,,2980,0,186,186,https://compumuebles-sabana-api.cyk.com.co/api/auth/login,0,0,0
1781509495658,7639,Ingreso Usuario,Non HTTP response code: java.net.SocketException,Non HTTP response message: Socket closed,Ingreso-usuarios-muebles 1-128,text,false,,2980,0,185,185,https://compumuebles-sabana-api.cyk.com.co/api/auth/login,0,0,0
1781509494606,8692,Ingreso Usuario,Non HTTP response code: java.net.SocketException,Non HTTP response message: Socket closed,Ingreso-usuarios-muebles 1-56,text,false,,2980,0,184,184,https://compumuebles-sabana-api.cyk.com.co/api/auth/login,0,0,0
1781509489556,13745,Ingreso Usuario,Non HTTP response code: java.net.SocketException,Non HTTP response message: Socket closed,Ingreso-usuarios-muebles 1-79,text,false,,2980,0,183,183,https://compumuebles-sabana-api.cyk.com.co/api/auth/login,0,0,201
1781509489408,13894,Ingreso Usuario,Non HTTP response code: java.net.SocketException,Non HTTP response message: Socket closed,Ingreso-usuarios-muebles 1-118,text,false,,2980,0,182,182,https://compumuebles-sabana-api.cyk.com.co/api/auth/login,0,0,167
1781509501584,1723,Ingreso Usuario,Non HTTP response code: java.net.SocketException,Non HTTP response message: Socket closed,Ingreso-usuarios-muebles 1-142,text,false,,2980,0,181,181,https://compumuebles-sabana-api.cyk.com.co/api/auth/login,0,0,0
1781509489481,13828,Ingreso Usuario,Non HTTP response code: java.net.SocketException,Non HTTP response message: Socket closed,Ingreso-usuarios-muebles 1-200,text,false,,2980,0,180,180,https://compumuebles-sabana-api.cyk.com.co/api/auth/login,0,0,239
1781509495508,7800,Ingreso Usuario,Non HTTP response code: java.net.SocketException,Non HTTP response message: Socket closed,Ingreso-usuarios-muebles 1-38,text,false,,2980,0,179,179,https://compumuebles-sabana-api.cyk.com.co/api/auth/login,0,0,0
1781509501565,1743,Ingreso Usuario,Non HTTP response code: java.net.SocketException,Non HTTP response message: Socket closed,Ingreso-usuarios-muebles 1-75,text,false,,2980,0,178,178,https://compumuebles-sabana-api.cyk.com.co/api/auth/login,0,0,0
1781509489372,13938,Ingreso Usuario,Non HTTP response code: java.net.SocketException,Non HTTP response message: Socket closed,Ingreso-usuarios-muebles 1-49,text,false,,2980,0,177,177,https://compumuebles-sabana-api.cyk.com.co/api/auth/login,0,0,172
1781509495695,7615,Ingreso Usuario,Non HTTP response code: java.net.SocketException,Non HTTP response message: Socket closed,Ingreso-usuarios-muebles 1-178,text,false,,2980,0,176,176,https://compumuebles-sabana-api.cyk.com.co/api/auth/login,0,0,0
1781509489469,13842,Ingreso Usuario,Non HTTP response code: java.net.SocketException,Non HTTP response message: Socket closed,Ingreso-usuarios-muebles 1-11,text,false,,2980,0,175,175,https://compumuebles-sabana-api.cyk.com.co/api/auth/login,0,0,218
1781509495530,7781,Ingreso Usuario,Non HTTP response code: java.net.SocketException,Non HTTP response message: Socket closed,Ingreso-usuarios-muebles 1-28,text,false,,2980,0,174,174,https://compumuebles-sabana-api.cyk.com.co/api/auth/login,0,0,0
1781509489556,13756,Ingreso Usuario,Non HTTP response code: java.net.SocketException,Non HTTP response message: Socket closed,Ingreso-usuarios-muebles 1-160,text,false,,2980,0,173,173,https://compumuebles-sabana-api.cyk.com.co/api/auth/login,0,0,199
1781509501581,1731,Ingreso Usuario,Non HTTP response code: java.net.SocketException,Non HTTP response message: Socket closed,Ingreso-usuarios-muebles 1-129,text,false,,2980,0,172,172,https://compumuebles-sabana-api.cyk.com.co/api/auth/login,0,0,0
1781509489401,13912,Ingreso Usuario,Non HTTP response code: java.net.SocketException,Non HTTP response message: Socket closed,Ingreso-usuarios-muebles 1-13,text,false,,2980,0,171,171,https://compumuebles-sabana-api.cyk.com.co/api/auth/login,0,0,172
1781509495713,7600,Ingreso Usuario,Non HTTP response code: java.net.SocketException,Non HTTP response message: Socket closed,Ingreso-usuarios-muebles 1-40,text,false,,2980,0,170,170,https://compumuebles-sabana-api.cyk.com.co/api/auth/login,0,0,0
1781509495542,7771,Ingreso Usuario,Non HTTP response code: java.net.SocketException,Non HTTP response message: Socket closed,Ingreso-usuarios-muebles 1-37,text,false,,2980,0,169,169,https://compumuebles-sabana-api.cyk.com.co/api/auth/login,0,0,0
1781509495694,7619,Ingreso Usuario,Non HTTP response code: java.net.SocketException,Non HTTP response message: Socket closed,Ingreso-usuarios-muebles 1-21,text,false,,2980,0,168,168,https://compumuebles-sabana-api.cyk.com.co/api/auth/login,0,0,0
1781509495518,7795,Ingreso Usuario,Non HTTP response code: java.net.SocketException,Non HTTP response message: Socket closed,Ingreso-usuarios-muebles 1-1,text,false,,2980,0,167,167,https://compumuebles-sabana-api.cyk.com.co/api/auth/login,0,0,0
1781509495658,7655,Ingreso Usuario,Non HTTP response code: java.net.SocketException,Non HTTP response message: Socket closed,Ingreso-usuarios-muebles 1-88,text,false,,2980,0,166,166,https://compumuebles-sabana-api.cyk.com.co/api/auth/login,0,0,0
1781509501559,1755,Ingreso Usuario,Non HTTP response code: java.net.SocketException,Non HTTP response message: Socket closed,Ingreso-usuarios-muebles 1-123,text,false,,2980,0,165,165,https://compumuebles-sabana-api.cyk.com.co/api/auth/login,0,0,0
1781509495688,7626,Ingreso Usuario,Non HTTP response code: java.net.SocketException,Non HTTP response message: Socket closed,Ingreso-usuarios-muebles 1-109,text,false,,2980,0,164,164,https://compumuebles-sabana-api.cyk.com.co/api/auth/login,0,0,0
1781509489556,13760,Ingreso Usuario,Non HTTP response code: java.net.SocketException,Non HTTP response message: Socket closed,Ingreso-usuarios-muebles 1-120,text,false,,2980,0,163,163,https://compumuebles-sabana-api.cyk.com.co/api/auth/login,0,0,175
1781509489571,13746,Ingreso Usuario,Non HTTP response code: java.net.SocketException,Non HTTP response message: Socket closed,Ingreso-usuarios-muebles 1-98,text,false,,2980,0,162,162,https://compumuebles-sabana-api.cyk.com.co/api/auth/login,0,0,193
1781509494608,8708,Ingreso Usuario,Non HTTP response code: java.net.SocketException,Non HTTP response message: Socket closed,Ingreso-usuarios-muebles 1-126,text,false,,2980,0,161,161,https://compumuebles-sabana-api.cyk.com.co/api/auth/login,0,0,0
1781509495699,7617,Ingreso Usuario,Non HTTP response code: java.net.SocketException,Non HTTP response message: Socket closed,Ingreso-usuarios-muebles 1-108,text,false,,2980,0,160,160,https://compumuebles-sabana-api.cyk.com.co/api/auth/login,0,0,0
1781509489475,13842,Ingreso Usuario,Non HTTP response code: java.net.SocketException,Non HTTP response message: Socket closed,Ingreso-usuarios-muebles 1-17,text,false,,2980,0,159,159,https://compumuebles-sabana-api.cyk.com.co/api/auth/login,0,0,0
1781509489556,13762,Ingreso Usuario,Non HTTP response code: java.net.SocketException,Non HTTP response message: Socket closed,Ingreso-usuarios-muebles 1-127,text,false,,2980,0,158,158,https://compumuebles-sabana-api.cyk.com.co/api/auth/login,0,0,204
1781509495720,7598,Ingreso Usuario,Non HTTP response code: java.net.SocketException,Non HTTP response message: Socket closed,Ingreso-usuarios-muebles 1-133,text,false,,2980,0,157,157,https://compumuebles-sabana-api.cyk.com.co/api/auth/login,0,0,0
1781509489382,13937,Ingreso Usuario,Non HTTP response code: java.net.SocketException,Non HTTP response message: Socket closed,Ingreso-usuarios-muebles 1-29,text,false,,2980,0,156,156,https://compumuebles-sabana-api.cyk.com.co/api/auth/login,0,0,170
1781509494683,8636,Ingreso Usuario,Non HTTP response code: java.net.SocketException,Non HTTP response message: Socket closed,Ingreso-usuarios-muebles 1-184,text,false,,2980,0,155,155,https://compumuebles-sabana-api.cyk.com.co/api/auth/login,0,0,0
1781509489556,13765,Ingreso Usuario,Non HTTP response code: java.net.SocketException,Non HTTP response message: Socket closed,Ingreso-usuarios-muebles 1-175,text,false,,2980,0,154,154,https://compumuebles-sabana-api.cyk.com.co/api/auth/login,0,0,199
1781509495580,7740,Ingreso Usuario,Non HTTP response code: java.net.SocketException,Non HTTP response message: Socket closed,Ingreso-usuarios-muebles 1-146,text,false,,2980,0,153,153,https://compumuebles-sabana-api.cyk.com.co/api/auth/login,0,0,0
1781509489365,13956,Ingreso Usuario,Non HTTP response code: java.net.SocketException,Non HTTP response message: Socket closed,Ingreso-usuarios-muebles 1-137,text,false,,2980,0,152,152,https://compumuebles-sabana-api.cyk.com.co/api/auth/login,0,0,165
1781509495665,7656,Ingreso Usuario,Non HTTP response code: java.net.SocketException,Non HTTP response message: Socket closed,Ingreso-usuarios-muebles 1-141,text,false,,2980,0,151,151,https://compumuebles-sabana-api.cyk.com.co/api/auth/login,0,0,0
1781509489556,13767,Ingreso Usuario,Non HTTP response code: java.net.SocketException,Non HTTP response message: Socket closed,Ingreso-usuarios-muebles 1-180,text,false,,2980,0,150,150,https://compumuebles-sabana-api.cyk.com.co/api/auth/login,0,0,201
1781509495695,7627,Ingreso Usuario,Non HTTP response code: java.net.SocketException,Non HTTP response message: Socket closed,Ingreso-usuarios-muebles 1-198,text,false,,2980,0,149,149,https://compumuebles-sabana-api.cyk.com.co/api/auth/login,0,0,0
1781509495535,7787,Ingreso Usuario,Non HTTP response code: java.net.SocketException,Non HTTP response message: Socket closed,Ingreso-usuarios-muebles 1-97,text,false,,2980,0,148,148,https://compumuebles-sabana-api.cyk.com.co/api/auth/login,0,0,0
1781509494670,8652,Ingreso Usuario,Non HTTP response code: java.net.SocketException,Non HTTP response message: Socket closed,Ingreso-usuarios-muebles 1-113,text,false,,2980,0,147,147,https://compumuebles-sabana-api.cyk.com.co/api/auth/login,0,0,0
1781509489572,13752,Ingreso Usuario,Non HTTP response code: java.net.SocketException,Non HTTP response message: Socket closed,Ingreso-usuarios-muebles 1-90,text,false,,2980,0,146,146,https://compumuebles-sabana-api.cyk.com.co/api/auth/login,0,0,0
1781509494626,8697,Ingreso Usuario,Non HTTP response code: java.net.SocketException,Non HTTP response message: Socket closed,Ingreso-usuarios-muebles 1-138,text,false,,2980,0,145,145,https://compumuebles-sabana-api.cyk.com.co/api/auth/login,0,0,0
1781509489424,13903,Ingreso Usuario,Non HTTP response code: java.net.SocketException,Non HTTP response message: Socket closed,Ingreso-usuarios-muebles 1-39,text,false,,2980,0,144,144,https://compumuebles-sabana-api.cyk.com.co/api/auth/login,0,0,164
1781509495723,7603,Ingreso Usuario,Non HTTP response code: java.net.SocketException,Non HTTP response message: Socket closed,Ingreso-usuarios-muebles 1-151,text,false,,2980,0,143,143,https://compumuebles-sabana-api.cyk.com.co/api/auth/login,0,0,0
1781509489556,13771,Ingreso Usuario,Non HTTP response code: java.net.SocketException,Non HTTP response message: Socket closed,Ingreso-usuarios-muebles 1-36,text,false,,2980,0,142,142,https://compumuebles-sabana-api.cyk.com.co/api/auth/login,0,0,196
1781509489375,13953,Ingreso Usuario,Non HTTP response code: java.net.SocketException,Non HTTP response message: Socket closed,Ingreso-usuarios-muebles 1-196,text,false,,2980,0,141,141,https://compumuebles-sabana-api.cyk.com.co/api/auth/login,0,0,170
1781509489587,13741,Ingreso Usuario,Non HTTP response code: java.net.SocketException,Non HTTP response message: Socket closed,Ingreso-usuarios-muebles 1-145,text,false,,2980,0,140,140,https://compumuebles-sabana-api.cyk.com.co/api/auth/login,0,0,0
1781509489556,13772,Ingreso Usuario,Non HTTP response code: java.net.SocketException,Non HTTP response message: Socket closed,Ingreso-usuarios-muebles 1-50,text,false,,2980,0,139,139,https://compumuebles-sabana-api.cyk.com.co/api/auth/login,0,0,204
1781509495569,7758,Ingreso Usuario,Non HTTP response code: java.net.SocketException,Non HTTP response message: Socket closed,Ingreso-usuarios-muebles 1-24,text,false,,2980,0,138,138,https://compumuebles-sabana-api.cyk.com.co/api/auth/login,0,0,0
1781509489556,13773,Ingreso Usuario,Non HTTP response code: java.net.SocketException,Non HTTP response message: Socket closed,Ingreso-usuarios-muebles 1-153,text,false,,2980,0,137,137,https://compumuebles-sabana-api.cyk.com.co/api/auth/login,0,0,204
1781509489556,13773,Ingreso Usuario,Non HTTP response code: java.net.SocketException,Non HTTP response message: Socket closed,Ingreso-usuarios-muebles 1-94,text,false,,2980,0,136,136,https://compumuebles-sabana-api.cyk.com.co/api/auth/login,0,0,177
1781509495570,7758,Ingreso Usuario,Non HTTP response code: java.net.SocketException,Non HTTP response message: Socket closed,Ingreso-usuarios-muebles 1-163,text,false,,2980,0,135,135,https://compumuebles-sabana-api.cyk.com.co/api/auth/login,0,0,0
1781509495516,7812,Ingreso Usuario,Non HTTP response code: java.net.SocketException,Non HTTP response message: Socket closed,Ingreso-usuarios-muebles 1-81,text,false,,2980,0,134,134,https://compumuebles-sabana-api.cyk.com.co/api/auth/login,0,0,0
1781509495565,7763,Ingreso Usuario,Non HTTP response code: java.net.SocketException,Non HTTP response message: Socket closed,Ingreso-usuarios-muebles 1-176,text,false,,2980,0,133,133,https://compumuebles-sabana-api.cyk.com.co/api/auth/login,0,0,0
1781509494602,8727,Ingreso Usuario,Non HTTP response code: java.net.SocketException,Non HTTP response message: Socket closed,Ingreso-usuarios-muebles 1-4,text,false,,2980,0,132,132,https://compumuebles-sabana-api.cyk.com.co/api/auth/login,0,0,0
1781509495707,7622,Ingreso Usuario,Non HTTP response code: java.net.SocketException,Non HTTP response message: Socket closed,Ingreso-usuarios-muebles 1-2,text,false,,2980,0,131,131,https://compumuebles-sabana-api.cyk.com.co/api/auth/login,0,0,0
1781509494631,8698,Ingreso Usuario,Non HTTP response code: java.net.SocketException,Non HTTP response message: Socket closed,Ingreso-usuarios-muebles 1-55,text,false,,2980,0,130,130,https://compumuebles-sabana-api.cyk.com.co/api/auth/login,0,0,0
1781509489556,13775,Ingreso Usuario,Non HTTP response code: java.net.SocketException,Non HTTP response message: Socket closed,Ingreso-usuarios-muebles 1-150,text,false,,2980,0,129,129,https://compumuebles-sabana-api.cyk.com.co/api/auth/login,0,0,195
1781509494593,8737,Ingreso Usuario,Non HTTP response code: java.net.SocketException,Non HTTP response message: Socket closed,Ingreso-usuarios-muebles 1-41,text,false,,2980,0,128,128,https://compumuebles-sabana-api.cyk.com.co/api/auth/login,0,0,0
1781509495558,7772,Ingreso Usuario,Non HTTP response code: java.net.SocketException,Non HTTP response message: Socket closed,Ingreso-usuarios-muebles 1-100,text,false,,2980,0,127,127,https://compumuebles-sabana-api.cyk.com.co/api/auth/login,0,0,0
1781509494656,8674,Ingreso Usuario,Non HTTP response code: java.net.SocketException,Non HTTP response message: Socket closed,Ingreso-usuarios-muebles 1-121,text,false,,2980,0,126,126,https://compumuebles-sabana-api.cyk.com.co/api/auth/login,0,0,0
1781509495702,7628,Ingreso Usuario,Non HTTP response code: java.net.SocketException,Non HTTP response message: Socket closed,Ingreso-usuarios-muebles 1-195,text,false,,2980,0,125,125,https://compumuebles-sabana-api.cyk.com.co/api/auth/login,0,0,0
1781509495711,7620,Ingreso Usuario,Non HTTP response code: java.net.SocketException,Non HTTP response message: Socket closed,Ingreso-usuarios-muebles 1-91,text,false,,2980,0,124,124,https://compumuebles-sabana-api.cyk.com.co/api/auth/login,0,0,0
1781509495514,7817,Ingreso Usuario,Non HTTP response code: java.net.SocketException,Non HTTP response message: Socket closed,Ingreso-usuarios-muebles 1-73,text,false,,2980,0,123,123,https://compumuebles-sabana-api.cyk.com.co/api/auth/login,0,0,0
1781509495663,7668,Ingreso Usuario,Non HTTP response code: java.net.SocketException,Non HTTP response message: Socket closed,Ingreso-usuarios-muebles 1-172,text,false,,2980,0,122,122,https://compumuebles-sabana-api.cyk.com.co/api/auth/login,0,0,0
1781509494585,8746,Ingreso Usuario,Non HTTP response code: java.net.SocketException,Non HTTP response message: Socket closed,Ingreso-usuarios-muebles 1-193,text,false,,2980,0,121,121,https://compumuebles-sabana-api.cyk.com.co/api/auth/login,0,0,0
1781509501581,1750,Ingreso Usuario,Non HTTP response code: java.net.SocketException,Non HTTP response message: Socket closed,Ingreso-usuarios-muebles 1-14,text,false,,2980,0,120,120,https://compumuebles-sabana-api.cyk.com.co/api/auth/login,0,0,0
1781509494660,8672,Ingreso Usuario,Non HTTP response code: java.net.SocketException,Non HTTP response message: Socket closed,Ingreso-usuarios-muebles 1-70,text,false,,2980,0,119,119,https://compumuebles-sabana-api.cyk.com.co/api/auth/login,0,0,0
1781509495679,7653,Ingreso Usuario,Non HTTP response code: java.net.SocketException,Non HTTP response message: Socket closed,Ingreso-usuarios-muebles 1-31,text,false,,2980,0,118,118,https://compumuebles-sabana-api.cyk.com.co/api/auth/login,0,0,0
1781509489386,13947,Ingreso Usuario,Non HTTP response code: java.net.SocketException,Non HTTP response message: Socket closed,Ingreso-usuarios-muebles 1-131,text,false,,2980,0,117,117,https://compumuebles-sabana-api.cyk.com.co/api/auth/login,0,0,177
1781509495658,7675,Ingreso Usuario,Non HTTP response code: java.net.SocketException,Non HTTP response message: Socket closed,Ingreso-usuarios-muebles 1-9,text,false,,2980,0,116,116,https://compumuebles-sabana-api.cyk.com.co/api/auth/login,0,0,0
1781509489583,13751,Ingreso Usuario,Non HTTP response code: java.net.SocketException,Non HTTP response message: Socket closed,Ingreso-usuarios-muebles 1-72,text,false,,2980,0,115,115,https://compumuebles-sabana-api.cyk.com.co/api/auth/login,0,0,184
1781509495718,7615,Ingreso Usuario,Non HTTP response code: java.net.SocketException,Non HTTP response message: Socket closed,Ingreso-usuarios-muebles 1-19,text,false,,2980,0,114,114,https://compumuebles-sabana-api.cyk.com.co/api/auth/login,0,0,0
1781509494669,8664,Ingreso Usuario,Non HTTP response code: java.net.SocketException,Non HTTP response message: Socket closed,Ingreso-usuarios-muebles 1-140,text,false,,2980,0,113,113,https://compumuebles-sabana-api.cyk.com.co/api/auth/login,0,0,0
1781509495679,7654,Ingreso Usuario,Non HTTP response code: java.net.SocketException,Non HTTP response message: Socket closed,Ingreso-usuarios-muebles 1-27,text,false,,2980,0,112,112,https://compumuebles-sabana-api.cyk.com.co/api/auth/login,0,0,0
1781509494636,8698,Ingreso Usuario,Non HTTP response code: java.net.SocketException,Non HTTP response message: Socket closed,Ingreso-usuarios-muebles 1-168,text,false,,2980,0,111,111,https://compumuebles-sabana-api.cyk.com.co/api/auth/login,0,0,0
1781509494601,8733,Ingreso Usuario,Non HTTP response code: java.net.SocketException,Non HTTP response message: Socket closed,Ingreso-usuarios-muebles 1-182,text,false,,2980,0,110,110,https://compumuebles-sabana-api.cyk.com.co/api/auth/login,0,0,0
1781509494645,8689,Ingreso Usuario,Non HTTP response code: java.net.SocketException,Non HTTP response message: Socket closed,Ingreso-usuarios-muebles 1-46,text,false,,2980,0,109,109,https://compumuebles-sabana-api.cyk.com.co/api/auth/login,0,0,0
1781509495709,7625,Ingreso Usuario,Non HTTP response code: java.net.SocketException,Non HTTP response message: Socket closed,Ingreso-usuarios-muebles 1-116,text,false,,2980,0,108,108,https://compumuebles-sabana-api.cyk.com.co/api/auth/login,0,0,0
1781509489393,13942,Ingreso Usuario,Non HTTP response code: java.net.SocketException,Non HTTP response message: Socket closed,Ingreso-usuarios-muebles 1-161,text,false,,2980,0,107,107,https://compumuebles-sabana-api.cyk.com.co/api/auth/login,0,0,179
1781509495658,7677,Ingreso Usuario,Non HTTP response code: java.net.SocketException,Non HTTP response message: Socket closed,Ingreso-usuarios-muebles 1-147,text,false,,2980,0,106,106,https://compumuebles-sabana-api.cyk.com.co/api/auth/login,0,0,0
1781509495685,7650,Ingreso Usuario,Non HTTP response code: java.net.SocketException,Non HTTP response message: Socket closed,Ingreso-usuarios-muebles 1-139,text,false,,2980,0,105,105,https://compumuebles-sabana-api.cyk.com.co/api/auth/login,0,0,0
1781509489556,13780,Ingreso Usuario,Non HTTP response code: java.net.SocketException,Non HTTP response message: Socket closed,Ingreso-usuarios-muebles 1-101,text,false,,2980,0,104,104,https://compumuebles-sabana-api.cyk.com.co/api/auth/login,0,0,199
1781509495658,7677,Ingreso Usuario,Non HTTP response code: java.net.SocketException,Non HTTP response message: Socket closed,Ingreso-usuarios-muebles 1-155,text,false,,2980,0,103,103,https://compumuebles-sabana-api.cyk.com.co/api/auth/login,0,0,0
1781509495658,7678,Ingreso Usuario,Non HTTP response code: java.net.SocketException,Non HTTP response message: Socket closed,Ingreso-usuarios-muebles 1-6,text,false,,2980,0,102,102,https://compumuebles-sabana-api.cyk.com.co/api/auth/login,0,0,0
1781509489467,13870,Ingreso Usuario,Non HTTP response code: java.net.SocketException,Non HTTP response message: Socket closed,Ingreso-usuarios-muebles 1-52,text,false,,2980,0,101,101,https://compumuebles-sabana-api.cyk.com.co/api/auth/login,0,0,249
1781509489556,13781,Ingreso Usuario,Non HTTP response code: java.net.SocketException,Non HTTP response message: Socket closed,Ingreso-usuarios-muebles 1-167,text,false,,2980,0,100,100,https://compumuebles-sabana-api.cyk.com.co/api/auth/login,0,0,191
1781509494684,8652,Ingreso Usuario,Non HTTP response code: java.net.SocketException,Non HTTP response message: Socket closed,Ingreso-usuarios-muebles 1-104,text,false,,2980,0,99,99,https://compumuebles-sabana-api.cyk.com.co/api/auth/login,0,0,0
1781509489556,13781,Ingreso Usuario,Non HTTP response code: java.net.SocketException,Non HTTP response message: Socket closed,Ingreso-usuarios-muebles 1-85,text,false,,2980,0,98,98,https://compumuebles-sabana-api.cyk.com.co/api/auth/login,0,0,173
1781509495658,7679,Ingreso Usuario,Non HTTP response code: java.net.SocketException,Non HTTP response message: Socket closed,Ingreso-usuarios-muebles 1-115,text,false,,2980,0,97,97,https://compumuebles-sabana-api.cyk.com.co/api/auth/login,0,0,0
1781509495579,7758,Ingreso Usuario,Non HTTP response code: java.net.SocketException,Non HTTP response message: Socket closed,Ingreso-usuarios-muebles 1-16,text,false,,2980,0,96,96,https://compumuebles-sabana-api.cyk.com.co/api/auth/login,0,0,0
1781509495572,7765,Ingreso Usuario,Non HTTP response code: java.net.SocketException,Non HTTP response message: Socket closed,Ingreso-usuarios-muebles 1-63,text,false,,2980,0,95,95,https://compumuebles-sabana-api.cyk.com.co/api/auth/login,0,0,0
1781509501555,1782,Ingreso Usuario,Non HTTP response code: java.net.SocketException,Non HTTP response message: Socket closed,Ingreso-usuarios-muebles 1-181,text,false,,2980,0,94,94,https://compumuebles-sabana-api.cyk.com.co/api/auth/login,0,0,0
1781509494624,8713,Ingreso Usuario,Non HTTP response code: java.net.SocketException,Non HTTP response message: Socket closed,Ingreso-usuarios-muebles 1-125,text,false,,2980,0,93,93,https://compumuebles-sabana-api.cyk.com.co/api/auth/login,0,0,0
1781509495674,7664,Ingreso Usuario,Non HTTP response code: java.net.SocketException,Non HTTP response message: Socket closed,Ingreso-usuarios-muebles 1-48,text,false,,2980,0,92,92,https://compumuebles-sabana-api.cyk.com.co/api/auth/login,0,0,0
1781509489583,13756,Ingreso Usuario,Non HTTP response code: java.net.SocketException,Non HTTP response message: Socket closed,Ingreso-usuarios-muebles 1-33,text,false,,2980,0,91,91,https://compumuebles-sabana-api.cyk.com.co/api/auth/login,0,0,181
1781509495547,7791,Ingreso Usuario,Non HTTP response code: java.net.SocketException,Non HTTP response message: Socket closed,Ingreso-usuarios-muebles 1-53,text,false,,2980,0,90,90,https://compumuebles-sabana-api.cyk.com.co/api/auth/login,0,0,0
1781509489556,13783,Ingreso Usuario,Non HTTP response code: java.net.SocketException,Non HTTP response message: Socket closed,Ingreso-usuarios-muebles 1-186,text,false,,2980,0,89,89,https://compumuebles-sabana-api.cyk.com.co/api/auth/login,0,0,194
1781509489571,13769,Ingreso Usuario,Non HTTP response code: java.net.SocketException,Non HTTP response message: Socket closed,Ingreso-usuarios-muebles 1-103,text,false,,2980,0,88,88,https://compumuebles-sabana-api.cyk.com.co/api/auth/login,0,0,188
1781509489389,13951,Ingreso Usuario,Non HTTP response code: java.net.SocketException,Non HTTP response message: Socket closed,Ingreso-usuarios-muebles 1-119,text,false,,2980,0,87,87,https://compumuebles-sabana-api.cyk.com.co/api/auth/login,0,0,169
1781509489431,13909,Ingreso Usuario,Non HTTP response code: java.net.SocketException,Non HTTP response message: Socket closed,Ingreso-usuarios-muebles 1-62,text,false,,2980,0,86,86,https://compumuebles-sabana-api.cyk.com.co/api/auth/login,0,0,160
1781509489424,13916,Ingreso Usuario,Non HTTP response code: java.net.SocketException,Non HTTP response message: Socket closed,Ingreso-usuarios-muebles 1-185,text,false,,2980,0,85,85,https://compumuebles-sabana-api.cyk.com.co/api/auth/login,0,0,165
1781509494691,8649,Ingreso Usuario,Non HTTP response code: java.net.SocketException,Non HTTP response message: Socket closed,Ingreso-usuarios-muebles 1-42,text,false,,2980,0,84,84,https://compumuebles-sabana-api.cyk.com.co/api/auth/login,0,0,0
1781509495658,7682,Ingreso Usuario,Non HTTP response code: java.net.SocketException,Non HTTP response message: Socket closed,Ingreso-usuarios-muebles 1-114,text,false,,2980,0,83,83,https://compumuebles-sabana-api.cyk.com.co/api/auth/login,0,0,0
1781509489577,13764,Ingreso Usuario,Non HTTP response code: java.net.SocketException,Non HTTP response message: Socket closed,Ingreso-usuarios-muebles 1-197,text,false,,2980,0,82,82,https://compumuebles-sabana-api.cyk.com.co/api/auth/login,0,0,0
1781509489449,13892,Ingreso Usuario,Non HTTP response code: java.net.SocketException,Non HTTP response message: Socket closed,Ingreso-usuarios-muebles 1-58,text,false,,2980,0,81,81,https://compumuebles-sabana-api.cyk.com.co/api/auth/login,0,0,200
1781509489441,13900,Ingreso Usuario,Non HTTP response code: java.net.SocketException,Non HTTP response message: Socket closed,Ingreso-usuarios-muebles 1-105,text,false,,2980,0,80,80,https://compumuebles-sabana-api.cyk.com.co/api/auth/login,0,0,162
1781509494576,8765,Ingreso Usuario,Non HTTP response code: java.net.SocketException,Non HTTP response message: Socket closed,Ingreso-usuarios-muebles 1-76,text,false,,2980,0,79,79,https://compumuebles-sabana-api.cyk.com.co/api/auth/login,0,0,0
1781509489367,13975,Ingreso Usuario,Non HTTP response code: java.net.SocketException,Non HTTP response message: Socket closed,Ingreso-usuarios-muebles 1-44,text,false,,2980,0,78,78,https://compumuebles-sabana-api.cyk.com.co/api/auth/login,0,0,161
1781509489572,13770,Ingreso Usuario,Non HTTP response code: java.net.SocketException,Non HTTP response message: Socket closed,Ingreso-usuarios-muebles 1-84,text,false,,2980,0,77,77,https://compumuebles-sabana-api.cyk.com.co/api/auth/login,0,0,0
1781509495698,7643,Ingreso Usuario,Non HTTP response code: java.net.SocketException,Non HTTP response message: Socket closed,Ingreso-usuarios-muebles 1-148,text,false,,2980,0,76,76,https://compumuebles-sabana-api.cyk.com.co/api/auth/login,0,0,0
1781509495690,7651,Ingreso Usuario,Non HTTP response code: java.net.SocketException,Non HTTP response message: Socket closed,Ingreso-usuarios-muebles 1-15,text,false,,2980,0,75,75,https://compumuebles-sabana-api.cyk.com.co/api/auth/login,0,0,0
1781509471709,31633,Ingreso Usuario,Non HTTP response code: java.net.SocketException,Non HTTP response message: Socket closed,Ingreso-usuarios-muebles 1-154,text,false,,2980,0,74,74,https://compumuebles-sabana-api.cyk.com.co/api/auth/login,0,0,15211
1781509489408,13935,Ingreso Usuario,Non HTTP response code: java.net.SocketException,Non HTTP response message: Socket closed,Ingreso-usuarios-muebles 1-199,text,false,,2980,0,74,74,https://compumuebles-sabana-api.cyk.com.co/api/auth/login,0,0,179
1781509489473,13870,Ingreso Usuario,Non HTTP response code: java.net.SocketException,Non HTTP response message: Socket closed,Ingreso-usuarios-muebles 1-173,text,false,,2980,0,72,72,https://compumuebles-sabana-api.cyk.com.co/api/auth/login,0,0,215
1781509489437,13906,Ingreso Usuario,Non HTTP response code: java.net.SocketException,Non HTTP response message: Socket closed,Ingreso-usuarios-muebles 1-152,text,false,,2980,0,71,71,https://compumuebles-sabana-api.cyk.com.co/api/auth/login,0,0,157
1781509489415,13929,Ingreso Usuario,Non HTTP response code: java.net.SocketException,Non HTTP response message: Socket closed,Ingreso-usuarios-muebles 1-92,text,false,,2980,0,70,70,https://compumuebles-sabana-api.cyk.com.co/api/auth/login,0,0,172
1781509489463,13881,Ingreso Usuario,Non HTTP response code: java.net.SocketException,Non HTTP response message: Socket closed,Ingreso-usuarios-muebles 1-67,text,false,,2980,0,69,69,https://compumuebles-sabana-api.cyk.com.co/api/auth/login,0,0,194
1781509494643,8700,Ingreso Usuario,Non HTTP response code: java.net.SocketException,Non HTTP response message: Socket closed,Ingreso-usuarios-muebles 1-162,text,false,,2980,0,68,68,https://compumuebles-sabana-api.cyk.com.co/api/auth/login,0,0,0
1781509489425,13919,Ingreso Usuario,Non HTTP response code: java.net.SocketException,Non HTTP response message: Socket closed,Ingreso-usuarios-muebles 1-86,text,false,,2980,0,67,67,https://compumuebles-sabana-api.cyk.com.co/api/auth/login,0,0,166
1781509494605,8738,Ingreso Usuario,Non HTTP response code: java.net.SocketException,Non HTTP response message: Socket closed,Ingreso-usuarios-muebles 1-188,text,false,,2980,0,66,66,https://compumuebles-sabana-api.cyk.com.co/api/auth/login,0,0,0
1781509494577,8767,Ingreso Usuario,Non HTTP response code: java.net.SocketException,Non HTTP response message: Socket closed,Ingreso-usuarios-muebles 1-20,text,false,,2980,0,65,65,https://compumuebles-sabana-api.cyk.com.co/api/auth/login,0,0,0
1781509494575,8769,Ingreso Usuario,Non HTTP response code: java.net.SocketException,Non HTTP response message: Socket closed,Ingreso-usuarios-muebles 1-132,text,false,,2980,0,64,64,https://compumuebles-sabana-api.cyk.com.co/api/auth/login,0,0,0
1781509489556,13789,Ingreso Usuario,Non HTTP response code: java.net.SocketException,Non HTTP response message: Socket closed,Ingreso-usuarios-muebles 1-183,text,false,,2980,0,63,63,https://compumuebles-sabana-api.cyk.com.co/api/auth/login,0,0,183
1781509494662,8682,Ingreso Usuario,Non HTTP response code: java.net.SocketException,Non HTTP response message: Socket closed,Ingreso-usuarios-muebles 1-135,text,false,,2980,0,62,62,https://compumuebles-sabana-api.cyk.com.co/api/auth/login,0,0,0
1781509495674,7670,Ingreso Usuario,Non HTTP response code: java.net.SocketException,Non HTTP response message: Socket closed,Ingreso-usuarios-muebles 1-66,text,false,,2980,0,61,61,https://compumuebles-sabana-api.cyk.com.co/api/auth/login,0,0,0
1781509495522,7823,Ingreso Usuario,Non HTTP response code: java.net.SocketException,Non HTTP response message: Socket closed,Ingreso-usuarios-muebles 1-5,text,false,,2980,0,60,60,https://compumuebles-sabana-api.cyk.com.co/api/auth/login,0,0,0
1781509494641,8704,Ingreso Usuario,Non HTTP response code: java.net.SocketException,Non HTTP response message: Socket closed,Ingreso-usuarios-muebles 1-106,text,false,,2980,0,59,59,https://compumuebles-sabana-api.cyk.com.co/api/auth/login,0,0,0
1781509489455,13891,Ingreso Usuario,Non HTTP response code: java.net.SocketException,Non HTTP response message: Socket closed,Ingreso-usuarios-muebles 1-124,text,false,,2980,0,58,58,https://compumuebles-sabana-api.cyk.com.co/api/auth/login,0,0,200
1781509501562,1783,Ingreso Usuario,Non HTTP response code: java.net.SocketException,Non HTTP response message: Socket closed,Ingreso-usuarios-muebles 1-194,text,false,,2980,0,57,57,https://compumuebles-sabana-api.cyk.com.co/api/auth/login,0,0,0
1781509494678,8668,Ingreso Usuario,Non HTTP response code: java.net.SocketException,Non HTTP response message: Socket closed,Ingreso-usuarios-muebles 1-69,text,false,,2980,0,56,56,https://compumuebles-sabana-api.cyk.com.co/api/auth/login,0,0,0
1781509489473,13874,Ingreso Usuario,Non HTTP response code: java.net.SocketException,Non HTTP response message: Socket closed,Ingreso-usuarios-muebles 1-18,text,false,,2980,0,55,55,https://compumuebles-sabana-api.cyk.com.co/api/auth/login,0,0,0
1781509489446,13901,Ingreso Usuario,Non HTTP response code: java.net.SocketException,Non HTTP response message: Socket closed,Ingreso-usuarios-muebles 1-78,text,false,,2980,0,54,54,https://compumuebles-sabana-api.cyk.com.co/api/auth/login,0,0,184
1781509489556,13791,Ingreso Usuario,Non HTTP response code: java.net.SocketException,Non HTTP response message: Socket closed,Ingreso-usuarios-muebles 1-64,text,false,,2980,0,53,53,https://compumuebles-sabana-api.cyk.com.co/api/auth/login,0,0,187
1781509489413,13934,Ingreso Usuario,Non HTTP response code: java.net.SocketException,Non HTTP response message: Socket closed,Ingreso-usuarios-muebles 1-95,text,false,,2980,0,53,53,https://compumuebles-sabana-api.cyk.com.co/api/auth/login,0,0,171
1781509501569,1778,Ingreso Usuario,Non HTTP response code: java.net.SocketException,Non HTTP response message: Socket closed,Ingreso-usuarios-muebles 1-164,text,false,,2980,0,51,51,https://compumuebles-sabana-api.cyk.com.co/api/auth/login,0,0,0
1781509495658,7689,Ingreso Usuario,Non HTTP response code: java.net.SocketException,Non HTTP response message: Socket closed,Ingreso-usuarios-muebles 1-99,text,false,,2980,0,50,50,https://compumuebles-sabana-api.cyk.com.co/api/auth/login,0,0,0
1781509489571,13777,Ingreso Usuario,Non HTTP response code: java.net.SocketException,Non HTTP response message: Socket closed,Ingreso-usuarios-muebles 1-102,text,false,,2980,0,50,50,https://compumuebles-sabana-api.cyk.com.co/api/auth/login,0,0,193
1781509489379,13969,Ingreso Usuario,Non HTTP response code: java.net.SocketException,Non HTTP response message: Socket closed,Ingreso-usuarios-muebles 1-54,text,false,,2980,0,48,48,https://compumuebles-sabana-api.cyk.com.co/api/auth/login,0,0,172
1781509495576,7771,Ingreso Usuario,Non HTTP response code: java.net.SocketException,Non HTTP response message: Socket closed,Ingreso-usuarios-muebles 1-159,text,false,,2980,0,47,47,https://compumuebles-sabana-api.cyk.com.co/api/auth/login,0,0,0
1781509495520,7827,Ingreso Usuario,Non HTTP response code: java.net.SocketException,Non HTTP response message: Socket closed,Ingreso-usuarios-muebles 1-96,text,false,,2980,0,46,46,https://compumuebles-sabana-api.cyk.com.co/api/auth/login,0,0,0
1781509494581,8767,Ingreso Usuario,Non HTTP response code: java.net.SocketException,Non HTTP response message: Socket closed,Ingreso-usuarios-muebles 1-7,text,false,,2980,0,45,45,https://compumuebles-sabana-api.cyk.com.co/api/auth/login,0,0,0
1781509489433,13916,Ingreso Usuario,Non HTTP response code: java.net.SocketException,Non HTTP response message: Socket closed,Ingreso-usuarios-muebles 1-61,text,false,,2980,0,44,44,https://compumuebles-sabana-api.cyk.com.co/api/auth/login,0,0,158
1781509494637,8711,Ingreso Usuario,Non HTTP response code: java.net.SocketException,Non HTTP response message: Socket closed,Ingreso-usuarios-muebles 1-26,text,false,,2980,0,43,43,https://compumuebles-sabana-api.cyk.com.co/api/auth/login,0,0,0
1781509501563,1785,Ingreso Usuario,Non HTTP response code: java.net.SocketException,Non HTTP response message: Socket closed,Ingreso-usuarios-muebles 1-130,text,false,,2980,0,42,42,https://compumuebles-sabana-api.cyk.com.co/api/auth/login,0,0,0
1781509489484,13865,Ingreso Usuario,Non HTTP response code: java.net.SocketException,Non HTTP response message: Socket closed,Ingreso-usuarios-muebles 1-191,text,false,,2980,0,41,41,https://compumuebles-sabana-api.cyk.com.co/api/auth/login,0,0,235
1781509489556,13793,Ingreso Usuario,Non HTTP response code: java.net.SocketException,Non HTTP response message: Socket closed,Ingreso-usuarios-muebles 1-47,text,false,,2980,0,40,40,https://compumuebles-sabana-api.cyk.com.co/api/auth/login,0,0,174
1781509489556,13793,Ingreso Usuario,Non HTTP response code: java.net.SocketException,Non HTTP response message: Socket closed,Ingreso-usuarios-muebles 1-165,text,false,,2980,0,39,39,https://compumuebles-sabana-api.cyk.com.co/api/auth/login,0,0,192
1781509494635,8714,Ingreso Usuario,Non HTTP response code: java.net.SocketException,Non HTTP response message: Socket closed,Ingreso-usuarios-muebles 1-89,text,false,,2980,0,38,38,https://compumuebles-sabana-api.cyk.com.co/api/auth/login,0,0,0
1781509489458,13892,Ingreso Usuario,Non HTTP response code: java.net.SocketException,Non HTTP response message: Socket closed,Ingreso-usuarios-muebles 1-10,text,false,,2980,0,37,37,https://compumuebles-sabana-api.cyk.com.co/api/auth/login,0,0,0
1781509495556,7793,Ingreso Usuario,Non HTTP response code: java.net.SocketException,Non HTTP response message: Socket closed,Ingreso-usuarios-muebles 1-174,text,false,,2980,0,36,36,https://compumuebles-sabana-api.cyk.com.co/api/auth/login,0,0,0
1781509495700,7649,Ingreso Usuario,Non HTTP response code: java.net.SocketException,Non HTTP response message: Socket closed,Ingreso-usuarios-muebles 1-189,text,false,,2980,0,35,35,https://compumuebles-sabana-api.cyk.com.co/api/auth/login,0,0,0
1781509501554,1795,Ingreso Usuario,Non HTTP response code: java.net.SocketException,Non HTTP response message: Socket closed,Ingreso-usuarios-muebles 1-74,text,false,,2980,0,34,34,https://compumuebles-sabana-api.cyk.com.co/api/auth/login,0,0,0
1781509494674,8675,Ingreso Usuario,Non HTTP response code: java.net.SocketException,Non HTTP response message: Socket closed,Ingreso-usuarios-muebles 1-187,text,false,,2980,0,33,33,https://compumuebles-sabana-api.cyk.com.co/api/auth/login,0,0,0
1781509495529,7821,Ingreso Usuario,Non HTTP response code: java.net.SocketException,Non HTTP response message: Socket closed,Ingreso-usuarios-muebles 1-82,text,false,,2980,0,32,32,https://compumuebles-sabana-api.cyk.com.co/api/auth/login,0,0,0
1781509489579,13772,Ingreso Usuario,Non HTTP response code: java.net.SocketException,Non HTTP response message: Socket closed,Ingreso-usuarios-muebles 1-136,text,false,,2980,0,31,31,https://compumuebles-sabana-api.cyk.com.co/api/auth/login,0,0,188
1781509494652,8698,Ingreso Usuario,Non HTTP response code: java.net.SocketException,Non HTTP response message: Socket closed,Ingreso-usuarios-muebles 1-22,text,false,,2980,0,30,30,https://compumuebles-sabana-api.cyk.com.co/api/auth/login,0,0,0
1781509495723,7627,Ingreso Usuario,Non HTTP response code: java.net.SocketException,Non HTTP response message: Socket closed,Ingreso-usuarios-muebles 1-111,text,false,,2980,0,29,29,https://compumuebles-sabana-api.cyk.com.co/api/auth/login,0,0,0
1781509495573,7777,Ingreso Usuario,Non HTTP response code: java.net.SocketException,Non HTTP response message: Socket closed,Ingreso-usuarios-muebles 1-80,text,false,,2980,0,28,28,https://compumuebles-sabana-api.cyk.com.co/api/auth/login,0,0,0
1781509495658,7692,Ingreso Usuario,Non HTTP response code: java.net.SocketException,Non HTTP response message: Socket closed,Ingreso-usuarios-muebles 1-143,text,false,,2980,0,27,27,https://compumuebles-sabana-api.cyk.com.co/api/auth/login,0,0,0
1781509494591,8760,Ingreso Usuario,Non HTTP response code: java.net.SocketException,Non HTTP response message: Socket closed,Ingreso-usuarios-muebles 1-149,text,false,,2980,0,26,26,https://compumuebles-sabana-api.cyk.com.co/api/auth/login,0,0,0
1781509489572,13780,Ingreso Usuario,Non HTTP response code: java.net.SocketException,Non HTTP response message: Socket closed,Ingreso-usuarios-muebles 1-179,text,false,,2980,0,25,25,https://compumuebles-sabana-api.cyk.com.co/api/auth/login,0,0,190
1781509489428,13924,Ingreso Usuario,Non HTTP response code: java.net.SocketException,Non HTTP response message: Socket closed,Ingreso-usuarios-muebles 1-157,text,false,,2980,0,24,24,https://compumuebles-sabana-api.cyk.com.co/api/auth/login,0,0,161
1781509489584,13768,Ingreso Usuario,Non HTTP response code: java.net.SocketException,Non HTTP response message: Socket closed,Ingreso-usuarios-muebles 1-192,text,false,,2980,0,23,23,https://compumuebles-sabana-api.cyk.com.co/api/auth/login,0,0,184
1781509495672,7679,Ingreso Usuario,Non HTTP response code: java.net.SocketException,Non HTTP response message: Socket closed,Ingreso-usuarios-muebles 1-59,text,false,,2980,0,22,22,https://compumuebles-sabana-api.cyk.com.co/api/auth/login,0,0,0
1781509495706,7646,Ingreso Usuario,Non HTTP response code: java.net.SocketException,Non HTTP response message: Socket closed,Ingreso-usuarios-muebles 1-177,text,false,,2980,0,21,21,https://compumuebles-sabana-api.cyk.com.co/api/auth/login,0,0,0
1781509489459,13894,Ingreso Usuario,Non HTTP response code: java.net.SocketException,Non HTTP response message: Socket closed,Ingreso-usuarios-muebles 1-12,text,false,,2980,0,20,20,https://compumuebles-sabana-api.cyk.com.co/api/auth/login,0,0,0
1781509495548,7804,Ingreso Usuario,Non HTTP response code: java.net.SocketException,Non HTTP response message: Socket closed,Ingreso-usuarios-muebles 1-158,text,false,,2980,0,19,19,https://compumuebles-sabana-api.cyk.com.co/api/auth/login,0,0,0
1781509494633,8719,Ingreso Usuario,Non HTTP response code: java.net.SocketException,Non HTTP response message: Socket closed,Ingreso-usuarios-muebles 1-144,text,false,,2980,0,18,18,https://compumuebles-sabana-api.cyk.com.co/api/auth/login,0,0,0
1781509495711,7641,Ingreso Usuario,Non HTTP response code: java.net.SocketException,Non HTTP response message: Socket closed,Ingreso-usuarios-muebles 1-45,text,false,,2980,0,17,17,https://compumuebles-sabana-api.cyk.com.co/api/auth/login,0,0,0
1781509489572,13781,Ingreso Usuario,Non HTTP response code: java.net.SocketException,Non HTTP response message: Socket closed,Ingreso-usuarios-muebles 1-169,text,false,,2980,0,16,16,https://compumuebles-sabana-api.cyk.com.co/api/auth/login,0,0,0
1781509495583,7770,Ingreso Usuario,Non HTTP response code: java.net.SocketException,Non HTTP response message: Socket closed,Ingreso-usuarios-muebles 1-87,text,false,,2980,0,15,15,https://compumuebles-sabana-api.cyk.com.co/api/auth/login,0,0,0
1781509495512,7841,Ingreso Usuario,Non HTTP response code: java.net.SocketException,Non HTTP response message: Socket closed,Ingreso-usuarios-muebles 1-171,text,false,,2980,0,14,14,https://compumuebles-sabana-api.cyk.com.co/api/auth/login,0,0,0
1781509495528,7825,Ingreso Usuario,Non HTTP response code: java.net.SocketException,Non HTTP response message: Socket closed,Ingreso-usuarios-muebles 1-34,text,false,,2980,0,13,13,https://compumuebles-sabana-api.cyk.com.co/api/auth/login,0,0,0
1781509489584,13770,Ingreso Usuario,Non HTTP response code: java.net.SocketException,Non HTTP response message: Socket closed,Ingreso-usuarios-muebles 1-93,text,false,,2980,0,12,12,https://compumuebles-sabana-api.cyk.com.co/api/auth/login,0,0,182
1781509495569,7784,Ingreso Usuario,Non HTTP response code: java.net.SocketException,Non HTTP response message: Socket closed,Ingreso-usuarios-muebles 1-68,text,false,,2980,0,11,11,https://compumuebles-sabana-api.cyk.com.co/api/auth/login,0,0,0
1781509489556,13799,Ingreso Usuario,Non HTTP response code: java.net.SocketException,Non HTTP response message: Socket closed,Ingreso-usuarios-muebles 1-23,text,false,,2980,0,10,10,https://compumuebles-sabana-api.cyk.com.co/api/auth/login,0,0,173
1781509495681,7673,Ingreso Usuario,Non HTTP response code: java.net.SocketException,Non HTTP response message: Socket closed,Ingreso-usuarios-muebles 1-43,text,false,,2980,0,9,9,https://compumuebles-sabana-api.cyk.com.co/api/auth/login,0,0,0
1781509489583,13772,Ingreso Usuario,Non HTTP response code: java.net.SocketException,Non HTTP response message: Socket closed,Ingreso-usuarios-muebles 1-112,text,false,,2980,0,9,9,https://compumuebles-sabana-api.cyk.com.co/api/auth/login,0,0,183
1781509495697,7657,Ingreso Usuario,Non HTTP response code: java.net.SocketException,Non HTTP response message: Socket closed,Ingreso-usuarios-muebles 1-57,text,false,,2980,0,7,7,https://compumuebles-sabana-api.cyk.com.co/api/auth/login,0,0,0
1781509489412,13943,Ingreso Usuario,Non HTTP response code: java.net.SocketException,Non HTTP response message: Socket closed,Ingreso-usuarios-muebles 1-35,text,false,,2980,0,6,6,https://compumuebles-sabana-api.cyk.com.co/api/auth/login,0,0,166
1781509489556,13799,Ingreso Usuario,Non HTTP response code: java.net.SocketException,Non HTTP response message: Socket closed,Ingreso-usuarios-muebles 1-190,text,false,,2980,0,5,5,https://compumuebles-sabana-api.cyk.com.co/api/auth/login,0,0,193
1781509489397,13958,Ingreso Usuario,Non HTTP response code: java.net.SocketException,Non HTTP response message: Socket closed,Ingreso-usuarios-muebles 1-3,text,false,,2980,0,4,4,https://compumuebles-sabana-api.cyk.com.co/api/auth/login,0,0,176
1781509495658,7696,Ingreso Usuario,Non HTTP response code: java.net.SocketException,Non HTTP response message: Socket closed,Ingreso-usuarios-muebles 1-122,text,false,,2980,0,3,3,https://compumuebles-sabana-api.cyk.com.co/api/auth/login,0,0,0
1781509495526,7829,Ingreso Usuario,Non HTTP response code: java.net.SocketException,Non HTTP response message: Socket closed,Ingreso-usuarios-muebles 1-51,text,false,,2980,0,2,2,https://compumuebles-sabana-api.cyk.com.co/api/auth/login,0,0,0
1781509494662,8693,Ingreso Usuario,Non HTTP response code: java.net.SocketException,Non HTTP response message: Socket closed,Ingreso-usuarios-muebles 1-156,text,false,,2980,0,1,1,https://compumuebles-sabana-api.cyk.com.co/api/auth/login,0,0,0
